region,sector,total_final_demand
20.342,0.0534,167631.38280172678
0.001573,0.023429,40180.65075169321
75.054,0.017065,6440.681455495424
3.9167,0.0016991,54438.00409628702
12348.0,0.00024344,156389.280567461
661700.0,0.1448,64465.69098660071
394.18,0.04533,7657.176033383177
0.0001328,0.0007882,37469.604397233714
0.00014186,0.037041,20812.892342354844
2769.4,0.053024,19350.99018487697
1676.7,0.046708,30813.279481579186
20908.0,0.025202,177392.4655831546
92.09,0.028357,43719.424713978275
101.54,0.0020767,103181.4612033121
50160.0,0.11345,25631.632274843687
166260.0,0.28075,56109.00750545916
3.9718,0.05644,13664.663044833074
204380.0,0.3046,14259.505837992006
24995.0,0.068325,49895.24073328454
3.6881e-05,0.0097169,22910.433433530132
119280.0,0.063652,43565.86285608038
15.542,0.11055,51330.473077537994
526.69,0.25728,47990.46581021155
4.4452e-06,0.00011103,18644.855898951937
0.00022573,0.012367,40760.54934167736
1.0064e-05,6.1083e-05,821373.3943768322
0.00018786,0.0013236,66734.08736143328
0.00020295,0.00019891,363.91219763962107
0.040708,0.041553,61.347214303370365
0.00038268,0.00037535,4941.171744495771
0.00059995,0.00060623,2690.221087725715
0.0018138,0.0018432,22.744881402261303
0.00038268,0.00038359,150.8705552768247
0.0006134,0.00061792,356.798492051602
0.00332,0.0033823,136.81883067927288
6.7636e-05,6.4889e-05,5486.081377067342
0.002303,0.0013863,1556.7991874434185
1.2397e-05,0.00025546,1276.4083544423197
0.0003568,0.00035937,-893.7680961317753
0.011813,4.2721e-05,1157.1867800660816
4127.9,0.0038175,37519.69416841525
2352.4,0.017997,23555.998784384334
20906.0,0.016736,41646.17971436689
365240.0,0.1162,43974.59105234921
67649.0,0.004031,22962.38769820033
0.23524,0.03924,166523.4784916373
3.6828e-06,0.051716,89586.22931174118
3.3079,0.0018971,28350.281367987503
0.0035514,0.0017742,49784.143603531236
0.00025419,0.0071359,50972.12715676662
0.049572,0.0091826,262943.80602324643
0.036432,0.00086681,47589.12312923608
0.034535,0.00084307,30813.98088119845
739160.0,0.064289,253855.32690071757
0.00055902,0.31989,1575093.1426517533
0.0086794,0.01642,416749.4703905654
0.0005627,8.8128e-05,102951.31052820427
0.0022384,3.2977e-05,213924.85992299288
0.080221,0.0087256,206574.5340905997
0.00018872,0.0001546,152926.05121769616
11474.0,0.6088,455571.3899371119
0.23433,0.028451,106803.28075145256
42088.0,0.00063132,3547279.252489144
6.0779e-05,0.0022771,1158522.0760921536
5.8846e-05,0.0010928,241529.26169810927
0.00017946,0.0015155,74658.12646549422
0.00018075,0.0013493,-78707.72005738111
0.0001009,0.0007799,29458.386518944757
2.6492e-05,5.2987e-05,303668.7468628511
0.0016966,9.0141e-06,51967.03161670535
0.00022477,0.0001889,29170.299225463332
0.2436,0.00071395,265619.2296875404
0.50281,0.00065084,26986.74963875077
0.00055132,0.00077568,16181.595362093612
0.019184,0.0055566,297039.13144002657
3.7557,0.0016415,28554.98741872368
0.011077,1.465e-05,10233.637273546781
0.11335,0.00014994,3051.94822764327
0.083186,0.00011004,1309.0271966373405
0.001013,1.3371e-06,917.624209385206
0.016377,2.1663e-05,1973.2655938410892
1.1767,0.0015565,891.9537672254504
1.8803,0.0024873,4281.764807636556
0.008943,1.1829e-05,1621.6725142375888
0.071485,3.3152e-05,42918.13590479136
0.00011968,5.1997e-05,245105.90505796048
0.0080034,0.00043338,293194.31097537023
0.00037469,1.2749e-06,166220.56065639728
22630000.0,49167.0,6662196.091158931
1.5518e-05,3.0051e-06,121028.28454530123
0.65921,0.0029861,398110.91454283317
0.00014444,0.00096326,750901.2706300522
20313.0,0.018091,299123.1920551497
2413.4,0.045227,62055.661788597055
306.5,1.699,7752.527295107219
1298800.0,0.16171,2406.7734379563076
7.1914e-05,1.9752e-05,13524.880081633893
1.6718,1.1279,7057890.278002361
1.0465,1.1483,7427153.709141462
14291000.0,5.6508,12046137.750822172
167.58,0.51989,109316.7529668224
128.16,0.19783,270034.3784070515
85.825,0.1643,43540.11253120199
1.0247,0.0065638,2590681.0025151204
12.304,0.0086148,3333382.4681463977
55.929,0.0071036,893437.4327011516
113.41,0.00072813,3998.4634723312643
285200.0,0.23941,869912.4797731038
12755.0,126.43,554337.356746824
79878.0,1.7805,300098.4946796236
119.15,0.77021,388153.9759148243
13804000.0,187.07,1168148.2311928503
12136000.0,6699.9,1063141.706685193
125400.0,9.3709,824207.9062829682
123.77,5.3854,157763.14131074713
2277800.0,2232.6,1580825.0794636447
8485000.0,3979.3,2698335.8183915396
5097600.0,693.29,3294475.889819004
891760.0,263.3,321387.77390962356
2593600.0,0.28541,140991.77616653795
6.5595e-06,8.2981e-07,10539.989050214748
0.00031148,0.0021909,32849.301910700204
1.3409e-05,1.9508e-06,20205.932424900275
0.0036976,1.3954e-05,16203.23736646259
0.010408,5.2641e-06,128908.78746135237
32.88,0.016579,448912.74952767347
1.8891e-06,1.9189e-06,2421.4592772706897
1.1557e-05,1.1666e-06,21405.771381784238
3.3149e-05,1.5075e-06,51637.32931269435
3.5439e-06,3.7593e-05,23733.806807451274
0.00093802,1.7913,10614.042930407599
0.72444,0.0001447,72263.90263177545
7.7113e-06,2.7983e-06,12138.172850458472
0.14404,1.8506e-06,29927.979709514926
0.011978,14.931,42724.025590797995
5.3018e-06,1.2335e-06,10385.07748414955
3.0193e-06,2.4532e-06,4166.526621829752
2.6363e-06,1.0057e-05,4914.72566351008
0.049897,3.1494,9681.809375019076
0.10802,0.007255,15004.580069768997
4.7461,0.00044832,75507.50190967612
22.999,0.053798,68750.79045512681
1.7198e-05,0.00024502,92672.85306334852
7.3984e-06,5.7225e-07,58216.23878086454
3.3565e-06,2.3323e-07,4890.393474991779
9.791e-06,1.1876e-06,125586.9428049031
8.9304e-06,9.4972e-07,22154.11062635644
4.7245e-06,6.3208e-08,415.794339939775
1.1611e-05,1.0368e-07,-744.5655390096107
2.0777e-05,5.6507e-08,-301.0047807973973
1.6086e-05,4.4504e-08,-1769.6436752759812
2.6036e-05,1.902e-07,70.39880259222777
0.0016679,0.0017124,41703.87610723967
2.3917e-05,4.2249e-08,309.9047148972381
1.2591e-05,1.1666e-07,-15.79981685757522
7.1774e-05,7.4433e-07,4093.688806308633
1.4051e-05,5.6572e-08,15786.77954633987
8.8293e-06,3.3414e-08,-404.86357708479983
0.00014037,0.00012504,485.21841884658005
0.0086043,1.4399e-07,-792.999855654585
0.01765,5.4021e-06,21760.789956234512
7.5682e-06,1.37e-06,20952.179192664178
0.0028252,0.69331,18134.506084332406
2.3796,0.047972,13542.3180110702
13.068,0.19877,35734.0202029471
3.6971,0.00026577,58023.55768451961
16.121,0.00024922,40255.20866726263
24.958,0.030227,100244.5675374155
0.55216,9.0732e-05,46157.211498846715
13.89,0.0020051,184663.02809130136
14.764,3.1539e-05,107024.1898607344
0.015278,5.572e-07,68751.24505308739
0.017299,4.2092e-06,46355.10951438318
0.066464,0.00062073,164476.98441895546
193.36,0.00040983,335330.3302160175
0.14456,0.00028658,40352.33592303419
250.57,0.10718,577512.2817758275
0.00058936,5.9712e-06,187471.98052270702
0.017187,6.1764e-05,20218.027077363673
0.028073,0.0006774,25446.878103489347
0.17715,0.00010182,7692.794134739059
0.00046575,1.2417e-07,55075.74183755723
0.16597,0.00039422,445430.3405388037
2.8551e-05,3.574e-07,6141.956547418448
3.3859e-05,1.667e-07,9842.44597175028
5.7411e-05,6.1875e-07,16798.868607354154
9.5961e-05,8.658e-06,28688.74794991319
9.9237e-05,1.0988e-05,45369.42129873249
0.4107,0.09777,1453617.2407848942
0.11211,0.00016535,149155.21834475492
0.00097603,5.1787e-05,23847.274679227317
0.0033736,4.8886e-05,47670.680845031806
0.0044047,0.15675,18730.46709636072
0.0049102,4.2347e-05,49748.8250396232
0.002627,0.00026688,4130.011637814883
0.0015625,0.0018787,8279.476704557948
8.5442,0.01139,3000.6693181702058
9.2406,0.012319,9707.251896316191
6.2412e-06,5.9879e-09,743.5186880808029
1.0028e-05,9.8175e-09,35151.23518327285
77.919,0.10387,815.2943461873356
9.3959e-06,9.5033e-09,160.39955776661304
1.2152e-05,1.3311e-08,885.2138349586103
4.2348e-06,3.5882e-09,1182.7211364003813
0.22707,6.1922e-06,125826.64930083705
0.27406,1.3964e-05,3306481.7841457427
17.602,9.7597e-05,1270899.4658442826
0.033461,6.53e-07,557289.6539964468
1.966e-05,1.2872e-06,35781.46469934017
34.959,1.256e-05,2771390.767161542
0.0030771,0.00016325,432127.931879769
0.007873,1.2157e-05,224814.97737766427
8.814e-05,2.2934e-05,58252.965705027964
0.00010789,3.6548e-05,136739.35206109486
5.9997e-07,3.4098e-06,5561.649705064417
1.547e-06,1.1801e-06,5964.846031436245
0.004435,3.6928e-06,1205.3708663222717
2.9336e-05,9.6413e-06,2354661.4778734446
3.0023e-05,1.0899e-05,2373186.466670684
3.3627e-06,0.00010807,3518389.599757344
1.8876e-05,4.0675e-05,271355.91020821675
2.3147e-05,6.213e-05,153988.0450071267
1.1898e-05,4.81e-05,34419.9478836259
4.9727e-06,9.051e-05,112452.20548975158
1.6883e-05,0.0002701,247669.923984898
1.6905e-06,9.9737e-05,72394.45663023053
0.00010763,8.9822e-05,6618.519184162614
1.714e-06,8.5124e-05,663137.721634272
9.8994e-07,9.4737e-06,250549.59217140847
7.4916e-05,2.0473e-05,290104.54715295974
2.9715e-06,1.5375e-06,260729.69926124957
4.3213e-06,2.1708e-05,2509129.5049373466
0.00056902,9.0859e-05,5148105.5641216915
1.1612e-06,5.1491e-05,261058.99509333135
2.1236e-06,3.3161e-06,208634.46955503704
1.9111e-06,0.00012165,2617265.01700726
1.6865e-06,6.4327e-06,3094939.237097331
1.7731e-06,6.2058e-07,1992072.389344255
8.5838e-07,5.2276e-06,474167.5326829491
1.1771e-06,0.00083511,1747107.4912866645
1.5413e-05,3.5049e-06,43159.07837855015
2.2221e-05,4.0224e-06,15223.56126080216
1.3227e-05,0.062517,20987.41412264328
2.9416e-05,1.4921,12973.703204458287
0.0059532,6.7004e-05,109645.7379288654
1.5184e-05,0.11184,306556.5702291897
4.2964e-06,6.7531e-06,6421.322246092901
1.0368e-05,2.0889e-06,17920.430996768093
4.7749e-06,0.0019946,18589.04789520276
4.9371e-06,8.2843e-06,34862.95167051703
1.3318e-05,0.00055212,22654.09821095339
0.00042508,61.848,107864.28747142274
1.6517e-05,0.090826,28975.892192520874
22.98,0.006059,76664.80662593327
0.00036515,11.346,94316.58493034707
4.7889e-06,1.7108e-05,21760.43515307077
2.2242e-05,1.505e-05,45149.09303450861
5.6654e-06,1.6907e-05,14230.574864275852
8.8265e-06,0.23135,31730.71002183028
0.00012839,16.894,22679.876400713038
2.5077e-06,0.0079623,703521.2902230475
2.0863e-05,5.0159,98547.39500664792
3.5461e-05,2.5811e-05,21834.11066122743
1.0479e-05,8.7291e-05,62182.493902810085
8.1093e-06,1.3733e-07,10286.44611750067
3.9133e-06,3.5428e-07,25539.870338877052
3.4385e-06,3.94e-07,5899.698482046822
1.2713e-05,5.6769e-08,-2384.585551932249
1.1775e-05,9.1529e-08,8.153381505211927
3.8687e-05,4.7339e-08,-42.54095125148623
3.8237e-05,1.1326e-07,-116.74199057054618
1.9933e-05,6.9484e-08,72.41506724298526
1.9591e-05,1.2206e-07,-907.6774447749525
1.545e-05,5.4959e-08,66.87985664786393
3.3084e-05,5.2563e-08,214.1429310633019
2.4944e-05,1.1579e-07,11015.623859366115
0.00060837,0.038722,-6194.113998947522
1.0967e-05,4.4659e-08,-2642.2105298886677
0.16159,0.19388,-873.139150838297
4.1277,0.019186,3324.6113894119094
0.00021072,3.2284,81500.98191926036
4.0953e-06,5.4971e-06,63565.2311476097
4.1787e-06,3.7601e-06,44290.93490748993
1.6313e-06,7.5067e-06,288678.55060449365
1.5603e-05,0.00030894,83351.12967964585
0.0092221,254.31,298680.0552549535
0.56499,6.4189,138592.66588496152
0.0010725,7.5525,67023.59680860472
8.0736e-05,0.11445,35565.032629090085
0.054334,0.44332,128151.07032940033
184.12,0.49497,517699.53175584547
0.00010669,0.022669,114956.20188770299
0.00035539,6.7351,62034.08343523693
0.018593,1.4147,60224.91718245181
8.3624,0.010109,329520.0896137751
4.5933,0.045635,112081.40087599536
17.362,0.036386,1500542.005566219
0.00038492,2.4795e-05,127717.51647478146
0.0076624,0.0652,10658.638384589629
0.0057051,8.9597e-05,10802.26230643848
0.00050749,3.408e-05,60559.050164772576
0.00022897,8.4872e-08,24363.837956853047
0.00020033,0.00012222,66431.83344421325
6.9886e-05,0.00055674,14832.147127687194
8.5873e-06,1.4508e-07,2609.938150696485
3.4968e-05,1.7065e-07,10208.277384085153
0.0041269,0.050426,9846.260694656568
0.00024645,0.0024432,14728.779258940438
0.0032689,0.0022311,143964.0608616198
4.7062e-05,1.2826e-06,32486.535632426578
0.0015378,0.00017532,78228.59149240155
0.0015367,0.00043158,26081.339515427957
0.0018125,0.016446,6022.5603923622275
0.059116,0.001243,33115.84858052155
0.032117,8.1166,15492.016437929098
0.0071176,2.445,57061.66798862606
60.081,0.093419,748.0555752894201
0.065717,0.00010218,4793.9654432034295
1.6551e-05,2.2023e-08,2091.5345399711855
0.9463,0.0014714,588.4782516578025
0.9833,0.0015289,1266.8496921607532
1.0691e-05,1.274e-08,723.251825506657
2.1379e-05,2.6624e-08,676.7061436864999
0.0070867,1.1009e-05,4375.7515129362055
0.91415,0.0011189,220293.40129716767
0.021168,3.2011e-05,121167.19257869237
0.03865,0.0024658,144778.42884838034
3.9841,0.3395,43672.32398310031
2.5414e-05,1.4928e-06,41917.42761903357
0.53358,1.8625e-06,600494.4939605907
0.00092161,0.00047318,74159.83719353976
0.0025596,1.6645e-05,341839.97314668744
3.4305e-05,3.087e-05,63707.26123362227
7.7817e-05,3.5407e-05,88059.49066527514
8.3051e-07,2.6302e-05,14085.007990575965
2.2945e-06,2.1553e-06,48425.581192608355
0.017445,0.0019008,26022.10341997498
1.264e-05,9.9535e-06,1233431.6937954212
1.3573e-05,1.1194e-05,1653215.47093612
2.1262e-06,2.6548e-05,997726.4480988587
1.074e-05,4.4737e-05,385602.23089499184
1.185e-05,2.9857e-05,155358.45399613303
9.2253e-06,5.9364e-05,77745.90281435786
2.1349e-06,3.3305e-05,83713.73136825192
4.6745e-06,6.611e-05,154606.33470069012
7.5033e-07,4.2687e-05,168841.40725193746
6.4169e-05,1.4899e-05,3396.2552677224953
1.4323e-06,3.1295e-05,462909.2651883932
9.5512e-07,1.2006e-05,511771.5799493736
2.9076e-05,1.0979e-05,342974.47970053984
3.0776e-06,4.7585e-06,47039.9124685983
2.6807e-06,1.0396e-05,409037.7010162261
0.00012614,6.7499e-05,3831639.005719226
3.1606e-07,1.4737e-05,42234.13210368812
8.498e-07,1.2595e-06,63536.41258059256
9.5819e-07,7.4289e-05,1285284.406497229
1.0706e-06,4.892e-06,2993001.213609541
1.2746e-06,4.8339e-07,1982939.4923040946
6.3312e-07,4.4331e-06,424429.2622425913
5.4916e-07,0.00049359,476677.11748982745
2.1037e-05,1.0281e-07,18032.80458859099
7.4504e-06,3.5274e-07,75927.10976721217
1.3109e-05,5.1974e-06,36981.371436860136
0.0052999,231.78,81545.49077826335
0.00099998,3.9427e-06,1166768.7072304296
0.11351,0.28892,3842966.224629319
4.5923e-06,4.1572e-06,83902.52328181744
1.8492e-05,2.6228e-06,56128.27495730021
2.1967e-05,4.5047e-07,36627.521526763274
7.784e-06,5.9758e-06,265352.1067224914
3.6801e-06,0.015513,62531.440987502545
4.274e-06,0.011833,1788614.7320797106
3.4724e-05,1.2895,1620271.7416630487
0.024184,75.513,231611.4574535532
2.679e-05,0.043687,279292.27324538224
3.6561e-06,4.4081e-06,112900.72556097245
4.071e-06,3.6903e-07,3850.873956578364
7.2353e-06,1.0357e-06,16698.05818000844
9.9779e-05,4.4437,827079.1632069146
8.6161e-06,0.018363,26149.051206199412
0.31345,5.9708e-05,12773040.460360484
0.0088621,2.2605,5495786.165123175
7.4688e-06,0.427,1359875.5475437846
1.3671e-05,1.1404e-07,-15719.432845918252
7.976e-06,8.8522e-08,5028.572457532916
1.071e-05,2.1113e-07,13289.303887991837
1.7655e-05,1.7764e-07,32797.401790380165
1.4701e-05,2.265e-08,-11119.096636763441
8.1333e-05,5.2872e-08,-3846.2839472049886
0.0001011,1.7097e-07,91.13820743475195
4.7665e-05,3.599e-08,-111.7721251631239
0.00096449,1.8002e-06,18646.60710840788
6.9533e-05,2.4521e-08,32740.417833433083
3.2559e-05,9.6138e-07,1620.018808498173
0.00026849,4.5167e-07,4426.075003551777
0.00012315,4.4959e-07,3559.2738598707147
3.0333e-05,0.00015954,-6877.963574317414
4.5175e-05,1.0192e-07,-543.5794917969738
0.00024,0.00014948,-4510.3211841048
0.025572,6.3376e-08,16652.9618428944
3.2926e-05,0.083189,838758.2425591741
2.5573e-06,1.7449e-06,1243451.455613144
1.3958e-06,2.6837e-07,948373.2116346488
2.3324e-06,0.0049453,2932898.5074169235
2.9199e-05,0.0001812,1056310.559521465
10.841,0.012555,4603559.894801817
0.66894,1.2922e-05,349077.2568589203
0.00035066,0.28268,258192.6988263596
0.00091204,1.4996,709124.0935829679
0.89192,0.023523,561135.8350014598
120.11,0.00010014,1713865.384776316
4.976e-06,2.9671e-07,301006.6596552203
9.2229e-05,0.30859,658292.7198985073
3.2035,0.18993,2691524.076411597
0.73087,1.1534e-05,5386498.423157947
6.8535e-06,0.0081373,2208155.957205297
19.16,0.043203,39811632.00370814
0.025588,0.31599,4991909.786262711
2.2005e-05,0.00014436,61124.97306119528
0.0018983,0.058066,427527.21138809336
0.00033597,4.1025e-05,2351938.817572537
0.00060644,1.147e-08,54288.259606018604
0.14547,1.5501,8710551.260703314
2.3276e-05,1.5299e-07,37404.1836121991
3.4272e-05,7.3792e-08,501535.7702756801
6.9141e-05,2.0309e-05,14226.185406137083
0.0015232,0.016494,10601.048853960061
0.00024861,0.0026107,32247.087370258134
0.0024673,0.00021926,3130414.454205
0.00025512,0.00011314,5646972.061361478
0.0019326,0.00015169,626523.0036757914
0.0059613,0.0012089,3650320.9071065327
0.0072043,2.5166e-06,2195.066288503026
1.2712,0.00021105,172279.90928760398
0.0010539,0.0022882,4210.720128644025
0.00082783,0.0087734,-37080.890591024814
1.0174,0.0014458,156399.5258981802
0.025215,3.5826e-05,2952.160226332355
0.00098098,1.3878e-06,3011.844218769591
7.2469e-06,3.2184e-09,3500.838611626622
2.3144e-05,2.5683e-08,-1478.574854669337
6.5047e-06,4.5277e-09,35686.80686836616
0.18396,0.00026141,-760.9102486325113
5.5557e-06,2.7051e-09,15155.041520116785
10.534,1.1562e-05,1977301.289571436
22.84,2.1403e-05,1459348.520653527
4.2392,1.7709e-05,4257848.662493185
887.27,0.0025486,7809162.413960955
0.00011269,6.4159e-06,200978.87008071752
0.02442,1.2749e-06,150742667.88549998
0.018164,3.8107e-05,16867810.79009128
0.090527,0.00012116,16810920.117653817
0.0001192,4.1145e-06,7647853.048264446
7.1017e-05,2.5041e-06,2241792.53328898
8.3704e-07,6.2948e-06,3864242.5041976953
8.607e-07,2.0799e-07,1688661.3707508694
0.00057159,9.4108e-05,177881.17098575548
3.5938e-05,1.9414e-06,15318992.323819418
4.0065e-05,1.3682e-06,32154362.720438708
2.8833e-06,8.0464e-06,1728162.0756934807
1.4521e-05,1.4259e-05,3883123.000870895
1.1074e-05,4.2699e-06,61669.62469105118
1.9459e-05,9.2449e-06,67921.22708211488
8.4846e-06,1.7161e-05,2168135.334582791
1.2623e-05,2.6837e-05,3060765.95632794
5.0432e-07,6.7966e-06,3493164.2527194857
0.00011253,3.5389e-06,123008.83739945789
2.0742e-06,4.2257e-06,3838608.0391670153
1.1879e-06,1.3741e-06,2878292.4903844115
4.4708e-05,9.5671e-07,5054761.558653353
5.9319e-06,1.1417e-06,1038671.705309538
4.5009e-06,1.8901e-06,8984664.199639637
0.00047357,1.1365e-05,52742172.683705986
6.6587e-07,2.9514e-06,971394.9460301073
2.4734e-06,7.4201e-07,1200584.988619076
8.0168e-07,5.4423e-06,110424851.95694442
1.3242e-06,3.2575e-07,58185764.5796501
5.5216e-07,3.7129e-07,44485516.261523575
4.8276e-07,3.1223e-07,8881208.344766174
5.3132e-07,0.00021529,58088572.432120904
2.3203e-06,8.6745e-06,125148.105304483
3.0689e-06,0.0012014,24189.64850486106
1.6185e-06,1.9617e-05,259448.87245231227
1.5457e-06,2.0081e-05,628463.1577577882
0.0010981,1.6549e-05,311368.363272752
1.145e-05,0.18483,808205.7037177344
2.9687e-06,3.9377e-07,4349.202542068662
3.1211e-06,1.342e-07,4350.635398158158
6.9642e-06,1.0343e-05,31969.664222769017
4.8975e-06,1.6708e-06,15081.4981737165
1.9545,0.33471,436889.886503775
3.1651e-06,0.029474,354468.39600667055
4.1809e-06,1.7986e-05,69532.55342109205
5.3417e-05,0.0081909,96313.71537271536
7.9123e-06,0.00036711,2326.6645062008556
2.6596e-05,5.4741e-06,88535.46338016698
1.896e-06,9.4133e-06,121541.46621994629
1.0875e-06,8.7995e-07,1439.2385257769604
4.2314e-06,2.4462e-05,32052.898176654046
2.862e-06,8.4048e-06,29146.72596745734
1.1819e-06,9.2585e-06,2382869.4119376657
3.9589e-06,0.044867,-8711.089947267024
4.0572e-06,2.2745e-05,2098.530750892786
8.9252e-07,3.1466e-07,-2747.2209327168225
1.3777e-06,1.477e-06,367105.55869249534
1.0507e-05,8.166e-07,-17470.490811655392
3.1881e-06,6.6535e-07,-13466.488083940601
5.1671e-06,6.0557e-08,-148.79063605327133
9.4045e-06,7.3389e-08,-1115.1191884478433
3.1614e-05,1.1541e-07,-284.0769262007965
3.3005e-05,8.6221e-08,-658.6131774926718
3.1189e-05,6.8281e-08,-900.4660805650695
2.1619e-06,2.0791e-08,1203.8299488575256
1.8194e-05,9.5869e-08,-361.5942087819592
4.8975e-05,8.5947e-08,-373.2503317831631
1.8736e-06,2.9306e-08,3818.186068035937
6.9732e-06,8.456e-08,-382.09314948768883
2.0721e-06,3.0289e-08,10589.495277218835
0.037037,0.042055,-1367.4699779194436
0.0052199,2.1924e-07,-4562.288222866262
2.1192e-05,0.44921,137233.3463003861
4.809e-06,0.021903,220771.86381989752
8.2369e-07,0.0027816,756.4184908889978
2.1064e-06,0.041014,33998.30841462928
4.7589e-06,1.653e-06,233626.70278480012
3.5191e-06,0.046831,3187.1306633783065
1.6938e-05,2.1184,22786.946335996756
3.5195e-05,0.20009,15990.824965475187
0.00023994,0.55318,15776.202728609795
0.00071541,2.4879,16546.936037399086
0.0001713,5.5555,46003.31142228142
0.0332,0.0021724,46219.42862141004
3.1144e-05,0.2982,12227.576126561375
0.00011785,0.2797,618269.8793842247
0.093764,0.00020054,15633.209342503538
2.1903e-06,5.8123e-08,3920.7212085370597
0.16903,0.0016041,112782.11861273051
1.3103e-05,0.00028036,83681.37214833754
7.8998e-05,0.081151,14508.771343424873
0.0003193,6.0568e-05,10893.540471154196
2.9512e-05,1.2427e-06,15041.085198135896
5.1594e-05,1.4263e-09,367.52228512042086
0.00094988,0.017218,72057.51378583428
1.4062e-05,4.239e-08,2782.1073752580737
3.9305e-05,6.7892e-08,8025.199322264061
2.2545e-05,7.8666e-08,7961.355827301683
3.0221e-05,9.4349e-05,4116.076360767768
0.053534,0.62383,22175.124181612453
0.00034929,0.0082013,66363.07336154534
0.00015339,0.0001767,86630.25881343454
0.0004531,4.8239e-05,2676.967434197688
0.00021037,0.00020505,40115.939665349295
0.00042058,8.1792e-08,6772.789633555633
0.00032751,0.013912,31182.98725802896
0.0013059,0.0084969,10121.817686958011
0.00013464,0.0046623,62945.48377707643
10.626,0.015639,1940.3105455103066
7.9987e-06,9.7534e-09,11435.448244732775
0.090907,0.00013379,4640.906987527554
3.7694e-05,4.2741e-08,5183.043736302624
1.2395e-05,1.5586e-08,178.06555283096006
7.2181e-06,9.2967e-09,1517.8810206060355
6.3104e-06,8.1064e-09,1187.7025124575034
6.9414e-06,9.1207e-09,2202.3034129598063
0.00013691,3.3002e-05,64257.30308911465
0.026838,1.2221e-05,34751.16564883007
0.00055759,0.0128,122395.08651176417
0.00071539,2.6688e-05,5656.796998582954
6.6825e-06,1.0667e-06,12576.443913994292
0.02317,3.5522e-06,85405.78217406296
0.0005115,8.3387e-05,24006.05786366719
0.0061926,0.00165,37035.24152759592
3.1551e-05,1.9362e-05,31778.255840396785
5.3439e-06,1.859e-05,78170.8487855358
7.4357e-07,1.7121e-06,-705.8234367717182
5.6278e-07,3.5067e-07,221464.46489395815
6.6149e-06,7.0498e-06,8332.939002818659
5.2244e-05,4.4574e-06,729958.5759775355
4.7489e-05,5.2381e-06,756450.6594300821
9.9025e-07,1.9704e-05,171304.8695647852
3.6566e-06,3.6944e-05,49460.03522596102
2.9464e-06,2.0222e-05,5239.189223369877
5.4319e-06,1.834e-05,20965.920332442067
1.3925e-06,1.6082e-05,18425.35181873116
1.9101e-06,1.5066e-05,20077.96568018821
2.0078e-07,1.1185e-05,2147.142004629755
2.4409e-05,1.9996e-06,1160.7588341571202
7.1227e-07,1.2987e-05,189839.71659070696
5.0935e-07,3.9606e-06,323340.7827722201
2.6274e-05,4.3927e-06,141021.21892019387
1.7742e-06,5.2004e-06,209627.40717438556
2.8663e-06,3.5192e-06,175558.88764700416
7.5248e-05,2.4019e-05,1269997.6600939843
4.8426e-07,9.1712e-06,43449.46370726278
9.2685e-07,1.0439e-06,342071.9001263368
1.2524e-06,9.6653e-06,1174931.0752741252
1.4675e-06,1.4084e-06,988883.2108860877
5.0841e-07,2.2887e-07,1422868.943200811
3.9283e-07,5.7644e-07,282695.3077660862
4.2253e-07,0.00024722,149016.20398811714
5.8799e-06,1.4553e-07,9216.41185765755
2.2375e-06,1.0823e-05,30066.82604619982
2.5762e-06,0.0097771,6195.8209241466475
1.9521e-06,0.0078383,262325.1778231389
0.00078187,0.044748,45685.465008577245
1.1142e-05,0.3006,2063920.8021138636
6.7268e-07,8.8286e-08,878.3587053052541
5.2325e-06,0.13751,68161.36688668096
1.1665e-05,5.6324e-05,414918.14937168814
1.7839e-06,0.01372,2733.0825601084744
2.1057e-06,0.00026438,2998.6229663150993
3.531e-07,0.01287,6622.862926290806
1.268e-05,6.7804e-05,78501.32214552398
5.4697e-05,0.058387,32301.690794110127
1.2928e-05,5.9715e-07,4763.985025164265
5.7411e-06,0.32022,42120.31060110034
2.0633e-06,1.8928e-07,3095.4028646185684
1.6408e-06,4.6161e-07,2436.674499043084
4.2021e-06,0.010535,6852.2530861144405
2.4086e-06,0.0030482,64943.58042330149
7.2225e-07,1.0988e-05,3255246.348837532
2.7759e-06,7.8152e-05,109782.00545020563
4.6682e-05,0.00011016,65224.492595948606
0.0059247,1.1189,69825.70802889363
2.4016e-05,2.5716e-06,63479.70746870616
0.00051717,0.0044008,103026.72584070769
8.3446e-06,1.3145e-06,93372.93010221861
0.00010578,7.9659e-07,1993.6568053457763
6.588e-06,6.8491e-08,29.253495168282537
1.8125e-05,5.0248e-08,767.4781314385324
2.677e-05,1.9803e-07,441.14985200082964
6.0974e-06,1.5026e-08,536.4785411384823
5.9571e-05,3.3959e-07,952.5898063942599
8.2739e-06,5.4433e-08,59.887824505602964
8.1244e-06,5.4167e-08,57.3307253742027
7.9432e-05,6.3403e-07,30347.962207273704
7.6873e-06,3.6494e-08,55.95426641118548
2.5346e-05,1.8351e-08,338.217354834195
3.395e-05,1.5494e-05,3175.596869558446
0.014444,7.4528e-07,39869.27772477974
8.1338e-07,0.0012388,2058.6302155573135
8.8738e-07,4.0667e-08,2115.0316570219625
1.436e-06,0.0034854,1970.2260744969644
6.3322e-07,0.00063121,2651.9740724697176
2.2741e-05,0.02086,4063.0738588392906
6.4325e-05,0.90206,59822.02876136537
5.99e-06,0.1953,11854.254969772712
5.3479e-05,1.3371,394452.76112408907
9.9516e-05,0.39064,21165.38035499752
0.00070096,0.044193,7484.228399978124
0.00016513,1.0305,10802.296619525345
1.9839e-05,0.00069953,14502.578687543348
1.3686e-06,0.00040563,3220.0465046082586
2.4664e-05,0.023875,34850.51296802653
0.00057761,0.35382,2090553.4619815461
3.7794e-05,0.18388,4970.005257302633
0.0079899,0.0014984,135773.95117477328
0.0001247,0.006902,80127.50517891813
7.4828e-05,0.051859,14378.139422392334
0.00038019,0.0011517,23141.504146077037
9.5956e-05,0.00011988,39312.60784944514
0.00015246,3.8787e-08,16124.258444584395
0.00072611,0.00062941,153071.39385702802
2.0845e-05,1.5158e-07,4514.264328610047
4.8697e-05,6.9498e-07,13887.358061988012
9.8027e-05,8.1538e-07,75040.55705611172
0.0077174,0.096987,5036.353704265977
0.00010691,0.00044702,16364.76017425108
7.4698e-05,6.6737e-06,40790.03392302648
1.9589e-05,7.2977e-07,5184.535612756238
0.00045805,8.9539e-05,9125.7823249015
0.016473,0.75249,14020.632390159855
0.00014286,3.2476e-08,434.4559412785733
0.00021132,0.020116,1878.216196343992
0.00013851,2.7062e-08,1159.1769016498451
0.00027213,0.047868,464.63443315160515
19.937,0.031657,9034.819973133348
0.766,0.0012163,14552.22228464975
0.4967,0.00078869,5704.087562657906
2.2853e-05,3.3839e-08,258.3124657511427
3.7679,0.0059829,6080.675749796065
1.8417e-05,2.4557e-08,942.6652307625341
1.1685e-05,1.6442e-08,317.6932474034582
1.6672e-05,2.1293e-08,861.2139121471622
0.1982,0.002207,228703.49122938412
0.033794,1.6131e-05,325300.71328553266
0.00055519,0.0014961,91964.37490842697
0.39548,0.046888,29761.901994256154
6.341e-06,1.5573e-06,10040.318833708205
0.036637,7.7976e-05,209224.34004217153
0.00050068,0.00020566,58958.94075067484
0.00014636,0.0017318,126726.95694101941
3.0804e-05,1.0889e-05,5581.1332294749855
6.802e-05,1.9575e-05,24379.07937657531
4.8993e-08,1.5703e-07,34.861932796947436
4.2011e-07,4.3408e-07,349.23541299143324
0.014085,0.014221,36616.55106575869
1.3596e-05,4.5465e-06,3227443.7608922967
1.5147e-05,4.8627e-06,4039878.6369573143
9.8521e-07,0.00022357,17974651.06804531
4.44e-06,2.5359e-05,11157.672657530326
2.8017e-06,1.9581e-05,6788.236697367083
3.6788e-06,2.461e-05,9162.930532190403
1.4739e-06,2.7742e-05,26008.82624732028
3.6339e-06,5.5077e-05,46722.31297149974
4.0129e-07,2.6023e-05,10808.922270565348
1.1591e-05,6.6508e-06,1673.007755382942
9.5618e-07,0.00014477,6129518.397943264
3.2773e-07,4.4259e-06,27254.343044318153
1.7851e-05,7.5859e-06,69014.91022331921
1.1892e-06,2.9356e-06,10151.039635568746
1.3823e-06,1.313e-05,1093392.5901131234
0.00023797,0.00013855,3682637.3946172064
3.1364e-07,1.3275e-05,30221.297877136458
3.3939e-07,9.2734e-07,7417.964416254045
6.7456e-07,3.5669e-05,7182140.344642816
8.0346e-07,3.7772e-06,2031042.8178317677
8.0185e-07,3.2365e-07,1286111.4683562412
2.8172e-07,1.8458e-06,197516.36572011746
3.1871e-07,0.00028574,1543848.033816103
8.5365e-06,1.0792e-06,107671.1652824149
4.8612e-06,0.00040913,8622.546211601093
1.4722e-06,2.7032e-08,3933.017485410592
3.6319e-05,0.0061546,10003.820076013295
0.0049842,9.4645e-07,48600.71262829943
0.038964,0.001057,84745.0355893093
2.0814e-06,1.3924e-08,6076.923533458827
3.5449e-06,1.729e-08,10244.968415137777
1.2605e-06,2.4826e-09,3898.748012166048
3.8581e-06,3.5607e-08,30133.310174086757
0.18874,0.047688,50987.151249584684
1.7122e-05,0.0020383,66132.05247130881
1.1059e-05,0.0012887,61987.287382969495
0.47543,0.0010534,45139.47577613929
3.5749e-05,0.0010555,70745.69963842281
7.4763e-06,2.3428e-06,346776.9271698481
7.5562e-07,3.0776e-09,523.5254177710362
1.6758e-06,1.7707e-09,5959.631694978521
4.1725e-05,0.0061487,136024.67845177895
5.357e-06,0.00032035,17916.166657821897
7.0685e-07,4.4834e-10,7472.639703257123
9.0582e-07,4.3777e-09,2356.1879251394403
1.8484e-06,8.933e-09,4510.265586500939
1.0514e-06,5.8213e-10,90017.96245152631
2.677e-07,1.5367e-05,129614.91922608463
2.2751e-06,8.2838e-10,99772.53188297212
8.6919e-07,1.2353e-09,240600.33393645711
2.3655e-06,1.6077e-10,1437.3706625429293
2.0918e-06,1.4896e-09,19508.739981682433
2.3159e-06,1.1605e-10,772.4564123279698
5.5212e-06,3.9739e-10,3656.2818720491314
1.916e-06,1.2826e-10,1075.2158870404871
5.1884e-06,2.419e-10,1560.7531180816795
6.262e-06,2.8256e-10,1792.3363976513697
5.4236e-06,2.5876e-10,1876.1453175906959
6.8341e-06,9.311e-07,2771.2936357008202
5.9879e-06,0.0006455,3936.8710430483056
4.3795e-06,2.7049e-10,2453.782305479852
2.4386e-06,0.0013865,4270.4454841771185
0.0073815,1.6357e-09,793.7546752260292
0.0002508,0.068519,45687.59141212058
1.0047e-06,1.3852e-09,3798.58703957564
6.8359e-05,0.0058352,10164.974953376257
1.9526e-06,4.5898e-06,6291.306319313862
0.00025622,0.0022101,24559.755580048546
0.0043903,0.011373,14851.426206600687
0.30054,0.10847,28921.519625804493
0.00085299,0.076836,11512.187982043468
0.00014763,0.0054122,5953.78244223122
0.00063608,0.063864,2941.0210255259617
0.00015382,0.033876,8490.638403057495
3.7947e-06,2.9614e-05,3191.7322834242354
5.5254e-07,6.8536e-05,640.9892695630332
0.00945,0.51528,83873.20059245534
6.2605e-05,0.013412,2918.7138413818075
1.5547e-05,0.0017552,33817.0804749203
0.0072007,0.019557,207109.5377124543
0.013973,0.037242,106384.25150937616
1.3201e-05,2.0392e-08,14090.865578096551
5.4029e-05,0.048561,3158.9403051198956
2.8688e-05,2.314e-09,809.1381294967684
0.00013478,1.6937e-10,-1654.6180234334358
0.00015457,1.9423e-10,-12441.012688824774
1.6892e-05,3.8071e-09,1681.9497868802616
1.6592e-05,3.4427e-09,-1169.6814263593535
1.6541e-05,2.9017e-09,-6444.875794079665
2.2652e-05,0.00035133,-2110.6738058505794
2.2381e-05,2.653e-05,-1020.2675722087619
6.0749e-05,1.0668e-06,-78837.96697884034
2.045e-05,5.7589e-09,-583.7830364952532
0.00041321,9.0282e-05,8740.655820607548
0.0012476,0.00086192,19673.03079369809
0.00056612,4.3848e-06,1117.8031779093635
0.00032831,0.0003367,2059.8470320190486
0.001137,0.033454,3137.488966413079
0.00014612,0.00072712,9071.165719339708
5.5928e-07,0.0,-1392.9650467254776
8.4002e-07,1.1844e-10,-10946.18821202094
7.003e-07,0.0,-11521.410762193118
1.2091e-06,1.7048e-10,-83.98822331678124
8.4925e-07,1.1975e-10,-7551.063347745155
1.121e-06,1.5807e-10,-120.78827586557732
1.4634e-06,2.0634e-10,86.86134727734053
1.3531e-06,1.9078e-10,-19.010978294130627
8.2799e-05,6.5628e-05,-28714.655834422443
1.1689e-05,4.7351e-05,-10074.432696996902
5.0232e-05,1.2336e-09,-916.0138188623911
3.9899e-05,0.0,710.6943522307976
8.0477e-06,1.6537e-10,3745.7187970018713
1.6201e-05,0.00039631,-14224.256787299099
0.00045109,0.0044284,-26405.4846654563
1.6289e-05,0.011319,-64173.99494374166
2.7177e-05,6.8439,19166.768164778747
3.8548e-05,7.4159,5784.539047731415
4.1812e-07,8.658e-09,25470.462254918664
2.7231e-07,8.1065,12094.147124349232
5.3702e-06,497.88,29305.425866107107
2.8038e-05,5.0429,1190097.5329491904
2.8913e-05,53.991,1424435.015491046
3.2089e-07,45.383,1663595.3164839456
110.49,10.325,211269.55729022998
54.64,5.0833,132165.2567746473
23.432,2.5274,217266.34338705172
7.6152e-07,0.17725,16755.21672846877
2.0752e-06,27.628,35886.53620855143
148.34,29.288,108308.97064808744
9.227e-06,7.9815,1621.5519127132152
4.629e-07,1.3951,543594.5431836025
1.8491e-07,1.2334,67446.55349353816
8.9367e-06,121.91,39272.603497533004
4.8456e-07,45.144,359693.51919998985
1.3419e-06,5.0786,94907.16935168703
3.7219e-05,2.6582,2882336.5655081137
253.45,471.4,374713.87810232706
143.48,40.976,194622.74467714294
222.37,7575.1,944737.7711105903
7.4404e-07,1.0763,472126.88865277177
2.4712e-07,25.132,1252488.5359876323
8.0844e-08,36.497,99154.94598022285
1.9006e-08,489.67,1881456.6945242167
1.0487e-05,4.7937e-06,183070.80100937674
3.023e-05,0.40689,35778.56372290826
0.0041053,599.38,88079.28197926815
7.8335e-06,0.0020307,87757.59482026844
0.020016,0.84377,820554.9772929634
0.00027634,7.8584,449996.57805534493
5.0432e-06,1.8656e-06,35552.35440968552
0.0018176,198.7,58558.15667367691
1.2583e-05,0.3479,99466.62198226
1.7182e-05,2.0192e-06,37592.30512226518
0.01638,142.11,125646.4998196798
0.0011289,139.54,73258.43513281114
0.0044835,334.34,35935.831214757454
500.23,0.084084,629667.6493591928
0.0005983,9.4574,125693.57400608473
1.4923e-05,2.6517e-06,200501.43744788168
5.2494e-06,0.40414,13412.336741361327
5.7604e-06,3.1231e-06,21120.979068528173
1.4463e-05,3.6726e-06,215631.69930642168
0.0027986,195.77,734369.2147947463
0.0049751,86.831,53909.36126791216
6.5557e-06,0.92763,199975.83920532247
1.3144e-05,7.1202e-06,117502.44651519824
2.4741e-05,0.013207,912659.0124783326
1.4818e-05,0.015469,182891.6895193877
3.1936e-05,5.9389e-06,38920709.29137424
2.4494e-05,6.086e-06,5544509.44040062
2.3013,2.7837,24477.808341094573
4.4916e-05,1.0842e-07,-3631.250917647633
7.118,8.6103,-6311.124942959855
2.4042e-05,2.3039e-07,10406.943916093825
1.7244e-05,9.7345e-08,-5229.62174178072
1.2049e-05,7.4806e-08,-6193.3415755834785
6.2911e-05,1.3446e-07,33749.97405539458
7.5298e-05,1.275e-07,7560.106883202577
0.057219,0.069209,8649.864114865839
0.031665,11.768,48524.48480421852
0.047799,17.043,22671.68305483154
0.40588,0.49096,3550.785943951092
278.87,1.3074,3952240.302096849
0.0023188,27.693,293225.4493444628
2.117e-05,4.8484e-06,86914.01007643818
0.0043908,18.111,65267.85221580362
5.3641e-05,0.0021821,991609.8826893381
0.10757,122.54,1725815.1825832536
0.00027168,4.77,668309.3068749502
0.22021,0.027601,160262.71906890316
0.0032229,27.583,279792.06306433695
0.0029035,0.20172,24932.01843054888
4.6118e-05,0.021292,9465.53669826892
0.0014546,0.0086332,187666.8798771526
0.10761,0.43274,155795.4402189652
0.00015666,0.083898,108143.13684986522
0.00019118,0.0016229,1404242.599398016
0.0042906,0.014086,187408.08120163082
65536.0,0.10411,3714609.1645148788
1.7375,0.00454,968706.1937422135
0.00018238,2.4818e-05,125725.52475148138
0.00013916,0.14911,28072.091213924574
0.00030656,0.00022717,38217.33086199144
0.012665,0.00086411,747350.0236247107
0.00039191,1.5375e-07,4487123.6055655265
0.0030436,0.0047576,6046809.604529328
0.58283,2444.7,214615.9501875933
0.013691,52.992,45448.017230821264
4.6794,58.173,803997.7217536423
0.083666,1.0396,43988.27838925939
0.00065055,0.0076848,7003.550096734949
0.00025467,0.0082504,108702.81285712334
2.9302e-05,1.273e-06,91814.21517232349
0.0003356,9.6417e-05,42567.87193238998
0.00047672,0.00017739,46081.819318643116
0.0010622,0.0026959,3972.7146002566656
0.00076306,0.0031624,20988.736665901513
0.00087866,0.00041235,4274.320553423732
0.00039114,0.00024659,9748.301408994232
1.7887,0.0028035,22924.916904273003
0.073546,0.00011527,4085.7058272537947
56.865,0.089128,50960.71219498462
0.0048287,7.5616e-06,16551.367787336498
363.03,0.569,4920.444539538949
427.18,0.66954,14615.3899128931
20.372,0.03193,24770.436097493097
8.7264,0.013677,125673.77878933848
0.002607,0.00015275,4395856.918211834
1.4247,6.7688e-05,5531327.140163719
11.874,0.0012101,2405745.6741434103
0.012829,7.3985e-05,1972671.7651592735
1.7625e-05,8.5259e-06,1321534.6632410372
12.073,0.00016531,9530399.981999986
0.00064675,0.00041,1460067.3657556418
2.6729e-05,2.9111e-05,2390910.0122222356
0.00012164,0.00022704,440206.6859189256
7.6064e-05,0.00011634,123523.1497274827
5.2606e-07,1.9491e-05,1104457.0914161827
4.5873e-06,4.8561e-06,733801.3223218423
0.10531,0.00042901,255200.74363668947
4.2095e-05,5.0505e-05,20885256.69264834
4.2665e-05,5.9308e-05,25209770.195616804
4.8318e-06,0.00015831,56090748.85244467
3.077e-05,0.00046908,3727519.8691479503
5.0398e-05,0.0010954,3585841.5576232723
1.352e-05,0.0001041,193151.27959896257
1.3486e-05,0.00083019,1789312.364616811
3.3054e-05,0.0012446,3195964.78816501
4.4668e-06,0.00032754,528677.0287863923
4.869e-05,2.6066e-05,79633.27593340511
1.665e-06,7.3769e-05,13500143.643231615
1.0389e-06,1.4528e-05,460113.6132250683
8.4332e-05,1.4513e-05,2826354.6503799814
2.816e-06,5.9348e-06,1575856.7333330575
3.1199e-06,4.2614e-05,9791371.709578052
0.00016432,0.00016945,56987320.04529993
9.0766e-07,4.501e-05,657013.0463886076
1.64e-06,7.5091e-06,755974.6966807316
1.5463e-06,0.00012071,46070809.3118338
2.3204e-06,1.4122e-05,13834123.697134972
3.3125e-06,1.1226e-06,12976924.7596728
7.4243e-07,6.0958e-06,2201439.966914976
1.3637e-06,0.0014104,6423329.474807691
0.10347,2.772,1663854.3755887046
2577.9,0.0049618,3265321.1431186115
0.17201,5.7411,339121.3104354219
1781.0,0.00025233,1387151.6028362676
0.16569,7.3423e-08,609526.4777735117
824.18,0.00051589,5367894.849495689
0.0003063,4.5346e-08,140387.60299012493
52.532,7.4548e-05,328612.7555695465
0.0083977,1.8064e-05,140494.57021164076
0.012554,0.65521,3053445.7274348103
292.45,5.1194e-05,317424.19691005145
2576.6,0.0026331,1796583.3271739362
10.225,0.023842,158239.4931246814
362.76,6.2986e-07,594785.941399315
0.0019396,0.012133,742123.0891501172
0.00023247,8.8168e-08,507393.3617806272
0.00028258,1.4566e-08,228076.59977704685
0.00017265,8.4884e-09,78771.43690943473
0.00027212,6.863e-08,364833.19872588594
7.7048,0.00031167,290916.390552393
109.81,6.9043e-06,219889.72908205626
3.0791,0.86339,510274.2939020566
40.816,14.796,634128.0765369443
0.00011679,6.3721e-06,3384133.2799062515
7.9036e-06,2.1886e-08,2173254.8919018013
0.0005355,4.4813e-06,206244.2328161241
6.1564e-06,1.0076e-08,131735.13851574648
0.00092127,0.0,99531.84572570615
0.00042547,0.0,11904.173351309253
0.00073302,0.0,29367.869925083243
0.0005897,0.0,17911.81148773091
0.00087067,0.0,35469.46194323309
0.00050843,0.0,32300.219411149243
0.0003492,0.0,13801.33370478769
0.00047602,0.0,18372.662748477793
0.0027694,0.0,145823.25698028223
0.063115,0.0,22529.72361176227
0.0043374,0.0,-3453.798240422968
3.038,0.0,96604.7494501425
0.0,0.0,53100.13041935883
9521.3,0.0030012,16658413.256276475
161.21,0.00068778,818316.0709052406
0.041571,8.9316,3254599.2208733885
18.465,0.00025003,9525825.585493006
2922.0,0.0015193,1669096.197890211
131.16,0.014672,1208610.8757666117
168.88,0.0020338,1366470.0923643939
1.5475,0.00035287,445594.1626123011
6.4203,6.9604e-05,700683.6845822763
0.35709,0.00061563,737009.6321325055
1881.0,0.0012923,1899133.0299279331
9823.4,0.00010295,1193737.1345516855
33026.0,0.0014631,6440801.0017266
305.35,0.0009221,8219142.316460985
460.24,0.00096256,6625883.95603731
1789.1,0.0013179,2385182.3103662184
28.002,0.00034645,4748113.117257369
0.026169,1.2734e-05,310800.63249322935
4.1107,1.4047e-05,441729.32630363875
0.0011178,0.0014321,567881.8293958297
0.1196,0.003841,3099731.8207476363
8.7896e-05,4.8543e-08,1468067.7252799657
302.49,3.9815e-05,9068752.315482477
0.00024369,1.3414e-08,217374.3653861181
0.00016959,1.3805e-08,83567.41712614283
0.0011981,4.4723e-05,143769.66186860992
0.0067951,0.0003163,93816.31540374173
0.002084,9.116e-05,84590.18988005447
2.2966,0.0030281,16333252.997338485
1.5987,6.3992e-06,5214432.795167302
0.94379,7.2276e-05,1149766.814991083
0.14091,0.00024792,929240.8477396801
25.804,8.3468e-07,268017.17679611826
19.133,3.506e-07,129313.65733197595
21.59,1.0841e-05,300633.9126058634
27.391,2.3516e-05,328897.68442348315
5.311,7.1947e-05,314305.1589039084
2.3605,0.0084334,18524.348502621975
1.1581,0.00057018,6970.101350804357
4.426,3.4068e-09,27146.827511790256
2.5094,2.5825e-05,13950.458753131852
1.24,1.6229e-05,8647.160884661953
1.355,5.0988e-10,7928.460417593529
2.0092,0.0038858,13871.357369156087
1.1339,0.00013689,3071768.8741252623
10.227,0.00037531,6311778.474596667
14.272,0.00015692,12220988.606152227
66.4,0.0013216,701107.117406938
0.00013133,0.001102,1200822.6352698144
1.0747,0.00063388,4313864.65533154
95.161,0.0021812,3320231.6358301393
0.46219,0.0001669,2738092.476455801
58.655,0.00088801,4805171.807969763
42.685,0.00034318,3496744.8744317954
0.0,0.0,663746.0514031905
0.0,0.0,803255.7385182055
0.0,0.0,634507.561993387
0.0,0.0,15317000.000942552
0.0,0.0,21619000.000772346
2321.5,0.084565,81594604.25858998
3.0706,0.0040279,4080278.040619417
2.9434,0.0031804,4019060.763924348
1.0283,0.00017071,1555462.9478048938
0.0034173,0.00019685,24764.855869985808
150.51,0.013469,2443990.864772951
0.064212,0.0018427,2091105.8751553767
5.8308,4.8158e-05,104441.30820940588
2352.1,0.00025936,16412744.109426638
1.5323,0.77563,2999115.4324565753
463.73,0.50452,8462231.717302691
139.31,0.60068,6289390.846775901
0.18685,0.18126,19971864.321536463
319.95,0.37529,34721193.03382841
0.030386,0.078804,5888954.728414633
281.63,1.1171,4214081.182491533
0.0,0.0,52056100.00000006
90.138,0.0,33770647.11928139
24.704,0.0,35091763.79443809
106.43,0.59718,4193555.856864836
75.354,0.0,14832770.283386962
2.3477e-05,7.8172e-06,164284.64359360514
3.2321e-05,4.75e-06,29428.343920802792
1.164e-05,4.562e-05,38599.69196419073
5.386e-05,5.0475e-05,144065.08110914507
0.0023354,5.0587e-05,24036.070236643613
1.0073e-05,3.9897e-05,745666.0947854838
8.387e-07,2.8222e-06,1300.2258380560056
3.4233e-06,3.8154e-06,6006.450699394685
4.0377e-06,6.9832e-07,6659.239427338856
6.1878e-06,5.0364e-06,9971.826312737296
7.7414e-06,2.7595e-05,72711.60116235896
4.9264e-06,0.021511,125517.14379237789
6.4147e-06,2.7008e-06,14407.001650267965
0.0082776,11.809,24564.65876955376
1.4927e-05,3.928e-06,69162.60145371493
1.0539e-05,6.5776e-05,149385.39882850554
7.2489e-06,2.0807e-05,14071.675672341062
1.6711e-06,1.5098e-05,3532.3465143428743
1.308e-05,6.3085e-05,96271.52911149248
0.0063696,559.01,28235.31490120459
9.3853e-06,4.1204e-05,50005.42268818607
2.6378e-06,8.4468e-05,29783.587266823717
3.2443e-05,7.8334e-06,18439.25742348894
4.6548e-06,2.2507e-07,11836.649221015137
2.2103e-05,1.5304e-06,60321.244242813664
8.7615e-06,3.5709e-07,22047.833736090994
1.0247e-05,1.6615e-06,26552.89592908928
4.6344e-06,7.8254e-08,26.86487820865641
8.2056e-06,3.2778e-07,117.07008500287638
1.6991e-06,2.0225e-08,14698.199336317088
0.5737,0.63749,9451.264516950918
7.7235e-06,9.9344e-08,265.7549163112707
3.048e-06,3.1075e-08,3512.3000201771247
2.1672e-05,2.4858e-07,2798.4588869424156
2.2523e-06,7.3635e-08,2967.190201439532
0.0051175,0.0056859,344.66927385311755
3.1238e-06,3.7024e-08,270.1608770821651
8.73e-06,3.6868e-08,1590.3810258715773
0.0053506,0.0059441,7282.527701883102
0.026827,4.5499e-07,66740.72185844019
5.4731e-06,9.3431e-06,233599.20776213528
4.4039e-06,4.0132e-06,13636.455332366493
0.00026292,0.82116,60529.731945686995
2.1168e-06,8.2361e-06,170704.69524010562
0.0016017,1.0818,99028.62182158085
0.010686,56.639,19367.147385278968
0.0062799,422.39,136886.3103810523
0.0011083,2.5277,30902.635601670943
0.049695,40.799,50015.562819954546
0.0095506,65.761,11241.227830081787
0.039262,246.97,59982.820837904685
4.531e-05,2.7349e-06,53682.83612569301
1.8675e-05,0.14459,16868.49893966337
8.3636e-06,3.2513e-06,422107.06571164454
0.58964,3510.3,274811.06807878247
0.040323,145.52,106230.09315254356
0.00043137,0.0054112,163892.1181439393
0.0015863,0.034782,94377.3450882124
0.0035122,19.344,14834.894110420535
0.041286,1.4663,56875.56387146741
0.010975,0.0069122,8092.970482708971
0.0001304,3.8045e-08,13691.278710277551
0.060627,1.986,217203.30639088835
1.8643e-05,5.8404e-08,4019.715815387252
1.5919e-05,1.9678e-07,3445.149726649109
4.2887e-05,6.0122e-08,9486.148168050366
6.2176e-05,2.9163e-05,13586.843864725366
0.017126,0.1947,17001.272826968572
0.002298,1.7231,47628.734299007374
0.0090697,0.010638,14634.657846728427
0.0013019,0.0090414,13268.21802756645
0.073888,0.72848,38653.89029605338
0.0045608,6.2842e-07,11021.6857372364
0.03555,2.8466,36971.01751913637
0.00095353,1.8014e-07,9245.801545180217
0.0069371,1.0504,54394.56228736879
3820.2,5.5004,24615.660985250273
298.69,0.43005,20691.033309621263
0.0071712,1.0324e-05,625873.7310334604
0.10082,0.00014516,152070.8225668312
1.1754e-05,1.4567e-08,4055.903079164764
1.86e-05,2.5633e-08,5393.186047063365
1.5775e-05,2.049e-08,6782.50865256151
0.10532,0.00015164,33867.65088501473
0.027752,0.091826,61145.36039521331
0.016092,0.0067085,95427.01757500901
0.020526,0.27599,187893.69992228883
0.00073603,2.2136e-05,7309.5375274199905
8.8793e-06,1.5216e-06,21241.027036856667
0.028311,1.1938e-05,312237.44151694013
0.0079248,0.072496,40057.670029341
1.8326e-05,9.6455e-06,119781.0391581502
8.4759e-05,7.9044e-05,37125.76263044067
1.0922e-05,2.5351e-06,42375.38287257137
6.0923e-07,5.7278e-05,4052.4043955077614
3.1587e-06,3.1185e-06,32.73393964822824
0.00075879,4.7416e-05,13976.791986295359
3.2213e-05,1.5011e-05,1230388.1182161376
3.0207e-05,1.8817e-05,1943122.5572695034
2.7289e-06,3.2167e-05,1488528.9072161226
3.3248e-05,0.0004501,168706.18723002015
2.8571e-05,0.00050761,83507.64943890227
1.099e-05,0.00012263,30186.796773996077
2.196e-06,0.0001834,47029.20836642794
4.4241e-06,0.00042974,152774.1557512226
7.2354e-06,0.00050948,16498.658217659722
4.7637e-05,2.9278e-05,2269.1460209851507
1.8382e-06,8.4484e-05,389772.4196937773
1.6851e-06,3.1267e-05,540440.8476197463
1.0659e-05,6.1753e-05,1075369.8508841216
4.6184e-06,3.2445e-06,34679.08643941544
1.8045e-06,4.1397e-06,242476.5411610847
0.00056339,1.2104e-05,996780.1694416323
9.3817e-07,3.1006e-05,30694.67115506409
1.5862e-06,2.1162e-06,54476.37286376601
2.1705e-06,5.9729e-05,1185400.2594874394
1.5474e-06,6.522e-06,1332197.1064623995
1.6888e-06,5.5745e-07,4257042.188107366
4.8983e-07,3.0397e-06,98080.19615066405
9.729e-07,0.0010579,100627.90325529849
0.00014915,0.00037006,164192.32021203224
0.0079051,0.036363,39724.57823873721
0.40994,0.0001095,117848.1131047848
5028.2,0.008373,10286316.122223001
0.058433,3.2668e-09,92783.10325553875
0.00021572,0.0068884,2685113.822296535
3.8229e-05,1.8936e-09,32162.88105041753
7.6657e-05,6.7208e-10,85376.05686684475
0.080108,4.9194,567324.9479947197
0.00016559,0.0034956,106243.98308395915
52.947,7.1991e-05,142539.81455460057
2970.8,0.0027125,9773386.493134722
8.3469e-05,6.8982e-05,84527.69181680339
0.11155,0.093796,337657.50865594076
0.24201,1.0936,977540.8461490291
4.5917e-05,0.00050131,59179.74078446467
0.0005938,2.2737e-05,60871.8700802246
6.5701e-05,7.4232e-10,109911.55513846249
0.0032082,0.069309,4726846.0088144895
1.2113,0.64789,579336.7102757866
2.4936,0.14321,630859.7312909632
0.15495,0.15126,2109374.323008296
0.0016604,0.0012497,2022706.2115004156
0.0048657,0.04977,1526454.5276069383
0.00011568,1.8991e-05,358071.4953318349
0.00013492,9.4708e-08,2756366.8695058753
0.00018071,1.8589e-07,2194102.3291114448
0.013825,2.4374e-08,183741.27029268298
0.0028997,2.9515e-09,52159.50523795786
0.0047863,6.2566e-09,32101.65658766979
0.027994,3.3947e-08,808390.9358022509
2.151,8.3136e-05,64825.12801702875
0.0091269,1.0167e-08,40438.15654370059
0.015506,1.8256e-08,140816.91105288203
0.0085274,1.0963e-08,60602.68106397643
928.72,0.035941,92992.72570270355
30.838,0.081936,1541971.964857775
0.76102,0.00050558,58645.53307125812
141.03,0.0054575,54048.90724201999
0.18449,7.0788e-05,2413556.391599144
13473.0,0.0081193,8114159.065423727
10249.0,0.028495,2913760.1378420056
0.16132,0.15009,1125680.6813421408
2.0342e-05,0.11186,3300911.3408741085
740.75,7.8684e-05,1352678.7274171526
0.0006317,0.84341,2069997.568090609
8129.1,0.28889,2790618.6870915703
1.5407e-05,0.0043188,1616690.220025272
0.46579,0.062363,6143141.068531486
0.092629,0.012761,744234.9441440151
1967.0,0.29282,2321056.249628268
0.00022741,0.0020351,496146.9255013937
0.0029867,1.7479,801907.4484809925
616.86,0.0018472,8849075.183457132
4.1819,0.0016532,9739463.7205695
0.00017713,0.29299,1292673.963127967
885.94,0.0042385,2048843.055224865
7.5365e-06,2.2851e-06,1363278.5443227682
0.017352,0.83411,767887.9533835493
0.34438,0.00038068,1878568.528794914
0.49894,0.23551,1657113.607300042
0.0036032,3.6957e-08,1528328.5995197103
0.0056111,0.0009744,2073253.3908822327
0.003878,9.3307e-07,207370.07072106752
0.026239,0.010194,387914.35391690396
0.02766,0.011212,224158.89970019532
1.0078,0.45293,1710388.7245471503
0.16649,0.07359,446647.6939410881
0.046974,0.0040003,8888569.151371965
0.28706,0.00021195,740534.7067666829
0.012521,0.00014667,1282197.0062479752
0.34635,8.9021e-05,1906378.379735959
1.7089,0.0008585,564218.4766144557
0.043034,0.00041396,480271.7088097869
0.016075,3.189e-05,591785.1422549108
0.0093847,3.4894e-06,301246.25368829526
0.0017342,0.0,111562.70852032775
0.0045305,0.0,-23832.573572306726
0.75306,0.0,8089.2935883394575
41.387,0.0,420412.40357205324
50.392,0.0,48932.52168827723
14.267,0.0,314.8751521385044
0.005737,0.0,3164.700300959559
6.8021,0.0,1215.496184631298
4343.2,0.0027199,5227745.604442594
38.731,0.00012622,7661779.3903892655
49.957,0.00014811,8193666.690380773
1840.0,0.0,7649868.246002854
0.00016773,0.0047622,1558174.1536631712
1.2834,0.00022449,7000045.011213105
1.268,0.0023281,2261929.9255387634
14.653,0.00051301,2682869.0867517367
7.4814,0.0018791,11201064.62754393
4.7458,0.00079969,4598399.636226826
3.0932,1.6393e-08,3672524.509908661
4.737,8.066e-08,3782993.42714069
2.9735,1.5703e-07,3583198.9057487734
0.020471,6.3882e-05,130542446.32708615
0.021602,6.3775e-05,99141557.9909106
0.0020009,0.00099527,133285552.36072731
0.012307,0.00090929,6460351.676223279
0.014986,0.000918,3102389.694319593
0.02278,0.00074519,634539.1369065833
0.13715,0.00050278,5211974.599884974
0.025185,0.033866,9318584.121548181
0.00068731,0.00032832,17231273.587604325
0.10585,0.0024655,2091179.9332876634
0.0041745,7.8603e-08,50521343.429299854
0.0033685,0.0011324,8031316.81837121
0.29619,0.00021889,14809906.014413413
0.0086042,0.000185,16255308.221188182
0.010317,0.0024429,77632610.84832907
0.0022363,0.00064678,257627682.46624756
0.0017488,8.0249e-05,31592379.51199301
0.0024708,0.0023116,11281925.704281818
6.749,1.805e-05,137375699.64611527
0.011184,7.3211e-08,106497837.46052384
418.28,0.0,175066848.59899986
0.0027703,0.0010778,22394733.021323614
552.15,0.0,18335801.982000068
6.9708e-05,1.7808e-08,242328.67346874668
0.00012562,0.00040101,147511.3292494822
5.9286e-05,2.8908e-08,77976.51807225533
0.00010765,0.00018231,172582.06954492268
0.025973,2.2679e-09,46665.44518729935
0.00016228,0.00035161,2209208.8122997074
4.5712e-05,1.2082e-08,72588.57979574196
2.1023e-05,1.4295e-09,15950.395515182105
2.3631e-05,8.684e-10,13166.414295586757
4.9494e-05,1.423e-08,62086.79023243078
0.0018951,0.013574,255162.1470483541
4.5836e-05,0.0001946,758458.7614958948
2.963,0.00023015,23139.794775032275
108.29,0.001574,216333.15213831683
0.0072749,0.025543,47992.949863133465
0.00014174,0.0014461,135191.56716850866
2.3756e-05,2.1833e-09,2523.2658308219657
4.7469e-05,3.1572e-08,551862.1661312716
4.9155e-05,1.1459e-08,170859.00198741994
1.0781,8.5518e-06,45445.38782266505
3.5965,0.002731,-550806.2849983083
1.7744,0.0,51568.40561920105
1.4011,0.0,40429.583705419216
5.3441e-05,4.4598e-09,30373.6856952148
3.3744e-05,1.6225e-09,8938.406753654686
7.8945e-05,1.3138e-08,55320.70604358584
6.3577e-05,5.5925e-09,16413.581697338865
0.0001026,0.0,500.3644318563548
0.0011537,0.0,5492.177575668986
8.4432e-05,0.0,621.6134820131355
0.00015933,0.0,823.1663614619032
6.8783e-05,0.0,1777.4075103496195
6.4002e-05,0.0,490.6219266508134
0.00011384,0.0,-338.6751646075345
4.7011e-05,0.0,214.35866194860873
0.00016655,0.0,6937.7596911734645
0.15073,0.0,80247.74905431716
0.017914,0.0,2413.1487239068424
0.47313,0.0,5949.794730682938
0.0,0.0,21694.547770365836
51.767,1.2377,1081974.4703304996
0.0020303,0.081505,333650.81898972107
0.00084437,0.046747,1781761.6447802654
240.74,0.0025131,902510.1107906174
59.878,0.0001037,593723.5419972934
0.016686,8.6032e-06,133574.4317294828
124.85,0.36825,633794.0794242269
0.014778,0.96417,490351.9792331255
441.97,0.0009005,979881.9731958407
1399.0,0.0006511,494105.89555155166
73.125,0.068755,1227963.3630538487
0.062995,0.45002,376622.4676744115
0.0037475,0.021964,789880.237498132
8985.0,0.00030742,7383571.487792497
54656.0,0.00083319,8108793.640662091
0.0014814,0.008317,669933.6838686116
1422.1,0.37199,1804149.565774429
2.1295e-05,2.5912e-06,1078238.0572000372
35.727,0.0036867,2703918.23903822
169.67,0.011132,1378159.5882306236
40.272,0.0012758,679106.8904568306
0.00025831,2.6432e-08,488273.31687886827
0.020305,0.00019893,1682652.5967601417
0.1256,0.00012748,411766.21609184134
18.74,3.3386,750077.2802020034
2.0639,0.029164,229059.475501824
0.020375,0.00027887,264065.7990394227
0.044529,0.00061225,505004.5868734659
96.136,0.0061993,4010521.9992631013
9.4189,0.00060518,1024322.1513764405
16.476,0.010073,700493.4153169359
100.26,0.0031048,1405717.9042403793
24.052,6.7137e-05,414561.8738897775
30.964,6.854e-05,280956.15756866126
18.791,0.00060601,132179.99677976675
8.6311,0.0001042,1028180.0055695395
0.045941,0.0,242410.6067552509
18.671,0.0,19932.89213196891
12.907,0.0,15970.507961680454
1.4921,0.0,22312.232259172117
26.194,0.0,12504.734125363455
114.07,0.0,5588.844565868999
0.040963,0.0,16778.87316847949
28.996,0.0,61190.375098520046
41791.0,0.016295,5021796.39441913
619.18,0.0067974,17188769.638386052
637.6,0.003035,13923919.281541111
358.89,0.0,3634531.361891828
2.9914,3.236e-06,3273532.737503845
67.171,0.012198,6695653.857179989
9.9571,0.017547,6715937.792474363
1325.8,0.0044719,6682250.522082863
0.04901,0.3606,4523714.8132182695
0.082483,0.30457,2308847.901939181
0.0034606,0.014544,35603.342959771406
1.1655,0.015613,451444.49883415917
0.20808,0.0048934,175996.85117743158
62.576,3.7439e-06,18036066.570137154
714.18,4.9345e-06,23556013.70693686
13730.0,0.0005934,41893805.523561925
275.8,0.58331,2508549.845954147
341.94,2.1456,2890587.2502236622
102.57,2.3804,2799519.252609412
5.3159,4.7554e-06,113871.06201689556
354.04,0.065585,2432236.286819957
68.543,0.481,4232252.550276825
2963.4,0.0054153,341212.8057377266
3923.6,0.0,24316910.811896585
285.19,0.0026978,3442962.8347282666
2501.6,7.7459e-05,3668927.093525135
19254.0,0.09125,8669769.15731537
34726.0,0.0029374,11072069.442598931
1391.7,4.3557e-06,53082645.97743434
6915.9,0.00015168,11028523.30924656
2.6369,0.0021132,5131797.099641742
9535.6,1.6576e-05,31871414.615933586
1251.2,4.5588e-05,27417200.393543273
2785.4,0.0010846,47969866.3233491
3653.4,0.056705,5849962.828126273
0.00083488,1.3178e-07,8949179.00927633
6.6324e-06,1.3269e-05,226190.79293725156
5.2086e-06,5.9289e-07,40023.70739826847
3.9896e-06,1.2503e-05,276532.28417176416
5.1495e-06,5.642e-06,24884.84082190203
0.00084245,3.8093e-06,33532.52003489237
4.3723e-05,1.0223,1437322.8487123454
1.7908e-06,9.6079e-06,6507.37515942434
1.167e-05,4.3477e-06,23089.911356818557
3.7054e-05,7.3793,-165558.23099572846
1.6597e-06,6.6207e-07,8471.634538884113
8.7897e-06,0.37984,107412.78691410841
8.4327e-06,0.48407,416028.569157997
3.65e-06,5.9246e-06,15917.806678025605
0.00054863,2.2676,28423.431133609443
2.0066e-05,8.6203e-07,8825.445908450829
1.7982e-06,3.667e-06,4995.480156365421
9.6894e-07,4.6117e-07,1616.8848603316253
6.9957e-07,5.7294e-05,3045441.9839779967
6.6421e-06,1.6461e-05,63652.67264227065
1.9029e-06,1.7613e-06,5581.10560195855
3.2707e-06,2.149e-06,4762.710429647738
2.6926e-06,7.3425e-05,96680.30641298037
6.3772e-07,3.8015e-06,-735.3438574662919
1.04e-05,9.5271e-07,663568.8004321477
1.1813e-05,1.1546e-06,454876.0052908157
4.9587e-06,5.4217e-07,2617476.9768252415
1.7818e-05,1.7582e-06,122140.93253121234
1.153e-05,1.2528e-07,105275.7296235381
3.8408e-06,5.0811e-08,18393.829891500234
3.001e-06,1.6942e-08,801.4035322860236
2.7223e-05,4.2356e-07,8285.08444304589
5.7457e-06,3.5845e-08,20.232274199076933
2.0257e-05,6.7604e-08,704.2656423212323
3.1057e-06,1.515e-08,25.147516510598415
2.9694e-06,1.5652e-08,23.603438981062347
1.1358e-05,1.5972e-08,60.364720604990005
7.3825e-06,7.2509e-08,-167.79218896799398
1.3609e-05,3.4712e-08,71.6152403717037
2.0725e-05,2.0664e-07,11023.513067197935
0.0044387,1.4083e-07,48846.968326802125
4.2313e-07,1.5553e-06,433173.8282518857
1.5019e-06,2.1811e-06,57821.19784826295
6.6835e-07,9.0315e-07,13504.31777640561
7.5666e-07,1.3801e-06,305422.86165683164
1.4659e-06,6.3007e-08,57067.17090691314
0.00024093,1.3568,6326.678761289713
4.4874e-07,4.2124e-06,176487.8247436895
7.5844e-06,1.4004e-06,18852.492198278393
0.021296,46.032,36023.708050973546
7.2492e-07,0.0008503,63291.96133419881
4.1046e-06,1.4414e-06,40995.28544170413
3.0652e-06,1.0922e-06,66571.12259914345
3.9024e-06,0.014832,63299.224983835535
2.4523e-06,5.3256e-07,679139.4632597206
3.5308e-06,0.01609,191789.40006786401
0.0024651,14.428,308886.0659688007
0.00013824,0.0016911,292352.68289773964
4.0958e-06,2.054e-05,82675.10028708934
9.8441e-06,0.015535,2311.65672082342
0.00016772,0.00095605,9732.795721850905
3.0025e-05,2.0228e-06,22455.34381988136
0.00021618,6.1326e-08,22606.954257804584
0.00045985,0.0072211,346039.4069807377
4.5149e-05,1.5209e-07,24013.405101859564
1.2307e-05,1.0182e-07,2224.3605489211427
2.17e-05,2.8373e-09,4647.729004992723
1.6162e-05,2.1131e-09,3573.066174219894
4.6143e-05,5.2504e-05,19678.391584034922
7.0782e-05,8.0475e-06,30343.266137760933
3.2376e-05,1.7656e-05,30815.589343359683
0.001322,0.0050641,10263.746961835255
0.00015009,8.9005e-05,11971.673184790194
0.0001108,1.5006e-08,298.94494849790874
0.00047853,0.0010353,4373.230610633212
0.00011971,1.8179e-08,2261.989688296749
0.00013402,0.00036088,25069.959490732304
2.6086,0.0035573,5874.342907917923
2.6295,0.0035859,7247.67107388421
1.6359e-05,1.9081e-08,1792.0628518896362
7.6426e-05,8.5847e-08,-4495.126713962178
3.109e-05,3.4287e-08,646.671583073523
4.9703e-06,5.026e-09,1480.5674024844302
5.2147e-06,6.7227e-09,730.1604150297603
7.5543,0.010302,413.77708507083304
0.00077873,6.0726e-06,51690.790865390125
0.57625,0.00047988,37500.105941837624
0.0081993,0.038381,90985.73949654303
0.0010317,4.9395e-06,78260.1809002845
1.4616e-05,9.5083e-07,58645.02920515607
0.0035942,2.4106e-05,82392.87028622243
0.0013007,0.0057696,70257.2153192899
2.9849e-05,3.2531e-06,127912.69539469351
6.6651e-05,1.715e-05,34219.857054149696
1.4755e-05,2.6315e-05,128333.79442666483
1.0618e-06,3.3204e-05,37156.46440283553
1.1168e-06,7.9921e-07,252213.6882243277
0.00044126,0.00010468,324.06897069239386
1.3259e-05,3.3447e-06,2339934.0098688193
1.6356e-05,4.3279e-06,3582754.85636679
1.1291e-06,1.1267e-05,901464.7082019483
6.2842e-06,0.00019408,855767.4307784248
5.7379e-06,0.00016523,357605.3627129953
2.2784e-06,0.00014936,754206.2699983958
2.4637e-06,9.4199e-05,95268.27748569308
2.4329e-06,0.00013042,189083.38695011294
6.6937e-07,3.3398e-05,162232.1330926161
1.9702e-05,8.0581e-06,26055.555228406163
6.9781e-07,1.0165e-05,1709604.6433783723
5.4335e-07,4.7547e-06,372635.8140557194
3.457e-05,5.9024e-06,1006446.702485816
9.4523e-07,7.2918e-06,735987.2768233226
2.4534e-06,4.6558e-06,300147.6427040565
0.00063307,5.4373e-06,275428.507884765
3.3098e-07,9.0112e-06,241078.7715566074
5.9758e-07,3.0836e-07,22277.376638959366
6.2508e-07,2.1593e-05,5479161.963367386
7.5246e-07,2.5917e-06,3685155.452849191
7.0125e-07,2.3871e-07,3377883.696457923
2.7895e-07,1.4731e-06,460268.17654571857
2.5269e-07,0.00021173,1010413.431084671
2.8038e-07,8.5274e-08,410.4982497021481
2.0121e-07,8.1654e-08,1905.6167796859252
1.8556e-07,2.1147e-07,1730.2698216493727
1.7636e-07,3.0357e-07,4009.4894773886585
0.00018764,1.6444e-07,24767.95330544486
4.2239e-07,4.4812e-06,119453.86481427132
1.8668e-07,4.1697e-08,262.3448051170539
4.5675e-07,4.3723e-08,1298.1754807599334
5.3406e-07,1.2909e-06,79890.73747825636
1.6035e-07,3.953e-08,254.15282704228355
5.837e-07,1.1746e-08,907.5940532344993
1.4988e-07,1.3344e-07,37818.58592951103
0.00016784,7.1164,27326.81696656598
2.6684e-06,1.2501e-07,80519.54548620294
1.9306e-06,7.9663e-09,675.3782889111358
2.5236e-07,1.7342e-06,21535.492981085772
1.3336e-07,1.0433e-06,15613.919000736676
8.761e-08,5.7462e-06,420194.4298847832
3.2654e-07,4.3424e-07,1303.5200811647808
1.4084e-06,0.0012908,2599.3030428842553
1.4606e-07,4.8604e-07,133474.24373234995
6.4063e-07,0.068497,40477.7287028452
4.3229e-07,1.2283e-05,6134.050729216652
5.7017e-07,1.4443e-08,1554.6064785189903
3.6124e-07,3.6322e-08,1523.7787031793491
2.183e-07,7.1754e-09,585.5623641531095
2.5177e-06,4.5043e-08,6687.347020815515
2.651e-07,9.179e-10,0.4621845092285726
6.2011e-07,1.0055e-09,7.4388255482441865
4.5218e-07,7.1025e-10,2.733600227991999
6.0573e-07,9.1026e-10,6.303043623336201
1.3281e-06,2.1332e-09,21.044958410172228
3.1577e-06,5.4208e-09,54.921421257257975
4.1729e-07,6.9022e-10,1.90241505648287
2.4181e-05,3.254e-08,408.41810315288495
3.8328e-05,1.2063e-07,1311.7642046953658
6.692e-07,1.3438e-09,81.70498342063121
2.7318e-06,3.362e-09,127.4674156900589
1.2754e-06,1.6302e-09,26.309313692479765
0.00022375,1.6793e-09,869.5117291852935
1.0127e-07,1.9188e-07,32361.268396783496
2.0355e-07,2.8402e-07,9590.27338581585
1.5375e-07,8.1923e-08,2198.8773716221594
2.3982e-06,0.020191,33630.438965740585
7.3865e-07,1.2187e-07,23124.599257666905
1.1275e-07,1.7224e-07,12430.603154940265
2.2095e-08,2.4247e-07,23557.903214096536
6.5505e-08,8.3528e-08,8037.488245944801
9.3564e-07,2.6924e-07,5548.954983039385
1.1583e-06,0.0072526,7268.006879161676
1.8047e-07,1.2654e-07,5722.6799037792325
4.5515e-07,4.1462e-07,16614.28182075231
2.1949e-07,6.5477e-08,5499.077246648109
3.2486e-05,0.049679,89831.77151046915
8.061e-07,0.011792,135820.88339670433
0.00079916,0.23275,4305.9134397072
1.1914e-06,2.0513e-06,55263.56560839514
7.906e-06,0.0001985,16879.846246798996
4.4926e-06,1.4499e-07,4754.308682458304
3.6173e-05,5.9278e-05,2286.919155019254
4.7869e-06,1.928e-08,3340.418222582009
1.5498e-05,8.6561e-10,1555.3567161932972
8.7273e-05,0.0010152,20500.174745334334
1.9914e-06,5.5829e-09,454.53351420149426
9.6504e-06,1.6469e-07,24353.23528296098
3.6094e-06,6.6729e-09,786.0929060670148
2.1023e-06,2.1883e-09,1274.817618206505
2.2487e-06,2.7636e-09,453.6022552114388
1.2325e-05,0.00018236,37307.82376827958
4.9e-06,1.2054e-07,2828.3432520037827
5.1396e-05,1.2352e-05,4983.221460674628
0.00013066,7.1163e-06,4821.7503418476645
1.9939e-05,2.4742e-05,3381.6597592174153
0.00026159,3.0857e-08,880.2390605022042
0.00037266,8.2593e-09,2231.21124455287
4.1858e-05,4.6826e-09,4439.531686252423
9.4638e-07,1.134e-09,64.1041942497605
1.1685e-06,1.1537e-09,147.5412950195702
8.733e-07,6.8765e-10,164.7657402643692
1.9354e-05,2.5146e-08,1054.5408562552732
7.3848e-06,1.0595e-08,282.0592549138531
3.5881e-07,3.4116e-10,55.19892709648699
8.856e-07,6.9536e-10,77.2926100965268
4.9534e-07,3.7707e-10,233.10835592102623
1.3791e-05,1.2835e-06,2486.8154389917295
9.8169e-07,3.189e-07,66768.06918075473
9.2125e-06,1.2472e-06,64743.78947370355
2.8334e-05,6.7682e-08,5177.586280687333
9.4648e-07,3.1564e-08,1686.9073918519573
1.0349e-06,3.266e-07,43797.095685949105
3.0966e-05,1.316e-06,22588.752252692895
6.4228e-06,2.9887e-05,16476.46100804081
1.1745e-05,1.2251e-06,3923.7448207589996
2.3171e-06,2.4095e-06,8476.032571620728
8.3418e-08,7.0029e-08,-4.775933361324385
6.6038e-08,3.0506e-08,-28.470538971901824
2.5106e-07,1.5699e-07,886.9028268480722
2.1194e-06,1.1788e-07,72237.49735778567
1.8907e-06,9.6589e-08,113320.20183736461
6.2913e-08,6.4277e-07,10843.212430786622
5.5223e-07,2.787e-06,8406.05661142968
3.2929e-07,2.4757e-07,639.9076482403993
7.2435e-07,6.8274e-07,1920.474581007967
1.1882e-07,1.8688e-07,1689.8577277340812
4.4156e-07,5.4525e-07,4869.344311845059
1.8842e-08,8.5345e-07,6558.4263690975295
1.1062e-06,1.1644e-07,147.58519734229154
1.7312e-07,5.9171e-07,56462.961802205646
3.0645e-08,2.0602e-07,15287.25829892763
2.7317e-06,2.6349e-07,14202.687405020954
8.3751e-08,4.9103e-07,69883.6706517081
5.1534e-07,1.0219e-07,75324.07909091875
0.00028933,8.669e-07,155035.894043164
7.3753e-08,4.6697e-07,9398.580461172016
1.0101e-07,5.4779e-08,50726.16294714308
4.3952e-07,6.794e-07,621826.490413112
1.2866e-07,9.8158e-08,197751.74826866077
4.2093e-08,2.2838e-08,229118.47623729132
2.5451e-08,2.8937e-08,50687.099158342346
2.8214e-08,1.5942e-05,48395.74575435278
262.69,0.085699,114456.8468978863
2.4348,8.9942e-06,54612.54125030943
140.39,1.8059e-05,79939.76099953717
6.4907,7.3066e-06,73826.93021388876
0.98649,0.0002276,177864.94649798574
60.284,6.838e-06,2083658.522169047
0.00015226,5.1045e-10,65822.78823032271
23.772,5.6489e-06,134731.80303472298
0.0029386,0.0005257,25595.974575596996
0.0032197,3.48e-05,57512.32188054384
7.9861,4.7013e-05,58447.64233604972
669.34,0.00017755,919847.3353602116
8.545,4.6564e-06,115421.11856119648
5461.6,1.0958e-06,455716.62576442317
0.0053989,0.00018259,378138.44277498877
0.00016279,4.8551e-10,118699.73828654132
0.00014804,3.6156e-10,50571.13596315283
0.00016327,6.2481e-10,707918.731824988
383.8,1.9325e-06,129544.41232823566
31.383,8.7839e-06,88067.91364979386
2658.2,0.02355,57666.06393157269
0.00030316,0.0061521,58346.15836717189
1.2804e-05,1.3623e-09,49461.9665337168
0.0,0.0,0.22894454857491003
0.0,0.0,0.17846452369899998
0.0,0.0,0.11813044870819997
0.0,0.0,0.3770047625900001
0.2338,0.00017459,12605.769054238166
1.0551e-05,1.1367e-10,858.278511822491
1.3006e-06,0.0,640.4710256121615
9.3477e-06,1.2825e-10,2203.906095568596
4.1264e-06,0.0,578.5538905820531
1.3879e-05,2.4694e-10,8359.512647908445
1.3021e-05,1.6594e-10,2572.7915773855425
9.0143e-06,1.1039e-10,1410.9607035095903
0.081292,6.0678e-05,8531.55080827833
4.4227e-05,1.2652e-06,4026.8724346114277
0.029642,0.010288,3115.2386828652416
0.00028129,1.9881e-07,3767.804741612977
0.0,0.0,2066.365799189301
0.088233,18.405,1715355.7015008605
0.00010906,0.014442,524987.2596865569
3555.5,0.031946,2035849.5073720776
252.09,0.0034933,1953675.551032345
824.23,0.018566,1203773.0190493246
111.22,0.0077094,434168.3656532228
5134.4,0.0020996,666636.0442629772
12757.0,0.0042422,1067187.541911226
1086.9,0.0033952,1079819.6435755962
8793.1,0.0015784,475148.5487925354
23878.0,0.0017793,3257748.6129083033
10.919,0.00048482,1498726.8974505684
3128.0,0.001075,588428.8582044973
6302.0,0.0014353,14429455.273654277
15595.0,0.0059467,10071308.443891464
3479.4,0.0031768,1082928.7779412384
20378.0,0.10407,3057141.9499314735
2.1744e-05,6.476e-06,435037.73762329394
6198.6,0.00081384,659759.1123851788
201.21,0.12194,1209389.6674428105
164.45,0.00010018,392638.0347548401
0.00016128,1.1185e-05,1196982.7872515246
11725.0,0.0011637,6854685.680595544
4.3899,0.011413,781141.6596546994
458.17,0.011724,2443182.292738091
0.0019183,0.0039281,893217.6850407692
0.0098194,0.02085,742927.65380801
0.0080362,0.016967,1028477.398386384
109.7,0.35792,27148400.987441264
17.732,0.056329,2146533.2699045073
689.14,0.019582,976000.8159859489
323.21,0.016685,1430373.305198053
16.032,8.6902e-05,215486.59257693947
226.08,0.00021736,431614.79850983556
35.596,0.00013568,351000.23488454527
2.2227,0.00025285,360036.749815606
0.0033629,0.0,138073.35150824153
0.048986,0.0,37640.71387021571
0.00024866,0.0,69085.55364162543
572.84,0.0,27022.67307609719
6.7428,0.0,94899.03128388675
45.401,0.0,21829.468354717632
0.0012459,0.0,10551.062767465208
5.6224,0.0,66769.60316008648
54078.0,0.0079382,5028036.568009159
475.51,0.00084143,7586200.994411583
3228.8,0.00024245,15497403.44543182
209.09,0.0,1227588.409852519
137.39,2.7601e-05,1535731.6136751699
51.452,0.0032615,3731227.0174668883
16.302,0.014401,2089611.0640375782
532.64,0.003275,3868259.5817057337
4.4527,0.0030058,3093180.6710382714
0.27097,0.0016295,4361224.720781567
68.607,0.0077059,2230575.940796475
7.7103,0.0013232,166676.12759426245
0.054018,0.00014201,1496029.7170706429
177.55,9.6158e-05,25642451.289852258
1741.7,0.00051663,35389850.663441345
32469.0,0.082915,58545139.70158926
4066.6,0.057958,3202051.628618452
11780.0,0.02521,3364072.2800936718
439.64,0.014404,2808099.7172495215
3066.9,7.941e-06,1168532.2654396677
47324.0,0.023432,2430202.5191147565
11797.0,0.00090227,7477919.540732476
1378.4,6.5289e-05,407294.47010657546
7856.8,0.0,14194268.194340758
557.77,0.77513,3979336.2398650562
29050.0,0.001021,6940853.443684023
3894.6,0.037571,10410126.38245724
275250.0,5.4617,20884222.624774054
2354.5,5.3968e-06,58051793.291246764
128740.0,1.1373,21249070.21166606
274.42,0.8077,7817381.522203068
5550.5,0.11194,53585432.79146204
1282.3,0.00013472,42214025.966797985
1661.0,0.0040496,66988765.21627727
4414.6,4.0029,5699533.187448065
0.00014189,1.0273e-07,8582232.971907903
5.9207e-06,2.0995e-06,12891.344640003135
5.6635e-06,6.222e-06,48880.56148090846
6.5535e-06,8.3953e-06,20229.862371790958
1.3282e-05,6.5593e-06,143565.3713970879
0.0069723,2.0101e-05,69940.27024361232
1.12e-05,1.2073e-05,324298.89313713176
1.4731e-06,1.3159e-06,2851.7699886201385
2.9844e-06,8.0862e-08,4423.626954748384
0.00089676,2.8719,44458.38531622782
3.0405e-06,1.8118e-05,1167430.6094209075
2.7765e-06,1.1463e-07,4431.045221865566
5.5659e-06,1.2285e-05,124298.62514200108
3.8445e-06,7.6412e-07,5658.389123079796
0.0024137,12.449,28516.682225374345
3.6263e-05,1.2224e-06,18337.98041482936
5.3927e-06,1.361e-05,11020.274617889721
3.1048e-06,1.626e-05,8076.593543858611
2.3143e-06,0.00017527,886101.4272440136
3.0896e-06,3.0214e-07,4629.741286098548
1.1797e-05,3.4464e-06,20296.61176181867
6.1186e-06,5.0938e-06,27223.635812703254
4.7987e-06,7.972e-05,149916.6612447421
1.121e-05,4.1843e-05,13304.192975780472
7.4228e-06,4.1952e-07,20040.05931836002
1.7433e-06,2.0487e-07,4812.802645064057
1.496e-05,6.4868e-07,39351.197285869064
3.9399e-06,1.3817e-07,10063.402852868776
3.9552e-06,4.3503e-08,38.59574542589306
0.51375,0.58616,418.2435222629932
3.9179e-06,2.1496e-08,50.73397387082739
4.2371e-06,4.7654e-08,59.01670492718005
7.4608e-06,4.0125e-08,167.42037390245727
2.6318e-05,1.749e-07,431.81704503853985
2.5146e-06,1.4494e-08,225.60031962207665
1.1707e-05,7.2767e-08,253.4032459649345
2.8745e-05,1.2175e-07,552.8824095592081
5.898e-06,3.0144e-08,110.15498141358562
2.8399e-05,7.3355e-08,1063.2021876046574
2.5007e-05,1.015e-07,624.2975717110008
0.0064826,6.3057e-08,260.8041719080511
7.4846e-07,3.4099e-07,43086.23747979463
1.555e-06,2.0128e-06,26994.635340646477
4.6106e-07,1.1369e-07,15287.676189777643
1.6752e-06,3.5799e-06,121077.91851158347
8.8757e-06,1.0931e-06,63997.14731724419
5.0034e-06,1.8318e-06,18409.8559796813
0.00034309,18.166,195749.71396442296
0.00012819,1.5438,19317.738060843898
1.8997e-05,5.3736e-06,62167.163613854274
5.2989e-05,0.13004,13770.291961757335
7.7773e-06,3.8688e-06,68724.31751561379
5.3235e-06,3.5066e-07,45047.891935291234
8.8127e-06,5.8197e-06,35639.64159425287
6.2845e-06,5.1705e-07,188792.13052663353
2.8975e-06,3.8984e-06,283285.9574333505
3.5579e-05,0.13771,61959.81079127917
3.0288e-05,0.00060586,309876.86847927136
9.9664e-05,0.0024457,204414.06425454415
0.00058066,6.7036,72412.17400132517
8.1578e-05,1.654e-05,46987.02336223795
0.00084765,0.00081329,126245.70094031098
5.9928e-05,7.9941e-09,6121.617058553299
0.034731,0.88106,122877.32782159376
1.7136e-05,7.7758e-07,19435.24330847523
0.00018972,7.7388e-07,52873.93068162829
1.0127e-05,7.529e-08,2181.549551571168
0.0072412,0.084658,5523.06132026608
2.384e-05,1.6776e-07,5255.377144167317
0.00027651,0.016903,125975.33659155738
0.00036442,0.00046403,35777.09537131393
0.0010798,4.2833e-05,24745.312571522245
0.00069501,7.1883e-05,20954.630935257414
0.00024346,6.1953e-08,7953.889551086978
0.00047425,0.00066326,1446.2428376150522
0.00053663,1.257e-07,4528.010969778812
0.00040426,7.3188e-08,8871.854481345517
10.498,0.01552,8502.070785322194
9.3663,0.013847,814.930731521116
4.6163e-05,6.6361e-08,3633.400455956233
892.01,1.3187,4348.59281744938
1.6395e-05,1.9299e-08,595.8173652495224
8.2151e-06,7.7786e-09,1493.8568882123723
5.1545e-06,5.3212e-09,374.61677174068524
1.18e-05,1.3553e-08,2504.2924428211327
0.00029761,0.00058386,165477.46527765374
0.23212,0.13427,363305.75696632796
0.003998,0.048771,216799.79875005054
0.0060369,0.0001615,33451.72759257358
9.1556e-06,7.1075e-07,13334.963705101742
0.0035355,0.0017475,111454.60438918666
0.0076966,0.097911,116711.51195222132
0.00029788,0.0022536,187451.83425619846
8.4736e-05,1.0135e-05,15146.143045017807
6.8665e-05,2.3134e-05,22496.463774661996
2.0371e-07,4.0601e-07,36.08486924171652
1.4406e-06,1.2286e-06,40.365116245402035
0.0014177,0.00030475,119768.15523762394
3.5748e-05,4.08e-06,2286146.847473225
3.0235e-05,4.3919e-06,3017122.1030887137
6.1921e-07,1.6722e-05,117115.23018851732
1.7902e-06,4.6079e-05,9257.517593654813
2.2685e-06,3.9319e-05,6036.667857164542
3.1019e-06,0.00017141,1380768.7147064132
8.9571e-07,3.3539e-05,16175.164641044532
9.0982e-07,2.2649e-05,11962.514565382493
3.2944e-07,2.2522e-05,4891.190323012436
8.7728e-06,2.6302e-05,197763.64527895857
2.3148e-07,4.094e-06,39231.307340731284
5.2651e-07,7.3621e-06,310942.84099972324
1.769e-05,7.126e-06,32429.96344070298
7.749e-07,4.6956e-06,169612.60299551958
8.0196e-07,2.9169e-06,31863.617328897537
0.00015594,4.3905e-05,304181.335178092
2.6622e-07,1.0404e-05,10124.121931335476
3.9035e-07,7.0694e-07,405198.2743323714
6.3413e-07,2.6513e-05,1563106.0886556997
6.2751e-07,1.7452e-06,613046.56141392
6.1946e-07,2.8833e-07,416224.87658574065
1.7997e-07,1.059e-06,31939.098409483744
2.9214e-07,0.00022189,375009.9621566964
1.1677e-05,1.6226e-05,23093.65400851179
3.1162e-06,9.2367e-06,98548.1442561883
2.3069e-06,2.8953e-05,448210.15887572354
0.0064766,3.2159,143056.62514994643
0.0021244,1.4879e-05,103233.59450499505
5.3203e-06,9.7362e-06,205208.31260440475
2.1105e-06,4.8975e-06,5126.048563596466
4.3865e-06,2.399e-07,6589.876627153095
1.2751e-05,7.6092e-06,23019.86064820238
2.311e-06,2.9747e-06,4043.980053104921
3.4979e-06,3.1342e-07,5137.797213886217
1.5233e-05,2.3671e-05,84403.733872269
8.5027e-06,1.625e-05,22808.057122572183
1.6063e-05,0.00025765,97036.07558088186
2.2342e-05,6.9518e-06,22564.890746506117
1.1364e-05,4.2508e-06,16952.60976496261
4.8233e-06,4.8234e-06,7310.638299030338
2.8725e-06,9.8985e-05,536100.4283461678
2.6387e-06,4.7948e-06,4168.007966269382
5.2916e-06,3.8167e-06,7928.146564340749
3.5931e-06,2.7852e-06,5363.567316695761
9.2093e-06,0.00031383,67515.73869933396
4.8447e-06,3.9739e-06,2788.444886472364
1.1052e-05,1.0001e-06,28835.39964775575
6.7948e-06,1.0218e-06,17414.82912605496
2.3025e-06,2.0843e-07,5381.641537075665
8.5934e-06,1.0193e-06,22269.173400236254
2.4406e-06,2.6189e-08,152.60496892217245
5.7834e-06,6.5672e-08,-76.40825353436512
1.5967e-06,1.5488e-08,6833.281688678797
2.431e-06,1.9045e-08,4093.4020905062066
4.7592e-06,5.2404e-08,-106.30606425673932
1.711e-05,8.3134e-08,35324.10373542771
5.2804e-06,5.2592e-08,-106.94014930113994
1.5542e-06,1.6576e-08,4906.067522792956
0.020958,0.025511,1348.1275482665098
8.065e-06,7.1296e-08,366.74368882195927
1.722e-05,5.7774e-08,96.67186175826933
1.3697e-05,8.9784e-08,103.1906900808059
0.0036058,7.7237e-08,-1858.3484275254766
2.1837e-06,5.3639e-06,130241.97874440756
3.0125e-06,8.089e-06,83634.34438627609
3.3794e-06,3.2802e-06,75824.23087670459
1.3268e-06,3.1801e-06,75126.91017149932
2.6192e-05,2.3539e-06,88774.93390295973
5.581e-06,5.2397e-06,23083.977259059746
1.1719e-06,4.1728e-05,194349.83074166675
0.00036674,0.95394,6293.31682202237
1.0709e-05,8.2077e-06,61744.27907095943
6.6785e-06,1.7435e-05,12496.536226883722
4.6323e-06,3.1884e-05,52039.26476487804
4.5063e-05,5.6351e-06,54063.001257294876
6.0285e-06,7.3539e-06,15774.52300333744
1.2081e-05,1.8282e-06,133957.52268660176
9.2498e-05,1.4999,453015.84720625926
9.4764e-06,5.5221e-06,59642.04976037618
2.722e-05,0.00049365,376555.60439477046
4.9738e-05,0.0021219,185240.88441548927
2.6602e-05,0.030176,3800.846925008025
0.00034857,3.1879e-05,12073.263870660225
5.2161e-05,1.1792e-06,6884.219261953236
0.00031808,6.011e-08,37469.5053611819
8.1243e-05,0.00020807,584978.1906706244
3.7358e-05,3.4631e-07,8484.855710732967
3.6851e-05,2.913e-07,8279.669951600228
5.5811e-05,8.1985e-07,19110.986550709837
3.2858e-05,2.5434e-07,12604.680965688049
3.6534e-05,3.004e-07,8448.937772944384
6.8805e-05,0.00049506,57210.254894682286
0.00049386,0.000538,25020.685599675864
0.00084055,0.00062104,20232.509451871927
0.00099563,0.0026428,19993.18969565791
0.0010615,1.1049e-07,2819.3859070512926
0.0017252,2.5783e-07,22276.02616207829
0.00046845,2.1324e-07,1506.3438169382491
0.0011684,1.1236e-07,2925.7614118572696
10.089,0.015918,426.4759988567757
9.0139e-06,1.3117e-08,80988.38211197102
8.0482e-06,1.078e-08,26795.328051262237
2.8668e-05,4.2139e-08,2809.358548120536
1.7282e-05,1.9388e-08,44291.482461675805
1.2723e-05,1.6514e-08,752.396988021349
5.0844e-07,6.7967e-10,40073.48154871187
7.9706e-06,1.0193e-08,34981.5608254878
0.0063045,0.030068,100454.34532154567
0.42707,0.54708,256070.6222215781
0.092295,1.6704,187080.425947021
0.0017509,0.00010622,30739.469278951612
9.3854e-06,5.2255e-07,13389.588326226289
0.067607,0.10705,172632.65056674185
0.0091925,0.24595,103619.72768504705
0.027174,0.46079,193027.37799447327
5.7681e-05,3.5273e-05,100022.71701297797
0.00010343,4.4871e-05,52239.231817220745
8.3183e-07,1.5058e-05,17755.4929607812
7.9237e-07,5.9075e-07,8173.261165889122
0.042412,0.0055281,431.8079302904188
2.2347e-05,7.0976e-06,1077125.957095575
2.6546e-05,6.8759e-06,1285645.1187452287
9.0095e-07,4.064e-05,237785.44487067946
4.2518e-06,0.00016286,72890.61902752683
3.8662e-06,5.2777e-05,9696.10789931213
3.9457e-06,5.0014e-05,9900.632984055801
1.8402e-06,3.5211e-05,28876.065796842697
2.9913e-06,5.3172e-05,37901.36945982858
5.8518e-07,3.2842e-05,42385.87185456221
9.7472e-06,6.1672e-06,843.3151482415097
1.0089e-06,6.0571e-05,1031562.1914182929
4.7635e-07,7.8165e-06,6572.4470177742205
5.9762e-06,1.6856e-05,373634.30248560425
1.2972e-06,9.2608e-06,94557.87837160048
1.3215e-06,5.6983e-06,65590.15782393054
1.1533e-05,8.4746e-05,1413840.9697686506
2.8898e-07,1.7556e-05,15541.90118830771
6.1703e-07,1.623e-06,118209.16299675536
4.8505e-07,4.0198e-05,3041758.6394693996
7.5416e-07,3.3485e-06,527257.2954169817
7.9559e-07,3.3134e-07,490577.6751057691
2.7053e-07,1.8312e-06,74572.47862409394
4.0248e-07,0.00035289,482302.1534592948
2.3516e-05,1.5411e-07,197433.24832640518
1.9089e-06,4.9773e-09,4295.906999236547
6.5277e-05,1.0354e-06,304259.3683853756
2.2614e-05,5.0262e-05,369572.8945024521
0.0063001,1.5396e-07,12400039.564637806
0.1312,0.0052637,6402893.9345689295
6.1077e-06,9.0293e-08,87189.35775420391
668.75,0.0022398,483381.3238387719
9.3049e-05,0.0016996,3131133.1362206056
7.1327e-06,3.1082e-08,103788.26851441228
0.00026936,1.3458e-08,75162.67202990533
8.0125e-05,0.0026214,1303060.410861679
2.2777e-05,1.5434e-07,142332.6832544832
133.69,0.043631,1077878.9443132614
0.080021,0.42203,29671.571783956362
3.1443e-05,3.4964e-07,459096.13030940335
2.1753e-05,2.6956e-07,4116773.37233071
8.1304e-06,3.3764e-08,17794.58027543816
0.012211,0.002793,376933.92795731296
0.00016467,0.0046989,136500.81410486516
0.00011406,0.00075816,693881.1772243839
0.19833,9.3184e-06,6457689.627011524
2.2183,0.002196,1149910.3964337795
0.014246,2.6755e-07,34296.62073550347
0.018713,2.4906e-07,71351.93809473062
0.0023563,3.5025e-08,54926.651026719795
0.033315,2.6441e-07,9872.353987351658
1.963e-05,0.0,0.6965474025472155
3.0136e-05,0.0,2.7632157972274687
2.0322e-05,0.0,7.183372168600757
2.5033e-05,0.0,3.8885910739326293
2.7667e-05,0.0,3.545866685037999
2.5698e-05,0.0,0.9912701084972511
2.1251e-05,0.0,7.640544549815966
1.4298e-05,0.0,16.947814679703182
5.0566e-06,0.0,1261.5768781317895
0.0092304,0.0,559.9052122048251
9.9379e-06,0.0,1122.1306683880127
1.2255e-05,0.0,4.413531561956209
7.0682e-05,0.0,56514.05412891682
8.171e-06,1.063e-07,1757707.259590866
2.5549e-06,8.9803e-09,107513.72126465857
2.949e-05,7.5094e-05,82144.79074530967
0.00010902,0.0015552,3185868.143792845
0.0023857,0.0014672,650000.0312801645
0.96936,0.091187,2841699.40160542
0.49724,8.4124e-05,57636.147928859806
0.052532,0.028916,305549.7728439265
0.11568,3.7711e-05,277151.3785923337
0.0074145,0.002918,40005.31402507739
0.0015463,5.4991e-05,1301519.6453794574
0.014041,0.0019382,76511.00379683431
0.0026826,0.030577,111327.9761908953
0.0035565,0.00011072,5808044.255161205
5.2493,0.003158,44135.84264144664
0.020226,0.13774,7340866.236260182
46.154,7.6229,43078561.35767381
17.0,4.1065,11880643.271549975
9.7685,0.15526,508015.0930821461
35.748,1.0703,1292484.2655189966
0.065205,5.4991e-08,991504.8717697605
0.010378,9.1015e-10,87944.2186001649
28.764,0.15162,8700493.881649137
0.00074967,0.000264,1930784.0364529619
0.0073261,0.0015384,234218.09309928678
4.4909e-05,2.2185e-10,5937.756715854214
0.12067,0.00029586,9738.744991085001
2.1024,0.0051536,80014.4249423924
0.0037044,3.9527e-05,2271971.6531748706
0.47008,4.7063e-05,1535079.6644953156
0.10769,0.00061971,476682.65236690297
0.42796,0.00012538,913244.2551913535
0.0029267,1.2343e-05,15410.903922640344
0.030002,0.0014609,734964.0501751563
0.046173,1.0147e-05,1180996.798577374
0.0014148,0.00048656,6699.497795874791
1.8719,0.00422,279567.1770757843
7.9748e-08,1.7302e-10,107590.28902532301
1.5596e-07,3.4481e-10,20256.71380570082
1.9072e-07,4.1845e-10,34775.451655719204
2.2381e-07,4.9344e-10,12763.249865882291
8.8275e-08,1.8608e-10,5145.162001210489
2.1169e-07,4.5857e-10,21297.1436550863
1.5085e-07,3.3218e-10,35311.542363664645
0.63557,0.0079992,3397079.726532581
0.014777,2.5592e-05,4501098.59257565
7.9672,0.00045514,6604014.688870986
0.0023298,9.8633e-05,1668397.6724417754
0.00031928,1.1578e-05,296410.5416428777
0.068873,0.0010644,3796862.894085401
0.0034739,0.00080628,3856906.902186635
0.063317,0.023049,4481678.370893396
6.3564,0.011007,2202915.461683878
6.87,0.013475,1092371.3948955846
0.00011648,1.4592e-05,212604.5316302388
0.00063021,5.2585e-06,1931024.848254688
5117.7,0.087232,679168.7652350967
26.028,0.0027877,39542779.444435254
23.273,0.0026445,30015406.91484914
1.2755,0.014593,31577404.234739505
0.88142,0.012558,5510089.448114012
1.9136,0.012066,585480.4964259615
0.93782,0.0097136,1942427.1425138123
0.0020381,0.001566,2048625.561655167
181.55,0.34377,2461325.369519006
2.6017,0.016714,1835317.05956586
2.8817,0.0042443,334843.94659044646
0.31028,0.0008704,24959146.77056829
18.37,0.032104,6542250.990549862
316.98,0.61355,8958323.817949038
1127.8,0.087648,1182160.8382771807
2.0852,0.013245,6299368.686063864
23.156,0.079607,13064233.095227422
0.013299,0.11544,9969116.540784625
1.5575,0.049815,2150712.0797947687
2.0555,0.0011405,21231676.206773072
0.27219,0.00011111,19054293.65520121
0.53012,4.2338e-05,20672743.604941916
0.90925,0.0063978,4927463.835998154
4.8017,1.4636e-05,10774448.22339163
0.00039836,2.5946e-05,365530.5228514872
0.0011893,0.0085931,118575.64392963765
5.0536,6.3949e-05,123313.83864071418
212.96,0.00027089,153333.66696103045
642.45,3.9871e-05,69287.23205155895
587.51,0.00021009,783897.3196530545
0.00013852,5.2669e-10,11872.17023600418
0.00030275,4.8451e-08,65744.23085320136
0.00016072,5.3666e-05,18886.348882745373
0.0004347,1.2203e-08,56934.50618617569
5.7798,8.7245e-05,99434.0058159982
88.71,0.00028315,167359.16284988573
0.24517,0.0011185,41633.80307156501
575.16,2.1368e-05,132615.45972117267
0.00057315,0.00045417,19423.22514552594
0.00035451,4.603e-08,61832.00943079491
0.00025959,4.8467e-09,34306.81582198545
0.00040476,1.0709e-07,109038.85202059762
14.469,0.00034666,101541.46192998631
0.0075878,0.00013272,27475.219063017434
11.142,0.058857,128715.27215564056
2.794,0.0,34981.993668941344
1.3445,0.0,16348.620672007117
0.0046752,1.2101e-07,13004.695374246767
0.0016558,1.3278e-07,75320.11030701945
0.0026955,1.0496e-07,3430.1897529756966
0.032254,8.781e-05,11956.563766272411
0.0020095,2.8886e-09,7739.761561966339
0.0029856,3.1348e-09,5830.828309790353
0.0012928,5.6774e-09,10864.896856049025
0.001988,2.9537e-09,37251.660838221615
0.0035502,8.3984e-09,7063.807525974031
0.0021297,3.4122e-09,27733.711082131285
0.0015567,9.2605e-09,10781.633434198568
0.00087951,7.0031e-10,2114.906318428079
0.002314,5.0054e-09,46756.51011882916
0.055304,0.001711,34221.24454790875
0.001697,5.9087e-06,4499.617667079523
0.0027282,1.7916e-07,1958.1852687203009
0.0,0.0,1820.0777208969657
18.909,9.5113e-05,144205.53804677058
3.3512,0.032481,269058.04363515176
65.703,0.00012567,388363.25709766446
31.107,0.0025873,441299.94778741297
306.05,0.00011929,486453.1301349772
26.201,7.4302e-05,78148.06365584595
606.44,0.0012701,201205.0943086166
312.84,0.00063637,152279.59915773137
696.89,0.0034408,142621.67454491224
5.9706,0.00039401,95673.72504612707
157.47,0.0010785,238549.0627582356
55.399,0.00030176,143544.8878281139
25.867,0.00067163,216811.12869864784
81.646,0.00024238,1727428.5929127098
85.496,0.0012931,1092023.8619921703
3205.7,5.7676e-05,1116206.640019625
2085.3,0.00035567,1612962.3575269845
3.9195e-05,7.4663e-07,564612.815115146
1.9196,0.0052449,176869.43616259863
124.68,0.00049607,131944.1443524183
98.69,0.0090569,159005.2335511214
0.02172,6.9326e-05,333663.4795833321
20.637,0.00014848,1127956.895617362
9.275,3.8609,63584.87849469546
8.1133,2.7612,79061.29692019316
0.0099745,2.9375e-05,78093.17760682604
0.015287,5.1773e-05,56564.432001592795
0.097331,0.00041894,-15942.075289145974
0.19888,0.007316,654630.0794299368
0.47299,6.1314e-06,354059.78449342045
189.65,0.0017715,166693.25171609424
162.99,0.00044195,338782.9680690587
100.23,2.3646e-05,103451.81854232411
116.86,0.00017043,112218.24008814195
96.948,0.034735,111211.25094242475
67.758,0.0045618,306564.11915705074
2.7176,0.0,88910.25631619735
2.1864,0.0,41674.47898204945
2.1427,0.0,43068.337729951345
2.3242,0.0,40606.912450963915
2.1972,0.0,45020.30319255561
1.6022,0.0,24932.91539190061
1.1128,0.0,20526.90713651799
1.8807,0.0,34942.5466266447
783.42,0.0029727,790756.6911264419
26.22,0.00039843,1746939.5366409144
82.152,0.00033173,1306726.0058652724
108.47,0.0,322257.0012518414
5.7604e-05,0.00012228,252841.23585229568
89.424,0.0011399,626636.1442325577
0.48189,0.0084796,1078076.7757934155
194.24,0.0041859,869737.8382921783
127.51,0.010103,1793266.4552946698
130.89,0.0036786,208411.14412458986
0.00042885,0.034194,232047.3689924514
45.123,0.00043079,225151.4170092937
0.50456,1.0223e-05,328099.5034354898
36.004,0.0029208,4432700.795449627
105.08,0.0014559,5141207.260984963
109390.0,0.00092849,8867174.638939356
403.3,0.15153,977596.9647270686
666.19,2.046,678450.2059210535
97.707,1.1268,1088772.1939726265
159.09,7.0674e-05,83056.11659941451
2119.8,0.039551,461228.5441169394
132.5,0.012599,1112539.580593441
597.36,0.011979,281943.1210453618
2291.6,0.0,2836604.9564373405
867.59,0.084161,531299.6300938106
7896.7,0.030975,2061990.815856597
316.86,0.00015259,1339719.1733345375
44417.0,0.0092185,1641180.1620976368
2598.6,5.3903e-06,9937292.042069316
4068.1,0.47779,1460924.0739109116
15.015,0.039893,1775720.4834769673
306.97,8.1945e-05,6900082.245156554
3.5875e-05,0.00010134,3368487.7458976246
0.00010277,0.0025755,5268082.688415035
867.51,1.9485,1349436.5445819746
0.00023704,3.863e-07,840214.4407056975
8.0812e-06,2.7223e-06,13689.262266127682
8.717e-06,2.4828e-07,3052.7313162213254
5.9831e-06,1.3015e-07,5435.875974309814
3.0161e-06,0.040511,3847.5300245313683
0.0023725,6.2191e-08,3943.036834513546
1.9036e-05,0.0054799,40783.588130831755
4.2622e-06,6.6048e-08,-555.3560740172169
5.328e-06,2.7519e-07,6173.5477905507205
3.6917e-06,3.2611e-07,4047.7682424313257
3.7107e-06,1.6538e-07,2713.392165082676
5.7987e-06,0.0096187,6319.820967646357
9.0203e-06,0.29981,31248.214927751946
4.358e-06,7.4667e-08,-75.02959668378868
0.00034648,4.3572,21848.957153884683
1.5704e-05,3.099e-07,4104.937479475166
6.4616e-06,8.2787e-07,9316.750161504513
2.4908e-06,5.3148e-06,3688.810666507782
2.2705e-06,3.8977e-07,2132.468116613098
8.033e-06,0.020959,12333.307657937903
1.1583e-05,1.4967e-06,19145.505728926728
7.7272e-06,1.9432e-06,11483.034249980963
2.0568e-05,6.9767e-06,55748.961643239796
3.4434e-05,1.7349e-05,33887.500843480884
1.5197e-05,2.3155e-06,38306.316145171884
1.4001e-05,1.2489e-06,35010.12139670583
4.7875e-06,8.4677e-07,186146.25547070662
6.7814e-06,8.372e-07,14842.750266496963
0.037285,0.044034,524051.16080172214
1.696e-05,1.5699e-07,-1084.0409998878106
6.2273e-05,9.1825e-08,-325.6614861144959
7.089e-05,8.0645e-08,-411.8599497600021
1.8638e-05,1.9107e-07,-810.8892451429631
2.8795e-05,1.1575e-07,397.2280649795812
2.7604e-05,1.6118e-07,-866.7198658454795
1.6225e-05,1.7503e-07,-937.3453373721688
2.1781e-05,5.591e-08,-1941.9174751281705
9.5666e-06,5.4699e-05,-827.7629407811694
1.2987e-05,4.0139e-08,14890.910114243085
2.215e-05,1.1615e-07,-334.81917745940973
0.034393,8.8552e-07,-967.3216580371936
9.7217e-05,0.076416,31145.396843655428
2.6998e-05,0.13332,15656.24525735264
9.6964e-05,0.47555,13862.825179319036
0.0082852,2.5097,30231.32263961886
0.00053812,1.0347,271952.0835841544
0.00013515,1.32,70776.95897330531
9.5057e-06,0.40395,17737.487147322827
0.00045915,7.6881,32838.10342810567
0.0020123,6.8177,33158.331144278905
0.00073336,3.8836,17990.566076957788
1.2945e-05,0.087523,26776.4984669147
2.8509e-05,7.5887e-07,24263.203760869146
0.00049465,8.2951,11450.009307614591
0.53192,7.9747,291949.2882619703
0.0013684,9.9407,141451.714624879
1.8876e-05,0.074907,108422.08699924448
0.07475,0.014264,173476.55869349558
5.668e-06,1.7481e-05,93784.31529640862
0.0013086,12.099,14730.652861398505
0.00051867,0.0011944,32662.385035792053
0.00014008,4.3588e-05,9770.64944776769
0.00030021,7.2489e-08,-880764.5578283207
0.097568,14.496,1334665.1198869622
0.0001519,6.6056e-07,133005.84745502376
7.4882e-05,3.8891e-07,24228.758372739427
1.0866e-06,4.5937e-08,-4225.805943065564
0.0029193,0.034959,22984.62064388231
0.089646,1.0875,30994.39788706571
0.00028071,0.027868,76270.53567359467
3.5177e-05,8.2397e-06,5499.842114734681
0.00038374,0.00021754,11273.143931496448
0.00055212,0.00026666,10422.394172400775
0.0038364,0.56981,6182.217320913447
0.0012632,0.15334,3696.163450560349
0.00052379,0.0027801,1819.8350058861906
0.00039586,0.02193,-61325.71679848907
118.19,0.1809,47142.70664222929
6.4027,0.0097993,9180.681484642922
0.10058,0.00015394,9824.654132717917
2.3057e-05,3.2387e-08,47694.66833924655
0.16007,0.00024498,12839.647056045456
0.83399,0.0012764,28568.388067888496
2.9176e-05,3.7974e-08,2493.58114434912
1.7261e-05,2.0866e-08,5583.279464275252
0.0010628,0.0081199,141508.38617556152
2.362,0.00033168,306742.79255695984
5.5526,0.55306,130999.14809922625
0.055917,0.0049426,181493.6217331973
9.364e-05,2.5683e-06,134160.1301910624
0.002446,5.1746e-05,122949.6903025412
0.00042952,0.00040733,293682.84438160586
0.0015484,0.00010835,108679.79367578003
3.8225e-05,1.8009e-05,6594.0223036968955
4.9515e-05,1.2687e-05,10565.593262537395
3.7023e-07,2.9023e-06,699.1105832744895
4.57e-06,5.1265e-06,700.0750576064163
0.041214,0.0030683,491.06394750307044
2.7499e-05,1.4986e-05,3236085.6236589276
2.9047e-05,1.6944e-05,3969436.6886440567
1.4263e-06,1.7933e-05,504001.4123436514
6.5866e-06,6.7744e-05,25243.834120902713
7.1295e-06,6.0912e-05,19143.191828063445
7.0693e-06,6.528e-05,17004.278234186913
1.8544e-06,3.587e-05,34883.67669919466
4.1774e-06,9.4904e-05,58972.99585098621
6.9307e-07,4.7541e-05,6655.539696747671
7.083e-06,5.51e-06,1037.1277747112424
1.5042e-06,7.2489e-05,336354.50435188744
1.1517e-06,1.9509e-05,273536.35138963716
3.6443e-05,2.4706e-05,361914.40183746046
3.8462e-06,5.9915e-06,139811.6560608706
2.9214e-06,4.7357e-05,2082631.3198372435
0.00043373,0.00023314,3552035.2628824655
7.303e-07,3.8792e-05,378182.98094372166
1.4981e-06,3.0873e-06,75192.0411297253
3.3519e-06,0.00028879,2682633.1337236883
3.2537e-06,1.947e-05,3087248.0029979707
5.0959e-06,1.6157e-06,2255215.9528550897
1.523e-06,1.285e-05,346946.13031059515
1.3485e-06,0.0013635,869399.9016059773
2.4936e-06,1.4062e-07,1595.087857580863
7.7639e-05,13.443,2270.1300741217347
2.4885e-06,3.1683e-07,2670.2677857864246
6.3845e-06,0.0004643,5146.619777980821
0.012858,0.6676,21745.99030645375
0.018068,0.027125,11072.201123478942
8.8987e-07,6.7988e-07,763.0935818147145
5.927e-06,0.17345,-22.967315007525762
3.1926e-06,1.2306e-07,2030.5480877765133
8.7292e-07,2.763e-07,161.54012871634347
4.9808e-06,0.05116,1753.441280003059
0.00038278,0.0091443,17036.199799008282
8.7584e-06,0.36707,2439.064284197868
6.3551e-05,0.2203,10487.10007092373
1.5447e-05,0.098959,148.48069689881282
7.111e-07,3.1473e-07,56.11931903545424
1.2087e-06,1.6804e-07,-20.26078139447106
5.8077e-07,2.8941e-06,935.9854123913462
2.5965e-06,0.13149,418.9937946787402
3.2161e-05,0.27938,4617.277975281191
0.0015075,11.547,4026.7646634038347
0.00027202,39.162,5561.47363981187
5.3582,3.5006,21088.999997476163
6.8545e-06,4.3116e-05,16543.188581985076
0.00052206,0.63124,-196.57268202468902
0.12506,0.92105,20349.379042379696
1.3318e-05,2.9394e-05,24108.5169577782
0.0017935,0.0018535,5084.9799280543775
2.1522e-05,1.0783e-07,1.143998492483586
2.7141e-05,1.0447e-07,231.64058147292516
8.6438e-06,8.8967e-08,712.9515012566524
1.3438e-05,4.577e-08,66.29086030921823
4.9635e-05,1.5468e-07,-114.18457398032265
3.8507e-05,1.3468e-07,-417.8364038982163
1.0584e-05,4.2229e-08,58.74955494148671
2.1168e-05,3.0341e-07,329.95247661915766
2.3844e-05,8.439e-05,1311.1986625402621
1.9892e-05,1.7088e-07,-229.4903950506662
28.605,29.718,289.18370720667076
0.059059,0.00017811,-5738.500638829477
4.7918e-05,0.070512,3889.1150705373357
1.8652e-06,5.5241e-08,4417.76557854151
0.00031197,0.3813,3333.2460186545914
0.00076581,0.39324,5358.492216720626
4.6186e-05,0.0074187,4444.750715372643
3.0283e-06,0.0077983,5987.653989255903
0.0065609,0.04802,2141.7874723084346
3.4797e-05,0.089878,6425.701498365863
4.8017e-05,0.30337,10683.511030533173
3.8249e-06,0.0014029,4288.268235438901
2.2624e-05,0.068551,22300.150124825883
0.00010214,0.058009,4291.703897395649
9.5244e-05,0.48394,5861.845979754046
9.0348e-06,8.9992e-05,10332.784390287443
0.0031659,0.0023678,31602.395790561426
0.0062842,0.95751,9615.991077100422
0.58791,4.0425e-05,34758.22110977285
1.7403e-06,5.1904e-06,25247.451904972033
2.7473e-05,0.0045117,2824.089726028091
0.00013513,0.00013301,5209.721151358509
0.00023217,1.1385e-05,6413.117779344182
0.00024865,4.5235e-08,25915.815547344715
0.00017802,2.2526e-05,18948.70711550296
2.3509e-05,0.00077094,4860.112344780088
1.1432e-05,0.00020712,3893.620089227306
0.0042149,0.044799,14976.784183335885
0.0022675,0.024045,6925.20905509172
0.026442,0.28193,8308.74753641365
0.00010222,6.5884e-05,48698.83891365755
4.0633e-05,4.0702e-07,8871.1426829727
0.00021835,3.6939e-05,4156.304925416826
0.00023506,2.5406e-05,4231.221111450073
0.00084809,0.00016626,2011.9513947778855
0.00057464,0.00032015,3246.226598742355
0.0021557,0.22077,3421.8083155187605
0.0019248,0.38757,2040.948233894337
0.038101,5.1284e-05,2926.82694534096
2.112,0.002843,56.30610223372094
23.382,0.031475,416.61330473509474
3.302,0.0044449,101.99744849240379
0.15152,0.00020395,861.4372061756385
1.3744e-05,1.5222e-08,823.5287881925344
1.1822e-05,1.2843e-08,457.200663912795
2.7284e-05,3.3043e-08,337.4430811268106
0.018766,8.0171e-05,19182.89614650379
0.0012433,0.00065276,36175.35582653371
0.011153,9.18e-05,16582.619353196824
0.32286,0.023215,117112.54969148868
3.0546e-05,3.241e-06,46826.66311953639
0.00066173,8.8982e-05,53343.84151643844
0.00031685,0.00026497,12553.681679741174
1.182,0.0004654,28644.319388565713
9.5202e-05,4.711e-05,14142.25818849467
5.715e-05,2.8458e-05,7963.204999299238
2.2574e-07,9.8574e-07,44.24540523350705
3.271e-06,2.9255e-06,1110.984300160575
0.000373,2.9253e-05,-6067.0801203419815
4.0996e-05,1.1669e-05,769414.0583598353
4.1616e-05,1.4445e-05,1120918.5737802128
3.5183e-06,0.00051201,3184756.9423397365
1.6327e-05,0.00012088,89927.18535207487
1.1258e-05,9.296e-05,38359.786404310435
8.5186e-06,8.7549e-05,21570.238542108957
3.4822e-06,0.00011945,61159.09026992075
7.0074e-06,0.0001444,85973.21058913121
1.5797e-06,9.6098e-05,10949.078175801713
2.582e-05,1.8044e-05,1929.4138144439637
1.4205e-06,0.00010028,294945.20207207196
1.5791e-06,2.2079e-05,72747.41521221977
3.9975e-05,1.3057e-05,94421.19245380156
2.5917e-06,5.3219e-06,60135.0391424152
3.3838e-06,3.8609e-05,925244.7278186446
0.00046279,0.00016936,1285076.5517920996
1.2073e-06,6.7435e-05,105497.32139519481
2.5685e-06,6.8305e-06,45796.16356859009
2.4311e-06,0.00014477,1281612.3860043583
2.5763e-06,1.2186e-05,955547.5304522066
3.4517e-06,1.1214e-06,1060535.3599460814
1.2657e-06,8.4616e-06,240065.8152709874
1.037e-06,0.00091368,623409.0867390209
1.2499e-06,4.815e-07,2342.098210152179
1.0792e-06,5.21e-07,5306.325276567311
9.2603e-07,6.232e-07,1386.7632867605878
4.6318e-06,4.2726e-06,10237.666585700908
0.00046513,2.437e-06,17377.1714824934
1.8074e-06,0.00061668,629950.8504468522
1.7215e-06,2.1134e-07,2571.477396167236
6.5452e-06,1.453e-06,10375.753471283686
3.6506e-06,1.1694e-06,6344.41198540893
1.5493e-06,5.1927e-07,2231.066684547876
9.6501e-07,6.6046e-07,20076.490300256817
4.5039e-07,0.0024159,143917.36701083678
1.0285e-06,0.0023795,118722.50555323149
5.4058e-06,2.5044e-05,33577.040244166135
1.321e-05,7.5342e-06,5384.253514132614
1.1928e-06,9.7211e-07,10657.072956355181
2.1452e-06,6.3974e-07,3402.517183164414
1.0496e-06,3.6975e-07,1487.5374298934048
2.7641e-06,0.14424,48800.059381436295
6.9847e-07,8.7751e-05,2151.8866620258295
1.6178e-06,0.0050738,25453.166398350928
1.188e-06,1.7682e-05,62127.613272553375
2.1521e-06,8.0462e-06,1268.1650984652106
1.1914e-05,7.6757e-07,161809.5176158316
0.00049772,0.431,69717.46424305592
5.6785e-07,3.6617e-08,1262.2649193648638
1.0977e-05,7.5213e-07,31417.784235386018
1.4025e-05,6.9163e-08,2943.817482010178
8.0408e-06,3.5129e-08,47.82909253105336
1.668e-05,2.4855e-08,518.6638904071497
4.5068e-05,9.0456e-08,1167.943110401648
6.0633e-06,5.1402e-08,37.10009225885697
1.4804e-05,1.0847e-07,1598.384367616784
8.0737e-06,3.1423e-08,31.235224905093474
8.5728e-06,3.0281e-08,44.84294040181783
3.7223e-06,8.8237e-09,-147.19854707362
4.7573e-06,0.0012453,1310.1108678184512
3.7309e-06,1.5962e-08,6633.743454537644
0.0012921,0.0014764,223.80039959493155
0.00075945,2.2197e-08,1278.3993195529495
2.7701e-07,3.5788e-07,151401.09449586467
7.3913e-07,4.4727e-07,11938.214042089236
2.9676e-07,2.0384e-07,38940.3993039604
2.3456e-05,0.21047,110089.85347606576
0.00012566,0.11693,107734.2713305559
5.4683e-05,0.14443,10546.850404272713
1.3125,0.78385,97472.92826387881
3.5244e-05,0.35621,57883.633285794545
0.0035833,1.9283,18046.105400767952
1.6342e-05,0.31129,85573.00112364459
9.038e-05,1.4672,115895.64938277118
6.3592e-06,1.0466e-06,28118.66913127784
0.00061489,12.413,108877.62073029032
0.00093574,1.9816,610131.905319707
5.1246e-05,0.97186,625076.0078266702
3.6111e-06,7.1402e-07,88876.42601365603
9.6954e-06,9.6658e-05,338265.55731127586
0.00089448,0.028776,217558.48822040737
0.00081645,1.9486,11676.924739993014
6.3668e-05,0.0022478,7847.492235462629
0.00043421,0.00099261,133717.4157622844
0.0011108,2.3223e-07,141121.89854248028
0.0043409,0.31335,961504.3601808848
2.2644e-05,1.7024e-07,6251.5519051974625
1.0864e-05,6.8916e-08,4119.491952374734
6.7807e-06,6.5214e-08,1516.4094659106038
1.0086,11.941,15719.748059032025
0.01473,0.17421,3756.019548262512
9.2446e-05,0.0066231,109113.9617925278
0.0028913,0.0038564,27204.442849421735
0.0003847,0.0029926,3910.2995399099905
0.00036753,0.00082303,6359.282145542061
0.00022719,0.025948,649.8244342869774
0.0031133,0.30876,9549.03792069833
0.00027765,0.045484,1847.8807892057312
0.00010772,6.1903e-06,1754.5809631394789
10.125,0.015115,6334.900799930461
0.69668,0.00104,392.501995345001
0.00016728,2.4516e-07,677.604613241376
7.8851e-06,8.1415e-09,1367.6848394798694
0.011284,1.6838e-05,1584.1706577097216
6.7865e-06,8.0368e-09,521.1823676126253
7.6887e-06,9.7778e-09,216.26393703558773
1.0865e-05,1.3488e-08,1181.2781281558366
0.00050418,8.0387e-06,144477.1668485339
2.3713,0.00014045,32500.03285790218
0.032834,0.000175,318979.15977472905
0.0022157,0.00011577,11848.483813305216
1.0331e-05,2.8305e-05,21285.07784378792
0.051807,7.2675e-06,64664.5416547798
0.00075682,0.0018424,83371.22841094417
0.00080943,0.00025848,84391.77924646225
5.2786e-05,5.2611e-05,351127.3190597521
2.0908e-05,9.354e-06,14539.724427219764
3.633e-07,9.3076e-07,1658.8790855931838
1.7281e-05,3.4441e-06,75.0260768761979
0.0045348,0.0011326,674.2928496337826
2.6024e-05,0.00011193,828875.0900462382
0.00017743,0.001498,928072.495881295
3.8825e-06,0.000582,2302041.8995263763
2.4733e-06,0.00010694,113777.71167135611
1.4694e-06,2.3152e-05,28131.238873045324
1.5672e-06,1.0971e-05,13368.419603671035
1.9196e-06,1.7832e-05,58163.90439144986
1.2751e-06,2.6236e-05,31995.38735971201
4.593e-06,7.6786e-05,85116.78434963641
5.3804e-06,3.6789e-06,3867.448969876316
7.3961e-07,6.7265e-05,446878.59010925284
8.5779e-07,1.6762e-05,211553.594737153
7.8619e-06,8.9127e-06,283326.0920707711
7.9195e-07,2.1301e-06,307179.7214165894
2.8626e-06,9.5877e-05,363637.25760887377
7.2626e-05,0.000682,4805876.364120083
1.2303e-05,0.000821,487809.7351236855
4.8736e-06,2.6761e-05,147489.53490718018
1.3346e-05,0.00077876,1926054.6312510183
3.8765e-06,2.3161e-05,1100803.7786468125
9.1771e-06,3.0931e-06,1129234.025653617
3.6116e-06,2.4128e-05,250675.71232939843
8.1817e-06,0.72373,617542.8542203788
0.0041992,2.3775e-08,20296.766416422637
0.0079109,2.0544e-08,26558.830815751593
0.0044559,4.4667e-08,163929.5834832941
0.0024759,4.1212e-08,96665.8822936563
13.585,7.8675e-08,61526.94002283889
0.011866,2.6096e-08,1229918.4528236946
0.0028908,2.091e-08,4988.704471233296
0.0058725,7.6642e-09,4326.365391813913
0.0018039,5.0514e-09,1111.1133225565432
0.0046528,2.5418e-08,31946.158224519386
0.0022011,8.2489e-09,15816.305869326881
0.0028008,0.0017803,110045.79511732166
0.0030361,9.9088e-08,237560.11325320133
0.039607,1.3779e-08,23862.213912903055
0.0066236,4.4236e-08,366333.3157615695
0.0069378,1.4611e-07,742959.2824307533
0.0021706,1.9446e-08,2932.7230008530264
0.0053465,2.5003e-07,2481986.1049857456
0.015585,1.5446e-07,420309.5411945738
0.0075311,2.6377e-08,7866.52600024232
0.0031006,0.00013116,17773.687170185523
0.1426,1.0653e-07,61691.92672131179
0.34654,7.2784e-09,911.4970060956373
0.23205,4.4474e-08,6129.37748652758
0.25536,0.0002737,5894.630614990033
0.3927,6.8333e-08,11983.413755324342
0.46426,1.4148e-07,20177.226299555095
0.0011539,1.2816e-09,253.42598844206353
0.00024068,1.7462e-10,-27.557786949894915
0.00033992,0.0,127.78319983895912
0.00017239,0.0,207.98312300112443
0.00090055,5.8988e-10,289.03702533247053
0.0018453,1.7415e-10,340.41353537559155
0.00037358,1.6603e-10,131.627672033632
0.00040732,2.1252e-10,42.58381475740775
0.000193,0.0,-69.526061110725
0.0026109,2.7526e-09,6380.424275259734
0.0012427,4.6742e-10,20452.58808851271
0.0010695,1.3143e-09,472.68750000319295
0.00035953,7.7613e-10,21026.330273001597
0.00010353,4.1338e-07,1241792.5221120636
2.7632e-05,8.8275e-08,58838.90853807911
9.9547e-05,1.4681e-06,671732.4098299121
7.0826e-05,1.077e-06,972855.7956112488
0.00068942,3.2556e-06,702732.7547054593
6.1632e-05,0.00049813,78947.43970495916
0.00010333,1.0533e-05,592422.5613061877
0.00011847,0.0053838,67255.56494597775
4.5521e-05,2.2694e-07,14374.539710686127
0.00010823,5.6632e-07,43227.71180784387
0.00010217,0.0019516,562935.2507737458
0.00057154,1.695e-07,43840.195144653226
0.008679,0.89509,188872.7069570292
0.37207,6.0644,3830755.9569132347
0.20441,0.0010962,172595.59970039673
0.00020913,3.738e-07,55333.34436418994
51.92,0.0053139,2424851.8702791254
0.0045803,0.0087754,476292.7922113271
5.8925,3.102,329141.0329255831
0.32605,0.0011655,104150.97954957154
0.32609,0.00010157,272403.00506297586
0.049353,3.3692e-08,752572.3551692987
0.019705,4.3859e-05,1037129.0716360883
0.013949,0.094808,12284.56071827212
0.10689,0.00015146,859802.7652185656
0.00070954,5.5866e-09,98519.32417354904
0.6102,0.0081321,54639.97271037032
0.073336,0.00095347,44811.21673553495
0.0036596,0.00037576,596656.9655290605
0.0037658,5.4172e-08,288056.55430864735
3.8558,0.0013347,264474.02486073325
5.3618,0.040172,76453.22041143985
0.0088505,3.3099e-08,8369.106571621534
0.016876,0.0054979,264358.58278801886
0.0098731,3.225e-08,21424.98594909812
0.018766,0.0028848,97738.24876654094
0.0027566,1.8779e-06,72712.70029023936
8.3847e-05,5.7101e-08,-1859.090330473325
2.8217e-06,1.9133e-09,5227.4389379965105
2.0684e-07,1.1208e-10,9154.000466274736
0.0064701,4.4079e-06,1221.081726913757
1.6744e-07,1.0648e-10,2219.7565145605276
1.5489e-07,0.0,649.1888845539179
2.6899e-05,1.8318e-08,13342.27943180342
0.36473,0.0035628,422117.8422397359
86.193,0.010225,1752960.2133074247
33.647,0.00072066,1415241.8979777978
0.014182,7.2791e-06,372167.33794988116
0.0069571,0.00023525,234533.39736275148
13.28,0.064693,621070.9506450072
0.0073698,0.014795,584027.759353889
0.090003,0.001436,900701.5829017123
25.308,0.0038543,185101.25485628008
2.4706,0.00069643,235993.36291113571
0.0002077,0.00018429,195085.84345819743
0.00096421,2.1961e-05,154910.73871659866
0.30587,0.0056877,34047.11446669359
1.0136,0.021042,3054565.0344306757
3.4258,0.027728,3558798.5992647954
345.48,0.015249,2957139.9443211947
0.22376,0.021183,96750.81986455499
0.13384,0.019755,126519.73019498891
0.022359,0.002628,689900.3059681966
93330.0,0.047188,614650.4357963342
19310.0,0.15024,853205.2345180408
0.8109,0.010596,194709.08524811937
4.9963,0.0018028,43124.60102911652
8751.5,0.07692,2105872.8771888088
85.147,0.16389,352998.3780185925
14035.0,0.77794,1078601.168811457
27148.0,51.293,468634.1585212302
1131.4,12.169,1566500.6564145493
561.07,17.908,1513216.0206466708
10711.0,2.4075,1174206.1613508274
9.0535,0.28158,377386.5611491601
2342.0,4.2419,4612573.906136048
596.22,0.51524,3034905.5519302855
1229.3,0.53586,4242052.0980515955
7135.5,104.83,948499.9656802998
92.98,0.0020815,807296.3019185716
2.3215e-05,0.015674,47014.88293357423
0.0028098,0.0012959,11106.3558345776
8.9208e-06,0.69244,6588.912351289359
0.0020057,0.03739,12341.181041128792
0.0033519,6.067e-07,11393.58123162378
0.0012821,0.012704,75882.78892334548
2.99e-06,1.5465e-06,4335.5468554923245
0.00034437,69.107,59266.46768169353
3.991e-06,7.243e-08,5520.194500627738
3.0585e-06,8.8977e-07,4407.339705409866
1.1244e-06,0.010075,1013.1122420814825
0.18187,0.069155,62899.282341450555
1.9532e-06,0.0024496,2715.5493576912077
60.662,0.0028497,16445.094005330164
6.8988e-05,1.1432,4435.816838756672
5.6278e-06,0.38082,4777.007455003073
2.8174e-06,1.1819e-06,4066.9785665148224
5.22e-06,1.1284e-06,7505.714150975114
1.9301e-05,2.9164,4951.232330462248
3.2558e-06,0.162,2622.8598863988445
6.1822e-05,1.0093,1641.212358538437
0.0020314,0.59361,15500.37927940633
1.4873e-05,2.1144,5518.457969105659
4.0722e-06,1.4631e-07,9961.179332861633
2.3667e-06,4.0601e-08,4265.616329165258
6.2346e-05,0.00044115,28528.48921158779
2.3114e-06,1.2495e-07,5343.351025179754
1.688e-05,2.1194e-08,142.04509069060714
7.1843e-06,1.6952e-08,105.5218677831036
1.0036e-05,3.3941e-08,-38.37870393782579
6.9943e-06,1.6834e-08,101.21580132631706
5.4299e-06,1.9134e-08,59.0039993881935
1.1036e-05,1.5568e-08,163.72299648206106
6.3088e-06,1.6729e-08,83.75217733192123
6.7443e-06,1.7196e-08,94.53589677543219
5.7355e-06,2.1534e-08,-96.43548648969632
1.2791e-05,0.0001884,837.1575113772432
1.077e-05,3.8556e-08,288.50957652648736
0.059038,0.071616,-47.825460084226656
105.1,0.49423,-6098.415217704871
0.012691,0.0011512,18882.873999135998
5.0769e-07,1.1369e-08,1178.517821200837
0.00010218,0.12315,3041.3933370470263
0.00021102,0.0015553,42076.18782093907
0.0001232,0.079155,2608.172338433068
0.0044635,0.00069885,6467.670660045979
0.48497,0.012182,10403.851891226679
1.4727e-05,0.0004713,7209.891335837491
1.5548,0.0018114,37105.93695207988
3.7977e-05,0.0042152,11866.931912858212
54.091,0.0051205,74458.85290372572
1.4219,0.0006519,9917.944998500861
7.3852e-06,0.00050449,4311.869270062536
8.882e-05,3.8917e-05,12497.083113445273
0.0022813,0.018136,104177.14130188571
0.001907,6.8695,20497.267912794618
1.0901e-05,0.00048414,36152.356556713596
1.5151e-06,2.8463e-07,27312.244135111694
2.7902e-05,0.0019003,3698.7649198874037
0.00014888,3.2829e-05,6070.426571418502
5.7072e-05,5.3573e-06,2395.011703199197
0.00010233,5.728e-09,10351.69740793996
0.00029515,9.6962e-06,30872.46674121702
8.7435e-06,4.5131e-06,1838.2383151311221
1.3073e-05,3.2635e-05,2701.014372881976
0.01184,0.14737,13843.091315357879
0.026115,0.32523,6834.341415075568
0.0040175,0.049807,18015.467243843283
3.2825e-05,2.9994e-05,10652.984608759041
3.6758e-05,3.5632e-07,8001.054506414588
0.00015233,0.00050293,2471.564617326068
0.00017371,0.00016889,3039.5197591360493
0.0004699,9.0853e-06,1127.4803698743308
0.00065034,2.488e-05,1716.9023050141404
0.00089391,0.014641,1959.4573094673603
0.00068525,0.00039386,1706.5372192469515
231.08,0.36327,158.82804195610058
4.879,0.0076701,639.2751723573454
0.16625,0.00026136,-4.046485450822199
8.0133e-06,1.1004e-08,-11.847403888029206
1.7665e-06,1.2199e-09,-36.69669076963125
1.2308e-05,1.794e-08,493.19259707256845
4.8315e-06,6.7538e-09,-11.02010276769156
1.6244e-05,2.186e-08,612.6292977367534
0.0037053,0.00017585,8135.3892553737915
5.6503e-05,6.7777e-05,2789.992833230728
0.0031725,0.0025334,20646.07604504598
0.0001682,1.3141e-06,3125.7532436039305
6.3537e-06,1.6002e-07,9084.606356668692
7.1441e-05,4.2648e-06,29222.794934817284
0.00024604,0.0018856,10281.020444519994
0.00011538,6.5452e-06,20036.68460247722
5.3538e-05,6.0754e-06,7769.476623443207
1.1337e-05,3.3312e-06,1445.0036454340864
3.5607e-08,1.1721e-07,3.9447533660333267
4.4651e-07,4.5127e-07,-908.9295662661374
0.0051062,0.0012034,3208.249116162194
1.5454e-05,1.0917e-06,97877.47723340038
1.4146e-05,1.3733e-06,99233.3458134101
3.4113e-07,6.8585e-06,53017.67774349529
9.211e-06,2.8555e-05,19780.893736115766
9.6912e-06,3.3631e-05,20926.50761096679
5.1885e-06,1.6931e-05,11104.85516172739
9.9332e-07,1.9443e-05,15209.087315058629
1.5746e-06,2.3435e-05,17957.639485583015
3.1863e-07,2.0485e-05,2554.6265664918083
1.3965e-05,6.095e-07,839.6891748363802
1.4082e-07,1.5948e-06,23672.6492234971
4.0114e-07,3.1686e-06,29098.800249624263
1.7761e-05,1.8378e-06,33226.770552395465
7.6977e-07,4.4115e-07,3089.6879771375566
5.3733e-07,3.9745e-07,17036.941679733303
2.5033e-05,0.00066722,781440.0763351996
2.4757e-07,1.7865e-05,5086.120670630583
8.2032e-07,4.0813e-06,12529.235709057237
4.1012e-07,2.339e-05,225063.17071762236
5.6464e-07,3.9631e-06,108657.97036300928
6.7051e-07,2.1719e-07,57723.14510345761
1.2206e-07,1.0537e-06,8089.3283041765135
1.2497e-07,0.00013368,2998.6349851320397
1.0821e-06,7.5519e-07,1392.1572321700153
0.00046361,29.283,25706.824756713766
0.00026835,0.24083,23433.51153317884
0.94764,0.20609,26406.152163882096
0.0010401,2.831e-05,218065.50915488097
4.5043e-06,0.0044763,561786.432284301
2.4237e-06,2.5691e-06,3537.5532206141706
4.3511e-06,2.1467e-06,6562.283298400436
4.3196e-06,2.6404e-06,7325.716200642177
3.3763e-06,2.6002e-06,5148.182334818776
5.1203e-06,2.1114e-06,8638.027060616649
4.801,1.2181,348180.70525930723
0.00019125,16.58,42459.68376238018
0.00011841,0.015562,79565.74416825164
0.00036394,2.7051,7623.005186561216
5.8187e-06,9.4046e-06,25399.64344046321
1.8605e-06,4.0215e-06,2884.1645622673946
1.2201e-06,5.6122e-07,1532.4378072204897
2.03e-06,5.4419e-06,6954.858606125791
1.6647e-05,0.085216,30872.562243888886
0.0026894,0.18823,20618.356274337235
1.9449e-05,0.54568,105234.02810284113
2.2324e-06,6.0132e-05,2371.6900660853553
1.3033e-05,1.2248e-06,48846.52483898931
1.9714e-05,3.0368e-06,64971.92452611337
0.0046423,0.036882,19325.91880316365
7.2075e-05,1.599e-05,193948.83507796357
7.62e-06,7.163e-08,-221.64820737125913
9.3844e-06,7.1498e-08,74.24682534622802
6.7406e-06,7.63e-08,-429.3482874056697
3.5533e-05,1.7545e-07,2618.249567784741
8.0703e-05,8.5782e-07,1704.8015670780433
1.7347e-05,1.6934e-07,87002.849373555
7.6233e-06,5.5924e-08,-603.8682712053943
1.2767e-05,1.3399e-07,763.2521717553549
1.1467e-05,7.6936e-08,1163.2227097934992
8.6796e-06,1.2189e-07,-180.33420381973608
1.1804e-05,1.2236e-07,1669.1501720168326
2.1471e-05,5.7971e-08,-348.91284587899185
0.0075729,1.9298e-07,-3213.7211278370587
5.2186e-05,0.61053,1368509.0217491905
0.00011414,0.59345,35987.959379997585
0.00013181,0.70188,169774.42083160608
1.008e-05,0.064641,1242509.095648605
0.00016721,0.14984,183524.45932154666
0.0039617,0.00060441,6176.579581049312
0.09055,695.67,316977.68254508136
0.00017645,0.69464,15162.268629389782
0.0027394,6.7797,32337.468658922284
0.0049517,41.486,52564.02621134646
3.686e-06,0.022041,389658.756643322
0.010544,16.125,217696.69234488223
0.062656,397.36,422675.3038205819
0.00014941,0.28089,761164.6803625325
0.0017787,8.8764,392910.4579552918
0.020396,154.8,27963.726222423786
0.0018138,0.023027,258541.0516227633
0.0037711,0.090008,129974.02525619594
0.00010835,0.0051507,37220.32481081599
0.0066339,2.1757,87339.9511369135
0.0016978,0.0011013,72579.59541144238
0.00033475,7.4608e-08,35379.857472761934
0.013505,0.41045,153521.8004763079
6.0084e-05,4.1602e-07,19297.093760813183
1.6581e-05,0.0082675,4683.325011529004
1.2941e-05,1.1741e-07,2845.448652238985
0.25137,2.8993,11549.561477348274
1.3837,15.963,28217.846555122993
0.00017599,0.0051787,70159.22013990994
0.0027222,0.0038568,18174.548788924167
0.00014538,3.454e-05,10238.344247035466
0.00045909,7.841e-05,9158.31737829943
0.00037206,7.1295e-08,1152.6152990437192
0.075058,8.2196,9911.256189763686
0.00053909,0.040033,9737.633947018701
0.00092844,0.00063143,3537.1987229056467
163.45,0.23773,8677.868145056429
8.7406e-05,1.2437e-07,123477.98461170775
0.68655,0.00099855,9289.402026614784
4.8803e-05,6.3007e-08,30172.016169512353
3.765e-05,4.9006e-08,1091.731446712548
26.023,0.03785,180.52536211627023
1.4241,0.0020713,5669.087878203307
3.4742e-05,4.3652e-08,10220.275467437195
6.5696,7.3905e-05,22641.16710550697
880.32,0.0067973,45677.17792138646
545.89,0.0013492,116125.89720065071
0.00045192,3.4511e-07,12881.744346369116
4.1937e-06,4.4031e-06,8361.42880409977
208.24,7.3729e-05,79005.57303627995
0.010207,0.031258,50202.02398327815
0.0011791,0.011637,137549.87871363875
0.00010486,0.00013641,484005.6756126114
7.0342e-05,8.6489e-06,9663.03317382134
1.7494e-06,7.29e-05,83107.38890540745
1.6611e-06,1.5046e-06,4831.345868580704
0.00011312,8.2591e-05,9561.126341347821
4.4263e-05,1.2673e-05,2226138.1461139005
4.4904e-05,1.0952e-05,2735863.772507953
2.05e-06,2.4293e-05,895692.9329367903
8.6679e-06,0.00024768,316357.8989216591
8.1665e-06,8.1317e-05,19412.11558579809
1.1261e-05,0.00022514,187184.6628271767
2.7348e-06,5.0301e-05,41607.5295795825
4.1608e-06,9.0473e-05,51353.29588752931
8.4437e-07,5.0309e-05,60956.05179535883
5.2831e-05,2.7229e-05,2616.526921874665
1.7995e-06,0.00017416,4289565.15854025
1.565e-06,2.6269e-05,42616.72171089267
1.3462e-05,4.8449e-05,1056076.6656213955
2.6025e-06,1.443e-05,40406.03234479109
9.7411e-07,7.3881e-06,39987.68894988361
2.3487e-05,0.00016389,6636471.230520783
7.3958e-07,3.8462e-05,16167.331191235126
3.0045e-06,4.4703e-06,162345.22190583256
9.726e-07,3.4931e-05,6966835.341375041
1.544e-06,7.7442e-06,2646223.9932456175
1.7098e-06,5.8868e-07,445216.8583768496
5.411e-07,3.7313e-06,238244.23371192327
9.1697e-07,0.00088482,1405056.9523781477
8.3879,45.966,3002050.5914384183
15865.0,0.00059997,4384948.827320485
22.132,0.86717,3433476.437296532
88412.0,0.00045123,8253623.923667513
1258.3,6.3085,4272513.171663157
5248.7,0.044363,9778809.441500118
0.00091837,0.00049301,4033575.853890801
6295.1,1.0335e-05,1750905.582371129
1612.4,8.4402e-05,2414948.9859272186
0.00069751,7.3571e-05,3300510.731447533
230.19,0.052469,2385106.6029122197
5520.4,0.00046897,5045054.853385913
26310.0,0.00041245,3552152.814982771
10697.0,1.3239e-05,3895109.534657243
5782.0,0.0005096,1192347.8812018647
279060.0,0.0027533,11080118.456620345
0.00047222,0.0011964,1429616.081266669
0.00077915,2.1803e-07,5010517.663013798
6737.3,0.0011729,3240020.972821613
3313.5,0.00036664,1395433.1384882287
349020.0,0.003737,2271259.3261337606
110.13,0.0,5622981.777370977
0.11997,0.0,4258304.381150514
4.1566e-06,5.0793e-05,627197.5347994347
7.2196e-05,0.019001,394273.15487909346
0.00045874,0.00010869,8779468.179056918
0.00014529,3.4258e-05,1958141.086548198
11.6,0.00033048,825366.4860340365
0.00058975,5.8858e-10,117423.17732736151
0.18465,5.2461e-06,93759.86542528044
0.0010386,1.4135e-09,178226.46672265575
0.00060385,5.9338e-10,841760.6799727556
0.00038437,6.8274e-10,70951.08508240622
0.0004899,5.4688e-10,194249.0523563929
2682.6,0.07644,39426.8206148729
11268.0,0.32108,219323.05678902767
2.1458,2.5275e-06,199698.50132416343
59.259,1.1162e-05,254026.40148159597
49.412,0.001408,94891.8933969936
0.0,0.0,23908.468390346497
141920.0,0.028012,17183440.566189654
24.782,0.016724,2226480.023193362
4748.4,0.027809,6020426.991996343
266290.0,0.016958,19372835.23270092
38557.0,0.0014779,4628280.848406696
213.09,0.00061799,865237.525307485
13911.0,0.041523,2249918.205343032
2851.0,0.0020365,3618429.3653869187
4604.1,0.0066221,6455135.77924266
6465.0,0.0045851,3814526.7523597647
209840.0,0.084926,6662049.241011413
3934.3,0.0021081,3548752.3341018385
9898.0,0.0040377,1408574.9962241552
3.9447,0.00093204,21745911.435734954
701.08,0.0010759,11372916.427051073
1.5882e-05,0.0055775,8522580.068672847
9600.2,0.039636,15738941.852829538
761.03,0.0061729,19361027.350186832
980.99,0.0011872,1374868.1775707935
986.38,0.63207,4589003.201414568
0.011287,0.0063182,2808569.331220926
0.00021244,1.1349e-07,4512346.640114614
25135.0,1.6591e-05,27314801.18224997
1.8199,0.0001116,3076774.876372072
567.84,1.2535,6699619.711378184
0.062526,0.0020868,4294702.024165932
0.00049898,1.6135e-05,4332545.20723345
0.0012575,4.1441e-05,4411730.275368582
8.9327,0.00066026,20015784.51803678
0.001883,2.2551e-07,4211859.730608688
1.0153,0.0010838,3379626.8848732766
0.38841,0.00063844,2658874.449387819
184.61,0.0001388,381847.60117383266
126.42,0.00020478,631089.6346151475
162.55,0.00010099,308698.697891117
5.4746,0.00018583,380277.8705472392
0.091108,0.00012028,1207026.982061556
0.017412,2.2198e-05,261922.01317462305
0.14916,0.0001978,200893.9227000942
66.933,0.089223,172590.57094207813
1258.2,1.6772,192151.40170833928
8610.9,11.479,221655.67488453368
57.435,0.076563,131112.18882920535
25.146,0.033519,352511.163228603
2378.1,0.047214,6935169.686988922
865.8,0.022078,23117048.874962777
3526.6,0.0042864,44035850.25366332
87.321,0.0,6024187.924290041
0.043648,0.0115,9700904.978300806
525.59,0.0057869,17936289.630575825
169.39,0.12265,11363744.58256767
105.75,0.0031974,15117444.505039366
57.954,0.00025501,18697664.208922576
54.133,0.00057861,17465634.8132928
0.0,0.0,2247800.393189662
0.0,0.0,4112600.0000001863
0.0,0.0,2299352.399506629
12.972,0.011964,50547854.52346332
13.278,0.0097546,69911581.46398869
0.001307,0.014517,155042862.20826712
0.28636,0.0018669,19231618.489884336
0.40408,0.0015069,1616858.7776823465
0.3604,0.0018684,7571459.178175896
0.0054362,0.026745,1837258.6901469103
1.8488,0.0106,3958642.0885609984
0.012993,0.0014404,10203695.970063055
27.405,0.0022609,913237.6921524036
0.0011279,0.0003641,65043002.15348927
0.096213,0.095489,2931207.6290706517
54.074,0.59288,28808764.68438738
90.438,0.48794,23325654.038073707
0.00077593,2.25,108814998.02114631
0.00043637,0.9562,216671789.02508175
0.020191,0.053405,15347399.232791683
0.003138,1.0489,5865763.976222348
0.002605,0.020681,224375225.7291744
65.37,0.013079,112059214.11916384
48.158,0.0,113872114.48559995
43.305,0.47961,11054221.359776836
82.113,0.1122,78219051.00396928
0.051738,0.0,194.53340506856583
0.005745,0.0,227.37482520393195
0.037308,0.0,157.23548528965154
0.028426,0.0,140.3057641213974
0.14398,0.0,10620.346409661131
0.006971,0.0,120952.47273487145
0.025706,0.0,96.57221965926338
0.016846,0.0,61.82723459938327
0.061676,0.0,1524.8194824897969
0.030239,0.0,161.4427215864347
0.0018165,0.0,1012.2527650269616
0.018908,0.0,21293.516242392732
0.080573,0.0,448.94016204325527
0.052079,0.0,10775.346401408757
0.0018675,0.0,9708.857750081117
0.0070905,0.0,17285.869097723833
0.0054738,0.0,21.904963469950232
0.01694,0.0,218.97312743255762
0.01484,0.0,2998.757289384662
103.02,0.0,1880.9343084948748
0.0042841,0.0,11228.773738410518
0.02754,0.0,773.191863378486
0.047639,0.0,3271.8338917507526
0.0072518,0.0,2629.9738183538616
0.0052933,0.0,294567.88724701543
0.0059161,0.0,33904.06805181603
0.057876,0.0,13166.147409649522
3.7621,0.0,53962.04597501098
0.10488,0.0,-488.0829728250788
0.41327,0.0,2.345344466767604
0.4696,0.0,-12.980910799125308
0.47388,0.0,108.4348374528779
0.068774,0.0,-1232.3083530171518
0.48817,0.0,102.61498715905442
0.030718,0.0,318.3255341304314
0.046467,0.0,132950.4638174997
0.32557,0.0,78019.11572473314
0.047419,0.0,3064.5219107534
0.20088,0.0,448.92052841863074
0.11642,0.0,325937.01920657174
5.8388e-05,0.0,7655.67428741562
0.0017056,0.0,309.6288140378761
9.9735e-05,0.0,2382.586792739397
0.00011736,0.0,10918.58266282568
0.0002883,0.0,10770.876017125927
0.00041993,0.0,3214.6490957775077
0.0005752,0.0,543.5176004644934
0.0026463,0.0,9064.579961786312
0.0057174,0.0,288.2116732366802
0.00070584,0.0,4924.888100153528
0.0016172,0.0,1204.194489998028
0.00078948,0.0,10431.962844663882
0.00012402,0.0,993.4806205960331
0.0041899,0.0,416.95943708699264
0.43235,0.0,1105.3266815877187
0.0028476,0.0,239.66936597583808
176.71,0.17421,19792.792998057597
0.029809,0.0073906,58347.54571841702
0.27684,0.0,3203.5387479183837
0.00019455,0.0,3338.209497024111
0.00020435,0.0,2512.5616634919024
0.0032002,0.0,3435.0387405019924
0.6233,0.0,445830.0238493231
0.0014011,0.0,297.36622995858244
0.0014247,0.0,-370.4115063172566
0.00022674,0.0,2897.8211857803367
0.0047262,0.0,75.34127876422582
0.00023517,0.0,189.84550085774117
0.0,0.0,-0.7275553371614308
0.0036643,0.0,217.51151944525063
0.0,0.0,4528.664430404733
0.0,0.0,1958.9234226655913
0.0,0.0,2161.7805203225457
0.0,0.0,11150.669315805826
0.0,0.0,7627.6058914024115
0.0,0.0,1302.5570139447098
0.26697,0.0,784.4561740176831
2.5968e-10,0.0,5.6241818787202895
3.4801e-10,0.0,-152.8636146882473
1.0781e-08,0.0,-41.72864045427079
0.0083036,0.0,-145.64667208136692
7.3764e-09,0.0,-66.5929672127984
4.1595e-09,0.0,10.264205172629971
0.00031308,0.0,-126.87281500355121
0.00046335,0.0,4721.898812483326
0.0,0.0,15509.456223704967
0.0,0.0,0.29971970699880063
0.15724,0.0,17376.56130948178
1.9703e-05,0.0,587.417309239232
0.14805,0.0,9698.071530620124
0.0,0.0,9747.138775871748
0.31369,0.0,5355.387329419842
0.0,0.0,48389.68706131445
0.0,0.0,20175.90409469427
0.00071547,0.0,6.361331808441988
0.0046681,0.0,11441.53140320446
0.031058,0.0,13980.463905115555
2.786,0.0040278,638637.2889278994
3.4382,0.0059993,935770.7749615761
0.44228,0.0027695,521172.9625671985
0.25908,0.0036748,11993.614785006355
1.2262,0.0075443,27339.578248534275
1.8,0.0084146,22748.47161803528
0.00044441,0.00055499,61021.10160395272
110.96,0.23644,150751.25645816902
5.6033,0.0096329,4175.216640372425
15.547,0.21124,3386.8121493627114
0.069298,0.0,61504.3027034802
0.47189,0.0,21350.71669395856
192.29,0.42051,76833.33286188863
3.4359,0.00024383,51401.1422584286
0.038417,0.010919,78187.75591543507
1.6864,0.02873,50997.753137991094
0.009691,2.1357,321699.7807060305
0.71653,0.047152,27836.059099490893
0.0,0.0,3332873.5120080323
0.05086,0.0,1238989.9610752868
14.116,0.0,340169.3719550326
0.56827,0.0037288,10642.213317398242
2.413,0.0,13762.812982023182
2.0456e-06,1.3601e-06,2970.7046683601225
8.318e-07,2.7155e-08,419.55009681305967
7.0728e-07,5.9661e-07,1041.9531886467462
4.8702e-07,5.3328e-07,816.5360732563504
0.00048949,5.9343e-07,1637.5067229415906
1.1088e-06,2.8981e-06,126797.29714408243
9.3369e-08,2.2621e-08,130.00226029909
2.6918e-07,5.4241e-09,373.20268244911864
3.7659e-07,1.0255e-08,486.2895020669037
1.2827e-07,2.5459e-07,192.13209536675487
9.522e-07,4.0478e-09,1493.3658675182014
2.4866e-07,1.8904e-06,27843.94622232772
2.2602e-07,9.8012e-07,2004.2349757997133
1.4656e-06,8.0483e-07,47087.70199832748
6.3327e-07,1.0294e-07,248.0154494674303
4.644e-07,6.1905e-07,686.8654975191236
2.305e-07,2.3889e-07,338.0517532016581
7.4968e-08,3.182e-08,99.62267867137776
9.9006e-08,4.5084e-08,139.98975429178512
3.1814e-07,1.0929e-06,500.5120079909268
2.5584e-08,1.8149e-08,35.93775727953194
4.1241e-06,3.436e-06,2339.5923478387754
9.6974e-07,2.1664e-06,557.7403053997316
1.8451e-07,4.7521e-09,1017.4302159945272
3.4163e-07,6.2088e-09,882.6795229731143
1.2093e-06,1.8962e-08,3138.7429402403113
5.3597e-07,6.6197e-09,1379.7441521566113
1.3098e-06,8.8211e-09,17.0871642503004
8.1539e-07,2.4419e-09,4.758438748025157
7.8221e-07,2.225e-09,4.942831787265582
9.8226e-07,2.0224e-09,3.447811966210753
8.0053e-07,2.3057e-09,4.748622828825007
1.0173e-06,1.8304e-09,3.578535263444762
8.0925e-07,2.3695e-09,4.7455736367347585
7.9694e-07,2.5053e-09,5.474415294815201
9.815e-07,1.6868e-09,3.59732574362646
1.3692e-06,6.7942e-09,1034.1278646390451
3.5279e-05,2.64e-08,452.8227700242395
2.4817e-06,1.7747e-08,31.62004740802249
0.00033981,2.7381e-09,-782.0595267228715
3.1887e-07,7.9151e-08,945.2380131096396
1.2359e-07,7.7301e-09,297.1689560215797
1.2379e-07,7.5538e-09,283.62439590490084
2.1953e-06,0.02678,556.1738729118761
5.6963e-06,7.6698e-08,7693.330893266226
1.5431e-07,1.7694e-08,458.36330245432674
1.966e-05,0.38648,17870.232313983102
1.1488e-06,4.0038e-07,2287.9966913200687
1.191e-06,3.7509e-07,3034.833484152142
2.3037e-06,0.0050377,3892.07315782036
1.0799e-07,5.8859e-09,1214.0245426948454
2.9769e-06,6.6309e-07,4982.500731141632
1.8453e-06,2.5697e-07,6139.530801410654
9.8283e-07,2.7293e-07,59345.23311959568
3.6465e-06,0.10453,39009.52039534437
8.661e-08,3.3929e-09,190.05827270271251
1.3947e-05,0.00014748,58179.434722826976
7.6808e-07,1.9799e-06,12404.616574028374
5.3967e-06,0.00069066,1781.7373520493927
4.5371e-05,2.8979e-06,1715.2612557513137
4.4936e-06,1.0796e-07,7858.415196145129
3.0135e-05,2.6589e-09,3110.055037615604
0.00013043,2.8777e-09,13504.721370644127
1.9823e-06,2.738e-09,416.64034251831606
4.3852e-06,1.6735e-08,946.8662153647125
4.4207e-06,4.1615e-09,923.5329491784064
1.4048e-05,7.3846e-08,3034.64570189125
1.3307e-05,4.0922e-08,2890.9420828353987
0.00016699,0.0093106,60352.14599452225
0.00049057,0.00061969,9011.042902229981
8.7446e-05,0.00015833,1074.238270496363
4.7825e-05,5.2876e-05,824.4621856760047
2.4278e-05,0.00010342,63.43592434185973
1.9444e-05,1.9451e-08,2392.7800252603643
0.00017009,2.1824e-08,500.17807660661924
4.4324e-05,1.5558e-05,287.1102277484088
0.0013248,2.0231e-06,6611.9834601105495
2.2406e-06,2.1908e-09,127.73209785619147
1.7301e-05,2.2583e-08,1978.4694012859982
1.7576e-06,1.7272e-09,89.10601953262304
1.6592e-06,1.5054e-09,96.69485235631035
2.7473e-06,3.0705e-09,115.74693951728597
2.4022e-06,2.7006e-09,96.35809807295848
6.3534e-06,8.8544e-09,2871.1357904143356
9.1511e-05,0.00024479,1785.9673590134864
0.0021384,0.0009539,54370.49944228589
0.00069207,0.002461,93844.05035816325
0.0008125,7.3736e-06,11871.216156171518
5.6515e-06,4.3266e-07,22552.295979492606
2.0222e-05,5.5484e-06,21087.96151979279
0.0039857,0.01863,23825.394403184364
0.00022437,0.0012581,63602.08218333053
8.6706e-06,2.0123e-06,22296.897552741655
6.0752e-06,1.802e-06,17633.319503094615
1.5614e-08,4.6829e-08,90.79035998466087
1.5242e-07,1.0864e-07,-16.081784790031566
2.0497e-06,1.8168e-06,850.1214255752913
4.0852e-06,1.5156e-06,259795.27381829175
1.3237e-05,6.2564e-06,205437.50793118373
5.4305e-08,2.524e-07,336928.13632964296
2.5037e-07,2.8119e-07,295125.67145464174
5.3406e-07,2.2348e-07,40898.93158394633
8.8375e-07,1.656e-06,17523.293852816092
8.1436e-07,1.7522e-06,11217.45002904208
4.8079e-07,2.7769e-07,40424.153169661324
2.2322e-08,6.9515e-07,8697.082729326403
3.0581e-06,8.9132e-07,6809.324563033259
2.3176e-08,5.1197e-08,4047.7791863185807
2.7049e-08,1.5411e-08,43332.79184478311
1.5215e-06,4.8339e-08,24040.286378160108
2.4716e-07,1.0426e-08,258251.06776067545
1.2054e-07,4.0757e-07,59403.60498175534
7.6623e-06,3.0532e-06,58850.8086536215
9.6243e-09,7.5154e-08,85421.51902812748
2.147e-07,3.4509e-07,44831.907222268404
9.5337e-08,5.5951e-06,384538.5144938562
8.3401e-08,3.9487e-07,131216.24077657718
1.0894e-07,4.4254e-08,112532.28105793509
5.4522e-08,2.7706e-07,6142.337711678904
9.3268e-08,5.6137e-05,33492.90494602254
9.9683e-07,7.7255e-07,1223.5123962315222
0.58743,1.1205,16245.866829974471
7.6077e-06,1.5978e-05,34883.38490025148
3.2077e-06,5.4417e-06,5231.804086489625
0.0016175,3.3788e-06,29236.330909745757
6.143e-06,4.0281e-06,15998.98639467778
1.1426e-06,5.0008e-07,2381.8562645378242
3.7413e-06,2.6409e-07,4677.317540313122
3.8564e-06,4.5267e-06,5647.622920612468
1.4133e-06,2.2061e-05,2975.252323347614
2.0642e-06,5.1877e-07,3018.7289560684953
2.8097e-06,1.8571e-06,15687.950761076663
2.3418e-06,4.5221e-07,3127.5752332328516
2.7565e-05,0.00064053,31402.25058449423
1.3589e-05,1.0661e-05,66387.54042947668
4.139e-06,5.1981e-06,6089.648944378502
2.4103e-06,4.6504e-07,3530.2076081396035
6.5826e-06,2.7179e-06,11704.803208891324
6.3531e-06,8.6127e-06,12531.926833029182
1.9953e-06,5.6635e-07,2800.7669443996283
4.3767e-06,3.9803e-06,3624.455131217491
1.2332e-05,8.9802e-06,6828.515455790731
4.5475e-06,7.8097e-06,2414.648614811486
4.7248e-06,4.2347e-07,12931.945301323542
7.7428e-06,1.4269e-06,20498.05078157769
7.7038e-06,4.3808e-07,58405.46258022571
7.8773e-06,5.3373e-07,18844.511650121356
1.855e-05,2.6784e-08,-1136.4687607785274
1.6008e-05,1.136e-07,-185.13843698842905
6.7149e-06,7.5445e-08,-88.58240736148232
31.274,36.791,6291.763100920159
6.1362e-06,6.112e-08,-624.0328981500795
7.1041e-06,3.6321e-08,-1774.8478987911005
3.9595e-06,5.1899e-08,31061.062975373236
1.4515e-05,2.1541e-07,-135.0495161154584
3.9403e-06,5.9947e-08,20159.874751766627
9.1845e-06,1.0351e-07,-198.48190176258203
0.00010776,0.012085,2579.8072933012186
0.18768,0.22078,545855.4501130031
7422.5,33.844,28469.897118732406
0.0032698,3.7562,64.58538296447142
1.8442e-06,3.9179e-07,4473.300455602137
2.991e-06,7.986e-07,7556.178026639196
1.6888e-06,1.5002e-06,9263.616264736067
1.2877e-05,2.8331e-06,59431.23242986765
3.0584e-06,3.8856e-06,9587.958382656769
0.00054964,2.6417,2903.7001536936514
3.3627e-06,5.1808e-06,6563.533534420285
4.9786e-06,1.9116e-06,13819.730490974349
0.00023212,0.43696,4255.934091530803
2.5469e-06,0.00020724,13721.194451609772
1.4949e-05,3.309e-07,8641.26244970043
2.7688e-06,1.3228e-06,7249.228485373558
1.2833e-05,0.00030281,56282.52771573021
0.00021347,2.6415,92464.50691356484
0.0028396,4.5782,12560.384962617838
0.00027901,0.0044159,102567.51528035216
2.5548e-05,0.00067193,43810.26087039758
3.506e-05,0.15707,2375.026558589008
0.0013633,0.10452,14166.507008062044
0.00064846,0.00047789,880.3972732090738
0.00023032,5.5079e-08,24173.71942977751
0.0065673,0.070552,82089.6813151205
1.1837e-05,1.2266e-07,2429.572011508071
1.6807e-05,2.0903e-07,3644.3146680429722
3.0085e-05,3.768e-07,8136.654367845909
4.109e-05,6.7207e-07,-5442.905897219406
1.8367,22.206,-1738.08478486785
0.00020235,0.012457,-11991.402358715699
0.019753,0.029067,39155.87322949229
0.00082511,0.0019777,11122.71591585787
0.00023902,1.8799e-05,46655.64212940509
0.00055576,0.0015222,2086.9239177365257
0.03295,2.1361,2875.7261794249753
0.0016206,0.0014512,3798.962847274919
0.0050474,8.2626e-07,36397.42608752024
1.4748e-05,1.6678e-08,561.9723147362297
8.7806e-06,9.2772e-09,1195.5186258133751
1.5542e-05,1.7857e-08,860.0526854491206
1.9029e-05,2.0279e-08,1391.5150801985071
6.0133e-05,6.4798e-08,2910.671152506696
1.5432e-05,2.2033e-08,392.45160807534756
1.9376e-05,2.3882e-08,173.08102311584477
4.9177e-05,6.5035e-08,1699.014378479201
0.00011958,1.7621e-05,45458.383094665296
0.11175,0.25259,8245.938604726829
0.00035622,0.001285,37661.302150964744
0.027985,0.0015908,14001.941361572523
1.606e-05,5.6423e-06,27185.892662461763
0.0051526,0.00038634,37896.008971263574
0.0017332,0.025837,22157.08257902273
0.011476,0.039418,72182.17181526567
0.00012722,3.0629e-05,29248.60667803706
9.4992e-05,2.0572e-05,14094.851304594176
8.3359e-08,8.2579e-07,15.811237992357432
2.858e-06,2.8792e-06,120.84561984710551
0.00045007,0.00010732,24941.12865194052
3.9453e-05,1.1584e-05,1729905.6763836737
3.5824e-05,1.0954e-05,1879894.0979897282
1.6777e-06,0.00058356,2839571.382815582
2.1633e-06,4.9686e-05,5259.7473711071725
2.7859e-06,5.451e-05,6714.206584858101
3.7697e-06,7.5459e-05,9259.447962372777
1.9852e-06,0.00010642,37668.12329774204
3.7302e-06,9.1927e-05,45524.13546547594
1.2023e-06,8.9261e-05,6208.978928854093
1.3829e-05,1.4076e-05,1555.6351104193354
8.9792e-07,0.00014465,261825.62982169498
8.342e-07,1.569e-05,17175.47892767608
1.7677e-05,1.1733e-05,32695.299005448087
1.6659e-06,1.0739e-05,9814.222519510136
2.5643e-06,4.9926e-05,441599.52373600495
0.00067074,0.00023103,859402.719478611
7.9644e-07,7.2661e-05,15626.704959531655
2.626e-06,1.5041e-05,23369.74266683128
1.5442e-06,0.00011065,4662367.77509547
1.8756e-06,1.1383e-05,683483.3912196443
3.0687e-06,9.6924e-07,510911.99050932546
9.3947e-07,8.1452e-06,51078.0222939367
1.43e-06,0.001707,478847.4383914738
4.5923e-07,8.2908e-09,651.0216879654586
4.7355e-07,9.9797e-08,230.64621839971065
4.4297e-07,1.1352e-07,631.7486287956692
1.6808e-06,0.0063764,2258.6378412804856
0.00018028,4.1649e-08,6380.847164796754
9.9135e-07,7.4684e-08,13145.402614715907
1.4723e-07,2.4204e-08,202.81866429161897
4.4056e-07,2.6512e-08,634.9779735697538
2.9597e-06,2.3522e-06,7402.700521104276
2.8296e-07,9.1464e-08,1046.0018434171025
5.6294e-07,0.0012035,792.6818722701536
5.6452e-07,0.00032029,16193.237113232524
5.6477e-06,0.56431,4189.406607548196
7.6831e-06,4.482e-05,4230.9862857630005
1.2745e-06,4.2488e-07,17912.66481486288
9.8587e-07,4.9032e-06,30143.251919185106
3.176e-07,4.2151e-08,446.5180666359025
4.8769e-07,6.8998e-06,7193.874476729201
4.1958e-07,1.0247e-08,604.6990413407632
1.8976e-06,7.4999e-07,3014.2951534887993
0.0080292,0.00010978,10679.246700588033
1.4533e-06,2.483e-06,1178.6116842830706
4.4834e-07,2.4002e-06,724.7436084937098
2.8095e-06,1.0405e-07,7443.516236724111
1.3717e-06,4.2284e-08,3599.7283937902243
7.4105e-07,2.2559e-08,1907.547388213295
1.5195e-06,4.3581e-08,3974.9132960807765
1.086e-06,4.9874e-09,-3.1245012728742783
1.057e-06,3.8529e-09,-9.450451339771716
9.1074e-07,2.6729e-09,-23.43597448118528
1.1245e-06,3.1584e-09,-13.334477542960363
1.1674e-06,3.5283e-09,-8.012398701391946
1.0689e-06,3.4937e-09,-11.511814768906206
1.0573e-06,2.7987e-09,-16.174934733009863
1.1168e-06,2.2593e-09,-24.449314284801485
2.1423e-06,7.0572e-09,212.97988588625958
2.0236e-06,5.0231e-09,8.5761143010607
2.343e-06,3.5143e-09,7.652262766388399
1.7721e-06,3.3607e-09,-1.6811938620065818
0.0012409,7.3375e-09,-79.4357050218154
3.9741e-07,1.9876e-07,16316.542346752438
4.0733e-07,4.1514e-09,966.6227628112852
2.6956e-07,1.7609e-07,9355.01044753197
6.1735e-08,2.7697e-08,8471.124021741203
2.1755e-06,1.5797e-07,17002.639606798286
8.6642e-07,5.706e-07,7001.783027418846
6.9163e-06,0.010726,6391.093763683255
2.6883e-07,1.0225e-07,499.4368716707775
0.000954,0.23479,80801.9780325456
0.0045177,1.0261,7302.846626650652
2.7171e-05,0.012356,6848.193241551924
1.1856e-06,1.4542e-08,6339.249527828763
2.5871e-07,1.2173e-07,7730.779905852342
1.0412e-06,4.3884e-08,43483.24018346188
4.3647e-05,0.73407,44859.785453455755
1.0838e-06,1.7362e-07,4391.299504705253
0.00045723,0.0005406,189762.03137701162
4.311e-06,6.5776e-05,17392.05464821661
7.5806e-06,0.00015122,1311.8004419473964
2.316e-05,9.1091e-07,1110.7374842911997
1.8902e-05,4.874e-06,1145.586925875393
7.0096e-05,5.0521e-09,7281.5786146669125
5.4187e-05,2.5856e-09,17174.118864159842
4.1417e-06,1.3126e-08,874.6284568912486
0.00013944,0.23335,11542.993391056147
6.2431e-06,1.2803e-08,1411.4331152313769
8.4173e-06,1.1223e-08,1868.3072937848972
1.325e-05,1.4432e-08,2826.3689954972124
3.4297e-05,0.0012718,20358.23600927458
1.1633e-05,2.8645e-06,2195.3729923908086
7.6212e-05,1.4955e-06,1419.8734877629283
5.212e-05,1.2675e-06,1091.7583673255135
0.00018708,4.2295e-09,437.0962529454457
0.00012887,0.00040118,417.90245452776014
0.0001919,4.2027e-09,468.2356086152503
0.00018757,3.9988e-05,447.04321624519105
4.0144e-06,5.0777e-09,137.11159107207587
1.0501e-06,8.619e-10,78.96751493557794
1.427e-06,1.3816e-09,79.66134938559695
8.6625,0.013235,302.738858890508
2.2809e-06,2.2024e-09,849.8563656965633
1.4918e-06,1.403e-09,64.8950108233418
1.1392e-06,1.283e-09,36.054976077547096
2.0832e-06,2.2366e-09,1579.6848762638463
0.00024625,0.00040854,32936.42596926802
0.0015793,0.001155,167774.35373146005
0.00094548,0.015374,46281.215830695146
6.6089e-05,3.6639e-07,62662.92855276223
3.356e-06,9.0294e-08,5094.720505877064
0.0051521,5.9491e-05,61787.4799742897
0.00018883,8.2585e-05,24589.044419339516
1.7547e-05,2.5469e-05,18217.716586825056
1.9071e-05,1.1921e-06,2771.0514911272826
2.1174e-05,1.1098e-06,3145.4555621459363
9.6379e-08,3.8672e-08,16.41071841695744
2.5015e-07,1.831e-07,137.93987391466698
1.7815e-07,1.0167e-07,-14.129257007286117
6.664e-06,3.3381e-07,41486.59941479975
5.4385e-06,3.3588e-07,52505.87953667916
2.386e-07,1.2491e-05,404050.1539548435
1.0093e-06,1.3664e-06,2221.5189704473682
8.5444e-07,1.0968e-06,1847.7793581922651
1.1476e-06,1.2467e-06,2500.099880467466
4.6013e-07,1.3117e-06,6519.187705772997
1.0382e-06,1.7704e-06,11133.487760945582
5.7804e-08,1.7505e-06,1217.6822572487204
1.1443e-05,9.2974e-07,538.7207840314712
1.2744e-07,4.0512e-06,49811.02465913742
7.8442e-08,2.5631e-07,2661.559562772046
3.5013e-06,2.7181e-07,9121.32882554925
7.8503e-07,2.576e-07,3682.264409902577
1.6495e-07,1.7835e-07,13654.572989195653
0.00019682,9.4782e-07,41884.65532855204
1.6212e-07,2.7965e-06,80696.13887043152
3.7235e-08,2.8152e-08,880.4970416892126
1.2569e-07,2.4221e-06,118701.65113692952
1.2049e-07,2.7325e-07,141372.8379146454
1.1525e-07,6.1088e-08,145310.7951016006
6.8141e-08,2.4376e-07,40979.66038766509
6.723e-08,3.3585e-05,98174.77233782753
117180.0,0.17826,3604031.979728198
1509.0,0.0076873,286189.9492229683
1023.8,0.00022344,435184.01925409853
1640.0,0.00025696,2513331.546070514
279.83,0.017431,129997.72125747595
17500.0,0.00039079,3713530.0043857456
0.00034185,0.0089166,64605.564053650574
52.2,1.4215e-05,121165.115511532
5.9058,1.932e-05,73020.5137921252
467.07,0.00067745,326977.889281196
69.721,0.00016677,292784.5703710932
944.54,0.00012203,975050.0811700503
1.9034,3.4341e-06,158197.9270731408
37973.0,2.2836e-06,4204566.700951661
691.67,0.00022117,94539.17559776847
183.31,0.00010969,347332.9492475249
0.00014167,2.8596e-07,121320.92542959152
0.0038214,0.30342,611678.0312864925
270.97,0.00011672,226268.30889926382
3.4896,7.7053e-05,176143.28819703564
38791.0,0.0004891,8975045.318265075
376.29,0.00041056,500271.5376075868
209.69,0.0004542,855511.849771619
0.00044115,0.00013885,394403.44751313014
7525.6,0.00085084,2510002.0028840415
0.17138,0.035147,209765.70176987507
0.00072297,0.00013939,97971.28911266201
0.19279,0.0012333,75303.06996722585
0.0010959,1.9644e-07,43007.254846664735
1.1123,0.0071597,58456.87981878391
4.0144,0.025867,223275.6695036688
37.097,0.2391,37704.11264986142
215.16,1.3868,491987.769178421
0.00098048,5.8681e-08,212718.92331816143
0.041401,0.00026474,11147.119091157938
7.5595,0.048718,418328.1754074377
0.021006,3.5692e-05,598154.6561082712
15.948,0.32256,543827.9165567557
0.0014252,1.247e-06,42647.40636048926
80.155,0.20613,3311541.542564216
16514.0,0.0015005,8933009.528909797
115.94,5.5217e-05,569323.3297675898
190310.0,0.0031579,5048052.095733691
25559.0,0.0026943,7360512.567656169
38311.0,0.00014224,1650136.4198583828
50678.0,0.00016429,987879.5988004252
10463.0,0.00017076,372562.75873841613
26891.0,0.000525,949217.7537584474
4668.1,0.00035002,1178742.7967010445
116.86,0.00015618,223002.2126192969
23996.0,0.00024042,4550716.5819379715
109900.0,0.023468,1206347.1887080958
958.8,9.84e-05,513140.5612742744
389.14,0.00020189,21727787.0488575
36568.0,0.0032232,13616938.639093528
2148.5,0.00081532,3674067.142051373
6586.7,0.00074184,3094213.0392958396
0.0080034,5.9602e-06,243298.85876384267
818.08,0.00030851,2661252.8613859266
19128.0,0.087491,4627817.319046407
454.46,0.0021987,2262687.3742882353
0.0042649,7.9685e-07,3686303.7997225365
60025.0,3.1019e-06,12760025.337259147
0.67753,0.00027982,1124265.6511733613
2816.3,0.0055072,3183334.622488652
0.18261,0.0028617,418849.3756416688
0.004646,6.215e-05,580207.7270374126
0.0024331,2.3872e-05,767383.2654261531
563.6,0.055232,8050703.045005773
4.4765,0.0016124,1911690.382797107
7460.2,0.037217,3831024.7341801818
6738.4,0.02945,3976450.5990709984
2550.7,3.7316e-05,504685.02511478716
3136.3,9.3389e-06,444873.068203467
362.59,2.506e-05,561954.7787005601
7.4336,0.00010121,1379108.146948902
0.063642,2.1217e-05,503632.79084566026
0.031924,1.0599e-05,147029.99114462308
0.006079,1.8961e-06,240847.7585312893
0.32111,0.00010755,357458.7696258106
0.10534,3.5238e-05,274455.3052889254
1.1987,0.00040219,229387.40652996703
193.09,0.06481,48096.90755992997
0.22921,7.6788e-05,619301.162931169
91189.0,0.13076,5608284.753971378
710.14,0.0051084,16341256.141370725
631.1,0.0032445,47578945.44820327
6792.7,0.010199,15282986.06257597
2.3802e-05,1.9311e-09,853041.5549299814
1050.0,0.0027352,7046024.545987903
131.91,0.048372,3727930.8841858283
12873.0,0.07986,14836836.919678954
4584.3,3.509,12951805.571268436
60.581,0.030868,13939609.894628905
0.00015711,2.26e-05,944367.5851041093
3.6246,5.2874e-05,1525278.4972178151
169.86,0.0024289,3313676.200803177
1164.2,0.078129,112323767.60268426
15358.0,1.285,167339747.9945862
1743300.0,4.6122,166834080.01810178
97223.0,77.158,6962537.389060828
36175.0,25.452,6737110.099831677
8334.5,6.6664,7412537.9977760315
29847.0,2.4169e-06,4401425.469406096
111820.0,0.044596,5280714.431549308
6116.6,2.3275,5641478.454281587
13522.0,0.92256,2182829.3372260476
91552.0,2.0569e-06,51482252.2174952
13725.0,8.6078,19254403.153944425
44979.0,3.7931,40707700.663634166
73347.0,15.683,30055844.229785968
1844800.0,561.29,95067903.88748813
3382.2,7.7515,331835424.27283794
865170.0,34.027,20696598.80464865
24604.0,42.751,12473374.556456046
131380.0,16.568,238389246.97675204
25578.0,0.00053364,122159569.61673906
15029.0,0.020313,171389444.10493812
59754.0,0.95379,16947466.55359808
71.261,0.17896,28520869.683977153
0.00024661,5.1243e-10,154096.46398225345
0.00029311,1.0599e-06,91872.07271466983
0.00023671,2.6242e-05,145477.02014427065
0.96251,1.0817e-06,405122.8698908987
0.084059,1.3912e-10,35648.38316124531
0.00014742,5.1523e-06,2863510.79867722
8.8675e-05,2.2188e-10,24531.518847537216
0.00063285,0.0018555,70190.54397485826
0.0010101,1.6479e-08,147534.31448066168
0.00014069,2.7803e-10,40307.79233531482
0.1615,9.8103e-06,516905.86344210926
0.0013387,7.0335e-06,1055235.4505253988
9.6139,1.8657e-05,55066.53742024456
258.33,2.3767e-05,331515.6808976711
0.0011679,0.00010256,44200.183431041434
0.00014659,0.00070704,308669.2939521348
8.426e-05,0.0,-773.3465326054093
0.00015342,2.164e-10,28512.310138425466
0.00012597,1.0662e-05,33618.049258097024
0.00092007,4.2814e-05,258235.6180817187
0.048385,0.00066885,297628.4630460419
0.20754,3.8952e-05,134316.11947876826
0.00010041,2.4024e-05,19760.31233831152
0.0,0.0,62180.81758720489
0.0,0.0,45204.582629783006
0.0,0.0,66132.4671827824
0.0,0.0,66701.78181578133
0.038653,0.0,12789.347666360929
0.0013459,0.0,444.3994233119045
0.0033705,0.0,1115.985413477105
0.0053424,0.0,1767.9591388028036
0.0034337,0.0,1094.4755184331295
0.00627,0.0,2091.8251081067388
0.0034682,0.0,1147.8673955960717
0.0024701,0.0,815.5766163189679
0.0053266,0.0,2260.689678367198
0.026707,0.0,8934.768978466029
0.013878,0.0,5137.514665683466
0.0061822,0.0,2042.716205950283
0.0,0.0,57.996798726122606
0.082235,7.1602,2584390.772058061
2.0109e-05,2.5463e-08,279389.1730402111
0.16766,10.954,2907099.5487714084
0.024273,2.566,2222628.718377139
8.5299,0.0081792,628720.3471678463
0.014633,0.0002564,164842.921344093
201.61,0.043284,470474.02458131255
0.028889,7.7432e-05,328356.6065031104
0.022369,0.00018396,399761.87928836205
0.096195,0.00023056,448580.26538795186
115.83,0.0012081,1528380.1700979685
1.5013,0.0032742,425595.8793872078
0.2851,1.1775,669817.789366078
3.5683,0.0022207,12292671.961837806
15.384,0.0025857,9952232.381763928
2691.2,0.00023948,1865473.2876736228
41.68,0.01918,2075977.4295177301
0.015791,4.8124e-06,486183.0384120912
6.3107,0.0015093,592456.6432042381
0.0050736,0.00045747,274939.882601524
0.29465,0.00028141,500873.5759075567
0.0018247,0.0,66678.1735513305
0.0026075,0.0,664579.122760125
0.0063255,2.5033e-05,228178.97715409982
0.10933,0.87566,1585739.6973756885
0.30819,0.0059357,160012.01825101706
0.039933,0.00076626,120082.33204619003
0.003637,4.932e-05,1102465.269691024
39.003,0.037453,67994971.29840633
0.14894,5.6253e-07,1535900.0108523634
0.56074,4.1755e-05,549947.7055884183
1.2091,7.4903e-05,1107089.4027250963
0.0038819,0.000168,98226.38379513558
0.099704,1.2895e-05,170312.95353326938
0.1505,0.00066805,168093.04233367948
0.17366,5.866e-05,432091.9500320085
0.0071404,0.0,18085.518065899447
0.00033278,0.0,10810.569870406343
0.024801,0.0,41891.27703993563
1.5631,0.0,23246.32891754969
1.2082,0.0,6686.8210326667295
0.034191,0.0,2264.8461555411736
0.04317,0.0,6985.179241041977
0.65698,0.0,30285.63708786006
2828.0,0.0072374,3095755.147031094
223.87,0.0029112,24060018.19781079
4.7335,0.0036554,1728942.6587641984
684.61,0.0,5310238.517317933
1.2225e-05,0.00011449,3617187.5928396317
1832.6,0.49606,39643320.158967614
705.78,0.080664,11595258.900682645
1833.1,0.018682,8143402.33939005
0.095016,0.0011593,9323622.696854709
0.075429,0.00090472,574961.361051065
0.42601,0.0,322031.8631621057
0.4156,0.0,1881791.6774527475
0.72892,0.0,335650.2994080898
0.28986,7.462e-06,25578034.072023097
0.29772,9.8869e-06,45132227.23168948
0.00064634,0.00014002,75013887.81355228
0.011495,1.7549e-05,5234574.539002542
0.0094442,1.4179e-05,4854250.8268035315
0.0071366,1.2392e-05,4149774.674103064
0.0016743,4.5537e-07,6178164.820463761
0.0020541,8.5795e-07,5317113.467493733
0.0012625,7.8479e-05,2081517.9343239034
0.43024,0.0010718,616917.6348610705
0.00032511,2.0817e-07,23076411.526117153
0.20911,0.0002888,4556525.7081976235
2.8922,0.00015034,9233048.046339467
0.040091,0.00042054,18251182.92766577
0.0022213,0.010551,56508717.61528313
0.00015673,6.4227e-08,81294575.06091666
0.00022228,0.00061782,38298644.48563739
1.2708,0.071982,8625960.711930532
0.0011521,7.4589e-06,105751685.97954056
4.6473e-05,0.0,7624693.460321982
0.00099156,5.4994e-06,95842255.5458758
0.021135,0.0036066,11744175.342340322
0.32744,0.0,17500097.138466064
0.00021279,2.7193e-08,50134.57645299858
0.00066317,0.016484,77065.7661140373
0.0016208,0.096368,254337.2492849389
0.0011757,0.00081774,42838.00691400232
0.073115,1.5776e-08,194976.11753430896
0.0060483,3.3553e-05,3444258.784343364
0.00019221,3.1435e-08,46595.57855805254
0.00076308,0.031503,36392.825943526186
0.00022465,0.0021818,54618.040934260134
0.0031467,0.11565,121694.19110782156
7734.4,6.1257e-05,1009838.7176058337
2607.1,0.00045134,2899890.7823913028
0.00030249,3.6481e-06,25250.724132198044
2071.1,0.0001208,236419.90678940836
0.009346,0.028117,87859.71372511103
0.00017447,6.7078e-08,465511.04492568487
0.00040366,1.0226e-07,166264.99100370306
0.00016391,4.3161e-08,88689.64309377667
0.00067222,0.020825,88318.16940025768
0.0086855,0.005113,63984.36797908549
0.40162,0.00044261,65023.576413236115
0.011978,0.0,52942.4306110664
0.0031137,0.0,361130.5851524336
5.8689e-05,0.0,10579.03660187423
0.039186,0.0,13352.76814925305
3.1668e-05,0.0,169.6314809248596
0.0001173,0.0,1045.7790616385146
388.82,0.028051,109104.13650928023
0.028284,1.5815e-08,34182.29000504331
0.011177,2.3173e-08,14581.843946010578
311.41,0.022467,157677.90898736156
0.0019516,1.055e-09,532812.7683457613
0.0076797,2.8214e-09,702085.8808976714
0.011275,1.9516e-08,15663.921220679504
0.0078285,7.1691e-09,12192.12406252777
97.366,0.0070232,1425904.2068040706
0.03685,0.00081208,-31589.103187583314
0.16843,0.0025413,282838.810112864
22.42,0.0016164,54738.94651463026
5.5685,0.0,5346.362051029826
0.036878,4.3506,1956823.842585694
0.024461,1.4074,192468.91837292415
479.33,0.0069283,1736075.9838765694
566.94,0.010805,3117188.7579365666
0.048077,0.49717,566046.8694619241
27454.0,0.0015941,1500477.4644830392
2745.4,0.005379,1052487.2719422467
1156.0,0.00091623,140041.7205255281
8814.0,0.0024955,561250.9836194556
1499.4,0.00076618,1002541.713728042
846.38,0.002556,1233917.6758441648
0.092981,1.5405,256013.29118368687
0.16911,0.00075115,83491.89647516557
140.29,0.00079631,3899109.0296470434
553.33,0.00083095,7509631.816438881
1199.4,0.00053052,3793158.1783083063
1.4807,0.0010779,735084.4359674766
5.4487e-06,2.5472e-06,525594.0988972567
78.785,0.00043731,627652.849376424
2.9438,0.00041679,1537224.0668246374
6.4307,0.26321,419635.46322165686
0.0049382,0.0,174970.5416822416
107.49,0.28459,1796691.8756757628
0.0040917,2.6865e-05,446088.0486885128
0.25987,0.0034509,604925.9409337516
0.0040016,5.5575e-09,27929.480441091226
0.027698,2.6518e-05,90967.88353358014
0.012233,1.1187e-05,42353.11800282934
0.0027769,2.3356e-05,1417935.0014090587
0.016785,3.3651e-08,212689.7409630665
0.67411,7.8898e-05,385505.9449346499
0.18276,6.4093e-05,460337.93661638245
0.037829,0.0017538,7688.68022978006
1.4085,3.232e-06,187897.72944468865
0.20486,5.1954e-06,55772.901323252736
0.018994,2.8994e-06,14487.118695227698
0.024558,6.686e-06,18459.004020337754
0.0012032,3.2755e-07,48661.11571759822
0.10161,2.7665e-05,18470.663697921773
153.0,0.041655,1913.3310798915184
123.43,0.033603,6947.9576103053405
0.43581,0.00011865,22962.31123006535
0.0037704,1.0265e-06,15022.507000019255
0.039394,1.0725e-05,36395.50081191682
4.6225,0.0020082,1206389.3021321804
4.3146,0.00042767,1453700.2977357719
0.0,0.0,35.74666916111195
0.017301,0.0,525800.2781044292
1.2641e-05,1.2175e-05,5003.974323025721
0.086089,0.00017924,277538.76709924376
0.030868,0.00022405,377044.29534173897
0.0074656,4.7664e-05,1766001.6465017276
0.019545,0.00041499,4847919.2467098525
0.025645,0.00046562,893311.0375446922
8.8256e-06,4.875e-07,390291.42509448226
6.0948e-06,1.2663e-07,702048.4576080908
0.15667,0.0003513,90872.78075912883
1.0692,0.0015321,13617461.836725134
1.2276,0.0016713,17657546.97667696
0.0043048,0.00033409,33574448.09768391
0.0015113,2.7709e-05,3936460.805629118
0.0030779,2.9711e-05,1692174.549249894
0.0014456,2.7936e-05,3632175.321663441
0.0002528,8.4288e-06,929735.9334287723
0.0028026,0.00011719,1441948.5205937694
2.7641e-05,3.7523e-05,2943301.1267932416
0.00019111,8.5159e-06,107089.29830287716
1.6558e-05,1.0118e-06,7984251.453048668
4.1701e-05,3.46e-05,1112218.4470689357
0.14718,6.1603e-05,5786522.863002878
0.025504,0.00028993,3474015.837173738
0.0017832,0.00097609,12201310.1175524
0.0020041,1.5876e-05,29458444.104316305
3.7761e-05,3.5513e-06,7229989.4469218245
0.00057637,0.00039611,1106382.6976921866
0.0042647,0.00027641,21330272.664252434
2.0242e-05,2.8247e-05,17776579.85714119
8.7945e-06,2.5017e-05,17350443.414944965
9.0114e-06,1.9812e-05,1889871.3069804136
2.4266e-06,1.3945e-06,4110838.1964159585
0.19359,11.954,34969539.96845893
22.112,0.1579,7218242.7418420855
0.16293,0.00078636,24847429.867087178
24.224,6.006e-05,30543002.447105166
93178.0,0.021479,87469972.9471862
4905.9,0.00015787,169407278.32327965
0.00095663,0.0015258,29615347.528721407
217.21,0.00025209,23040120.559425034
12.791,0.01798,18223232.09256522
0.00097203,0.0008255,30069956.940110613
347.83,9.0264e-05,13765670.472863898
1327.2,0.0010716,41445498.14768676
102.3,0.00086138,31802246.566159844
16295.0,7.5477e-05,22884728.500907436
460.46,2.5386e-05,5499944.992534702
0.00090451,8.2902e-08,28905663.640440725
0.00044236,0.0040604,11636107.002097964
0.0016965,4.0556e-07,124483291.53757413
8.3137,0.023983,65466777.37457728
0.022675,0.0027218,33261111.713538766
54.134,0.0031398,25889614.245950174
4354.5,0.1062,68337773.28492382
1185.6,0.084861,57859869.07470141
1.328e-05,0.0,4306414.701974974
5.3063e-06,0.0,-16679.301347265933
2.2293e-05,0.0,-14307.481565284259
0.0038054,0.0,10191.158107992002
0.074303,0.0,-8353.596815537134
0.00025679,0.0,-8863.693037022436
6.3712,0.0,-12840.467251167885
0.18852,0.0,-15902.552500794285
668.19,0.0,-37390.592602906254
6.2819,0.0,-12919.126718374333
0.0014093,0.0,-53977.05165097011
0.0028152,0.0,-37100.45920330542
1.2875,0.0,-8447.854228124279
0.00019426,0.0,1026962.0637531996
4.6171,0.0,1411279.3489250967
0.01197,0.0,-288869.3171107004
0.0,0.0,131055.4578427041
14.904,42.847,34313710.48875814
3.9365e-05,0.01139,56544334.43973947
20.898,81.856,86214910.59734252
7765.8,0.17096,49110593.16072657
16376.0,0.22407,49147377.87858939
98332.0,0.14193,53141450.74941603
3923.0,0.014155,6248490.781025242
98849.0,0.020463,12368859.74284449
20073.0,0.023304,40742055.7459539
75.855,0.017424,4239045.37620394
4009.7,0.048825,17428626.82114771
28.342,0.04073,4932218.456766816
0.15141,0.002342,8020477.6303674225
0.010058,0.025563,37856494.104845375
0.049869,0.0005845,54631519.38724656
20675.0,0.028154,108410048.54027879
1234000.0,7.0057,485951581.0101955
5.4795,5.1375e-05,112408193.71980317
207.84,0.15607,7588743.498524908
0.050635,0.0037094,1576130.868250019
91.049,7.9856e-06,48711491.34457838
0.013018,0.0,1144855.1205071812
3.2099,0.0,69767896.55420548
0.15329,0.018812,3561879.929758659
15.389,0.049176,4256247.908220386
0.0023808,0.0052196,3250919.313333191
0.0029059,0.0065907,3610448.706759621
0.003172,0.0074521,3789566.109226205
6.5585,0.0046719,186829849.8599337
118.35,0.086105,46607286.17476485
104.64,0.0,12126850.195547389
1070.9,0.0,21333512.19885621
0.28682,0.0,1146633.0176848613
13.369,0.0,18553502.34391102
0.19893,0.0,1002881.6993791376
0.017393,0.0,1191479.0351519713
0.15259,0.0,785569.9083130697
0.092308,0.0,537315.7597184397
0.10168,0.0,704973.968634052
8.1272,0.0,733060.1942940087
0.17111,0.0,70858.53977563091
51.093,0.0,-9357.50681977226
0.65306,0.0,-38159.35180189407
192.61,0.0,174629.6517818739
92040.0,0.024887,202503639.40752742
2742.4,0.033985,762413791.248828
3313.7,0.0043888,634175588.8843738
58295.0,0.0,166707076.3226068
4.8677e-05,3.3349e-05,25327490.477895774
2852.8,0.17889,748025809.6510768
1574.8,0.15601,314884935.83058995
2711.6,0.044032,215338591.18595642
0.00094819,0.00042897,213779008.86713627
0.00038721,0.00039892,120796366.01516145
0.0,0.0,38848761.90982854
0.0,0.0,31928222.025526848
0.0,0.0,6520649.122178543
0.0,0.0,2036350120.000911
0.0,0.0,2377991075.0011163
0.00051364,9.0214e-06,879600070.2589438
0.082864,6.9151e-06,240202389.01093644
0.085808,7.5408e-06,59287449.52890181
0.08927,4.0628e-06,19863236.44148715
0.77455,2.26e-06,50499997.80318508
0.14051,4.7095e-05,30868040.044605177
0.0030478,1.057e-05,58496795.145922676
32.142,0.0,9347855.964055896
0.061388,0.0,368276459.1170488
0.00047489,0.00017343,84146727.28692995
97.001,0.00043237,234994331.2197663
0.4662,3.6634e-05,323006003.00286126
0.012856,0.071133,577938529.1418986
0.0039806,4.8763e-05,1414326280.641584
0.018542,0.0090255,400570295.67361623
0.40363,0.00048216,235324859.66855335
0.0,0.0,1114500300.0
147.15,0.0,690745206.5035
404.07,0.0,700300482.1350998
9.7762,0.001253,102481944.0303378
528.34,0.0,246320960.0317174
0.00032747,2.9012e-09,44237.21055546409
0.00056106,1.7047e-07,147120.2461539716
0.00038927,1.5967e-07,78889.5110281326
0.00037987,1.7479e-07,303350.0256157211
0.16847,4.6044e-07,384029.5152537646
0.0010314,0.00090783,906753.9421888839
0.00041106,5.2697e-08,57005.82806643108
0.00036179,1.5809e-08,49053.51603306404
0.00059721,1.1072e-07,143784.12376598036
0.00035105,2.0404e-07,1029445.8977497533
0.00022417,1.4698e-09,49089.6007228283
0.011106,0.091636,1420645.3874890795
0.00022973,2.0219e-07,274223.96025137906
0.0062079,0.0039833,98625.26356403768
0.0029207,0.0040537,147600.0672636356
9.8093e-05,3.9108e-07,748331.5001302775
3.4539e-05,1.9806e-08,8376.611410244985
0.00017831,1.9801e-07,58068.353130395444
0.00017857,1.5694e-07,54036.78542689609
0.00020142,4.3127e-08,32572.30391267551
3.6888,7.402e-05,1290026.9916805371
3.6585e-07,0.0,284769.80386141315
7.6191e-07,0.0,1466.486022557131
1.0205e-05,0.0,10471.098008473615
1.7015e-05,0.0,2187.916064940748
0.73113,0.0,783.8452197199308
0.00021017,0.0,718.6603648235049
0.0011658,0.0,44.34735669241372
0.0011909,0.0,45.496655417270276
0.00072814,0.0,11923.875704776703
0.0020062,0.0,603.0803612250239
0.00052224,0.0,-42.905864550316416
0.0015854,0.0,63.079051793234065
0.0040653,0.0,42431.12943285082
0.0016501,0.0,-212.00947516511542
0.0028642,0.0,69.37343196035853
0.0050986,0.0,36676.80981801181
0.023794,0.0,98743.42006039967
240.51,0.0,568.9864236751457
0.0,0.0,2062.29517905598
2.8629e-06,2.3967e-07,443864.4810231643
1.3253e-05,8.7226e-07,446401.3801766389
2.6754e-06,1.1947e-07,177622.59663421227
2.2417e-06,1.7582e-07,408421.2911701748
3.1464e-05,2.8667e-07,426259.44956412853
0.05798,12.911,170812.15471026817
0.84622,0.033773,156058.4844691205
1.3827e-05,0.00046185,301811.8206570145
0.0032041,0.30173,106653.96961828653
0.12851,1.7217,98167.13542597333
987.08,0.022802,881860.429446479
6.3573e-05,3.16e-07,329488.9101160335
0.00022742,0.031258,252285.73163234335
4.92e-05,0.00026634,300216.6157868563
0.00020423,0.030779,668874.3916257686
1.4681e-05,5.0411e-07,776589.7539498289
23.408,0.02399,564367.8998568851
0.0011373,0.0092954,312950.28520160785
0.0081086,0.010188,142725.67288904294
0.0026814,0.0035969,131259.72647450937
0.00024663,1.6086e-05,91437.67449912532
0.00054898,0.0,37994.07801888583
0.00023339,0.0,1114875.896701111
0.00016879,1.8065e-07,152440.91722580293
0.00027444,1.7994e-07,241396.9842859762
9.8392e-05,1.9879e-08,732.3494450215503
0.51635,0.068994,1492.9429038330086
0.097741,0.013035,894.4311201682143
0.019139,0.027934,470131.1557984219
0.0022843,2.3742e-07,94149.58163203816
0.17763,0.92611,143666.43271818085
0.010487,0.041772,35940.358445568585
1.2338e-05,0.0,8873.406622180846
2.8629e-05,0.0,17446.764135414673
5.9722e-05,0.0,3933.0167167244676
2.4747e-05,0.0,4285.782699066961
2.6826,0.0,4475.106565950765
9.8512e-06,0.0,18422.262211315134
0.28213,0.0,8091.593592180888
2.6957e-05,0.0,898.9975172372258
0.17543,0.0,-2371.4467188018543
0.4854,0.0,1410.811919566716
8.804e-06,0.0,943.1851212602245
1.2728e-05,0.0,29457.78175434332
3.0231,2.0844,1633438.7943929702
1.2024,1.0874,967536.7699283435
0.0011541,0.0,77651.88672764046
9.5062,0.0,72490.83904360337
0.00035954,1.9569e-05,10944.091442801066
11.158,0.088933,493421.0610214916
0.0059126,0.030213,102247.39992075737
0.48793,0.54041,676468.3843279682
0.78733,0.00026158,294947.5097862824
0.26821,7.3558e-05,95773.64359934728
0.0,0.0,491350.0162528102
0.0,0.0,-0.16973551661492997
0.0,0.0,127784.72020660048
1.6424,0.0,4711390.719517945
1.4696,0.0,3443535.5929201115
1.3437,0.20752,9858153.894872174
0.52091,0.052387,1520420.581306874
0.46162,0.01303,58364.01685317067
0.79026,0.019857,123889.4935023044
0.00087849,1.1632e-05,292583.1006531033
1.2043,0.0005587,665705.6981484297
8.1065,0.03623,773634.2139809752
1.6337,0.0084177,179213.00209276984
0.018746,0.0,3550503.124706572
16.756,0.048576,1008575.1370800287
31.396,0.051736,2154926.8990131854
199.26,0.012359,1216590.5393509862
0.25191,0.020313,368410.97534320224
2.2347,0.38312,6110714.719327864
4.7266e-05,0.043427,1097683.8552198482
0.019587,0.002206,177941.17446709384
0.27488,0.0,3786014.048131834
0.051608,0.0,3739552.805796018
6.3398,0.0,1828966.7838205674
1.7428,0.026383,562193.7559980619
2.5348,0.0,1465385.378184579
0.0028855,5.6504e-10,12276.33520413096
0.0039305,5.9709e-08,122714.10960900379
0.0027714,6.0623e-08,376215.77606249554
0.15222,0.10616,643731.2730806827
0.62719,5.9872e-08,229976.22267793596
0.010947,0.0012453,1808412.2721823626
0.0019713,3.5744e-08,12283.74261967571
0.0073819,0.0025093,25697.003175023434
0.27207,0.19581,164804.3729551878
0.0011808,5.2741e-08,862495.8533175056
0.0013473,4.1331e-10,13641.795496664618
0.004455,0.00013345,383180.02250138525
7794.4,0.0008693,115214.16393644143
1032.5,0.0031548,401290.9746251957
0.0099729,3.9942e-09,94370.71328902507
0.0013605,6.5013e-08,210116.40883077576
0.0018044,2.6519e-08,8511.939196550971
0.0014886,1.8917e-09,6403.940935454593
0.0020812,3.5799e-08,23335.0948284381
0.0025432,7.1455e-09,13622.232707052122
1.8302,0.17201,243131.46400210046
0.20619,2.9445e-07,579809.7132187304
0.15825,1.7045e-07,80067.85640475005
0.00022403,0.0,5139.099835639601
7.7292e-05,0.0,1761.8744475657818
9.6767,0.0,23159.422241924236
0.00066227,0.0,20150.0576938943
2.8427e-05,0.0,227.07176308995966
3.0398e-05,0.0,1161.8917290102816
1.4936e-05,0.0,686.4714424114865
9.2983e-05,0.0,549.6305146586524
0.0011267,0.0,9995.53193901491
6.4955e-05,0.0,411.73829544249884
1.0662e-05,0.0,2375.923402736841
9.4871e-06,0.0,1780.676091961234
0.00012692,0.0,1115.9145929514611
8.6144e-05,0.0,11023.66957433183
0.00010512,0.0,17562.023317828243
0.00010985,0.0,318.2418555601281
0.0,0.0,16499.111525724373
6.0721e-05,8.3006e-05,29555.580481276993
2.9899e-05,9.9377e-09,25427.239689148053
0.00018803,0.0015692,89843.87809839967
4.4291e-05,0.00020096,198186.35736366137
0.00030662,0.00030738,456857.22009748145
0.00020687,0.0022291,59493.80630520634
0.00010447,0.0092289,212801.74464829624
7.1683e-05,0.00030453,69023.08323863828
0.00029509,0.0010735,26085.80851518468
0.0021347,0.020923,126145.56969688396
7.9468e-05,0.00018771,378737.18584581313
0.0005348,1.868e-07,106197.91739942231
7.7478e-05,0.001453,31065.223980335384
0.00018205,0.00026112,205381.7772947908
0.010805,0.232,1438679.226205572
0.00022023,0.00067176,37499.64266341855
184.05,0.0032173,2210347.739300368
0.001012,5.6617e-05,131604.78911530046
0.19285,0.00060548,274414.2950842242
3.0865,0.39195,11271.731326609246
0.32603,0.0014455,69241.0285063076
0.00013795,0.0,8246.761970068343
9.9055e-05,0.0,86613.69918853183
0.017408,1.7008,2774.4409480896807
0.0036364,4.993e-07,13079.308773645807
0.0011844,3.7049e-07,7321.905287826159
0.00076397,2.3774e-07,5121.101647990745
0.00026785,7.4452e-08,1201.628018549971
0.00033058,1.3888e-06,82921.87066011477
0.020975,0.0010259,64624.2341461382
0.0092252,0.0,7932.221731531747
0.0032607,0.0,8268.148906995619
0.07817,0.0,4924.338775802575
1.1904,0.0,192266.24296705332
0.042361,0.0,63551.08260556371
0.012893,0.0,2621.9277693222543
0.039652,0.0,1107.733633934375
0.0010321,0.0,2435.490438518926
0.004296,0.0,2441.539749040078
2.0239e-07,0.0,9336.292361902459
4.3973e-07,0.0,621.5001864940482
5.2371e-07,0.0,1398.1034803791904
1.8509e-07,0.0,2045.591891786506
1.6537e-07,0.0,6096.54137028226
30.735,0.016638,12602.638454987678
0.046764,0.00010138,24479.301021008014
0.054591,0.022996,30860.29327074852
0.00090159,0.0,11408.880092856025
0.0010284,3.0715e-07,16324.001511518338
0.00010178,0.0,4401.886649659977
0.0017644,0.0006568,10344.8790263421
0.0044074,0.00010782,352808.78127165185
0.0,0.0,357951.4776626643
0.0,0.0,114892.48178633729
0.0,0.0,242532.71544131878
0.0,0.0,169871.2226250211
0.0,0.0,16937.061408670317
0.96204,0.0,2340357.34339947
0.91213,0.0,3223816.8386407685
0.0012151,1.3214e-05,4269028.3522369815
0.75739,0.0048814,1896290.7671829942
1.2689,0.0015792,58298.05407722794
0.92501,0.0027945,326312.71659214894
0.00084467,0.00018931,220036.88977687934
67.971,0.13689,447538.7000455633
156.09,0.0094723,676798.2998200803
1.6203,0.015505,231378.5454940672
0.1643,0.0,3080290.601633908
6.7617,0.00054494,532363.1549792241
7.3398,0.0066001,991801.292501499
11.049,5.9944e-06,469815.02976922493
0.0091815,0.0041565,449642.8537943358
0.36635,0.027582,2851354.2899103384
9.896e-05,0.005997,371109.33201573195
0.026854,0.078168,70584.50162315877
4.268,0.0,4047821.136362117
0.0010939,0.0,2049806.892610676
2.0756,0.0,797568.3758480467
0.017512,0.011518,448144.77049624803
1.5579,0.0,813311.1732239523
3.143e-06,1.4307e-06,-2006.703322282735
1.3286e-06,1.0837e-05,53839.72688756433
1.979e-06,4.317e-05,102092.20290974762
1.1301e-05,0.11596,16551.52691455261
0.0012623,0.00014337,184118.32132825974
6.9133e-05,1.6591,527232.5344896301
1.6466e-06,2.3816e-06,-1471.0407972672401
1.725e-05,3.5472e-05,38250.71958140395
7.6164e-06,4.2514e-06,9861.528001882922
5.5392e-07,4.1123e-05,6724.002902455011
1.8681e-06,1.0523e-07,2103.6181680505506
0.0016748,115.72,186256.19570987168
3.7736e-06,4.0256e-05,86080.48967011244
6.2206e-06,0.0031475,1261439.738227012
1.3814e-06,1.0813e-07,117441.92699891585
2.8128e-06,1.0668e-06,-1738.6395601354134
9.5962e-07,1.9028e-06,-3433.430507094723
2.6515e-06,1.6137e-06,-1845.9460887135385
5.7063e-06,5.5025e-06,7020.259547026904
6.8933e-06,0.012282,9248.17836756634
0.00014341,2.8699,12106949.773322145
1.9769e-06,0.025495,891284.686509852
1.2102e-06,8.7369e-05,46646.2532121184
3.7246e-05,7.0421e-06,88522.06122761627
1.46e-05,3.9755e-06,29589.179936798984
1.4608,11.489,1314786.3665969302
6.8361e-06,6.8486e-07,-30735.557417071912
2.1032e-05,3.5247e-07,-9373.792138856796
1.0722e-05,1.8138e-07,-3611.768703444213
6.9678e-05,7.5958e-07,-3736.578848881345
6.5304e-06,3.6044e-08,-98331.59125123662
1.2347e-05,9.2385e-08,266.13212711102216
3.303e-05,4.8947e-07,-6893.551969531873
3.4844e-05,5.6747e-07,-5895.5058550664235
2.1293e-05,2.154e-07,-6366.656952549216
0.00092215,0.0010183,-65235.60139949364
5.3354e-06,1.6028e-07,318.596378973371
8.8908e-06,1.5234e-07,-23591.074945112083
0.0075678,0.0083569,-4733.115904684005
0.048099,0.00019245,45849.54678269759
2.7927e-06,5.0482e-07,8197.35135595305
5.9299e-06,1.9191e-06,27809.143683116403
2.9795e-06,4.5742e-06,7650.719942901123
2.8899e-06,1.2019e-05,15931.228839270132
5.7417e-05,0.0067947,243761.63712654804
0.00011666,0.15484,114200.92952470848
2.2878e-05,1.6589,-266.7255185597476
0.00085143,0.1825,27972.268956941098
0.014384,4.0907,40839.718540704256
0.0072498,10.536,67732.05023537113
4.8112e-05,0.27238,110514.10802929825
2.7187e-05,1.9638e-05,25867.35979919593
1.0052e-06,0.00093087,21172.506008031207
0.0027943,0.82772,25292.73006947448
2.9753e-05,0.24882,211994.95940224416
6.327e-06,1.6854e-06,14759.847768898178
0.80178,0.0046669,3269875.582809566
3.0074e-06,6.5081e-06,287192.5228202117
0.00093597,6.9115,1309721.1737481658
8.4646e-05,5.6471e-05,115675.90402414648
0.00054291,0.00050787,106291.04750075394
0.00043368,9.6937e-08,41800.87370481569
0.040429,1.7125,59520.901233651646
2.748e-05,9.1532e-07,7588.060832115276
2.2871e-05,2.4548e-06,21447.6678341764
5.8311e-05,1.7607e-06,23161.695187371424
0.00040681,0.0043781,-96495.08735240181
0.029237,0.33306,17585.487627483
0.00014316,0.00022614,114302.7419102729
2.6066e-05,6.427e-07,41198.95874719142
0.00043178,0.0016643,45505.503540774436
0.00087918,0.0019872,20529.794285516207
0.0004029,0.0037749,7328.913359086662
0.00028965,0.017422,62794.54772124424
0.00019361,1.1967e-07,78278.70216120209
0.00063601,0.010077,7133.419082785376
0.088708,0.0001275,-28723.446094734685
0.01381,1.9847e-05,2605.8946197346118
236.16,0.33944,356772.1396554044
2.0708e-05,2.6518e-08,-568.0156725604735
0.0028407,4.0794e-06,-1846.5178752906136
2.6237e-05,3.3665e-08,4011.9473675325276
4.7184e-06,4.0848e-09,2865.1940977959953
2.8813e-05,3.9019e-08,-804762.291985584
0.00034663,3.5759e-05,158182.75295084523
0.0013367,0.00026813,6954367.0505694635
0.0018263,0.00035494,3034419.0858642715
0.0023212,8.1721e-05,2464938.84312001
1.2393e-05,1.026e-06,19712.705679526844
0.35832,0.0052941,720605.1633370587
0.0006203,0.0041588,512762.9516680377
4.1321e-05,9.3924e-05,852884.6207304854
3.5842e-05,2.5699e-05,-31717.24144332627
4.8862e-05,3.955e-05,788749.52286234
2.2071e-07,5.503e-06,16164.687628868402
1.6257e-06,1.5642e-06,3906.7519548397763
0.0023522,0.00041226,207133.79136559495
2.4594e-05,9.5669e-06,2748062.4821009804
2.2634e-05,8.9082e-06,1793680.117708197
1.2624e-06,5.9361e-05,223221.09453558066
4.2302e-06,4.793e-05,45765.25937000806
5.678e-06,2.9588e-05,7818.260333464302
5.6429e-06,4.4499e-05,-12955.790340050959
3.5984e-06,3.1215e-05,54109.7102847868
3.0692e-06,3.5171e-05,9830.749566263283
4.759e-07,2.4534e-05,17789.183320053195
2.146e-05,3.1731e-06,1045.3162539589314
3.6932e-07,1.5027e-05,55724.53125856599
6.5163e-07,1.0554e-05,8565628.58431862
4.1013e-05,7.935e-06,139070.89445288383
2.2354e-06,6.0644e-06,92471.31576576931
2.5942e-06,1.3055e-05,137212.5516453557
0.00024165,9.3583e-05,982947.4131056227
1.0534e-06,2.4395e-05,36805.25382479147
1.2814e-06,4.1896e-06,180233.07164725356
7.339e-07,1.7643e-05,2405558.4039864647
8.3482e-07,2.4061e-06,2430949.286397849
7.6393e-07,2.8417e-07,3595695.91827079
2.7788e-07,1.5483e-06,258054.2036222362
1.9801e-07,0.00014197,4271.6181127260415
7.4428e-07,1.8816e-08,4141.721965541611
8.5244e-06,2.6576e-07,7426.728986140986
4.7432e-06,4.9109e-07,10982.45554723862
2.5255e-06,2.7136e-06,4201.199257296882
0.00090437,4.04e-05,26662.335447063553
5.6069e-06,0.020941,75623.98255761965
2.4316e-06,2.7315e-06,3789.010343283563
1.0761e-05,7.128e-06,17488.16074352021
3.3815e-06,1.3063e-06,5701.028858777519
8.3188e-07,1.4546e-06,1365.2310484593193
1.4702e-06,1.6794e-07,3456.318810506486
2.0939e-06,3.0859e-06,44227.4872489955
1.8529e-05,7.0232e-06,32094.02667920408
8.9461e-06,0.026016,394621.47485653654
1.113e-05,7.2859e-07,3878.6553496288097
2.1989e-06,0.00028983,2836151.4781802706
8.5316e-07,1.9934e-06,1278.307961221829
9.1426e-07,6.1513e-07,1323.9445971689368
4.421e-06,6.0845e-05,11732.686670801248
2.8262e-06,4.8227e-06,5193.755244313252
0.051537,0.012199,62747.66286042978
1.115e-05,0.054956,137945.87935704459
6.689e-06,1.8532e-05,3984.283345534539
3.1922e-06,6.2831e-07,8292.907442242109
5.6386e-06,1.3131e-06,15261.726332151273
8.3522e-05,0.00059313,433189.7572889406
6.9816e-06,1.2478e-06,18675.761942177283
5.3893e-06,7.4246e-08,143.50924901775983
5.2833e-06,1.7838e-07,78.77151972758841
1.2978e-05,2.5715e-08,52.903168839565716
1.0657e-05,6.0778e-08,333.1143694582351
1.1789e-05,1.1414e-07,233.88927002583065
9.2997e-06,3.4183e-08,-199.0211675566082
5.9633e-06,9.9301e-08,-63.662535805176454
1.044e-05,2.8622e-07,72882.49171588142
2.777e-05,2.2584e-07,5500.280408174716
8.3225e-06,1.2555e-07,326.3470003485655
1.7782e-05,7.8985e-08,150.36151071477087
1.8899e-05,1.1166e-07,141.18988349328214
0.0043625,2.4829e-07,-304.1337829681449
1.7439e-06,7.9457e-06,32884.82696282354
2.4964e-06,3.1908e-06,8188.394366559242
9.0081e-07,2.1926e-06,20783.228395200775
4.6648e-07,8.8753e-07,109799.5545281163
8.6563e-06,1.022e-06,45243.49664085138
4.1811e-06,9.3971e-06,21291.540264463558
6.7133e-06,0.14035,14570.152264579754
4.5311e-06,0.031487,2458.6526690291407
5.1306e-06,1.6033e-06,13251.294643458894
1.3881e-05,0.02584,17395.69371816154
6.394e-06,1.2989e-05,58479.91322341227
1.3368e-05,1.0859e-05,11178.49261180807
3.7981e-06,1.4897e-06,10166.103214770139
1.3218e-05,1.0622e-05,47893.26753585249
2.5932e-05,0.17957,42795.969377759255
1.9159e-05,0.086134,30477.78410803688
0.00015744,0.0037128,106239.90983872634
4.5897e-06,6.6355e-05,54506.07046971369
3.5366e-05,0.0076073,22815.641207128752
0.00018275,0.0030689,19679.760075993396
0.00012735,0.00012169,6406.243007495797
0.0001884,4.4761e-08,16933.640429860585
0.00068364,7.9325e-08,377839.3519047682
9.911e-06,4.9432e-07,2164.9123823647433
1.0813e-05,2.3819e-06,14949.488527300258
2.0645e-05,2.802e-07,4740.91113632442
7.2326e-05,4.2443e-07,20126.33501666584
3.9004e-05,3.3959e-07,9031.595974044942
0.00014543,5.5409e-05,58586.098911820096
0.00011584,0.00011727,18720.56365965527
0.00050936,9.9639e-05,13209.810680844861
0.0033569,0.074243,12913.740179062239
0.00089417,5.0757e-08,2586.138303904122
0.0015701,0.0077166,8358.762759254781
0.00021936,1.292e-07,25395.51633389933
0.00030475,7.9222e-08,4208.186637714058
0.22221,0.00033994,11916.480971711238
1.151e-05,1.2928e-08,2833.4971832823167
5.0576e-05,6.8326e-08,22891.082972612367
7.2636e-05,9.943e-08,2292.6008011990425
2.1157e-05,2.7009e-08,709.0967953994381
7.3394e-05,1.0507e-07,1502.1410940913383
2.6005e-05,3.6222e-08,1019.7275056336001
3.3076e-05,4.5214e-08,728.1430124263819
0.00072947,0.0040377,142336.7778001707
0.054621,8.6871e-06,249975.21832975757
0.0051998,0.13378,105794.73908667665
3.75,0.26365,408950.19604531326
4.2526e-06,4.0588e-07,9972.159546746305
0.37857,1.7502e-05,138017.7547739395
0.00060484,0.008577,66851.86705334524
0.0012927,0.013171,53907.18585447304
3.573e-05,2.4348e-05,18816.132740279147
3.2713e-05,6.6968e-06,5002.7468377447885
2.3604e-07,3.6738e-06,830.4046106446746
9.9334e-07,9.9593e-07,7725.853499010692
0.011119,0.0031919,10473.030823438032
2.3541e-05,5.2857e-06,742784.9360649484
2.3908e-05,5.3789e-06,917927.6519406228
3.335e-07,1.309e-05,66270.46387850631
2.3482e-06,4.7213e-05,11317.714208766021
2.2526e-06,1.8032e-05,5137.753807764216
1.97e-06,1.2822e-05,4220.407982784373
1.1112e-06,2.0943e-05,17014.980290539566
2.0853e-06,3.0956e-05,24209.161359803802
2.8151e-07,1.7811e-05,6985.711883546602
1.9119e-05,1.0367e-05,1065.770712387872
4.18e-07,2.8428e-05,91812.30062763096
3.804e-07,6.413e-06,7358.003027799764
1.0296e-05,5.6872e-06,45105.63708554033
1.2903e-06,4.8795e-06,8067.05965419194
9.7619e-07,5.2396e-06,35550.57155001073
6.9904e-05,0.00012102,515446.9868952828
2.4466e-07,1.3556e-05,14150.69863620042
4.5571e-07,1.5573e-06,7554.445436940864
4.8547e-07,3.4775e-05,833567.7094308475
5.6727e-07,3.2001e-06,683181.9590695065
8.2561e-07,2.854e-07,717577.514095971
2.6132e-07,2.0748e-06,70067.8140918238
3.3195e-07,0.00034413,105749.57810351915
0.00044043,0.00025813,75128.47929315006
3.1998,0.001383,333165.4626890161
0.69468,0.0091848,143426.2745912209
1.9265,0.010255,535303.1749000996
1795.6,0.001919,1736730.9510997464
14.189,0.00057479,5941272.918937317
0.00082202,0.006625,514890.86986854795
2808.2,0.00037413,96499.80315178384
0.00045398,0.0017479,92868.47701508863
16.37,0.00025984,617898.7499762204
3.8792,0.00014008,124542.1883386446
36427.0,0.00068978,4997157.873014323
2312.5,0.001704,1616484.0680192788
2041.8,0.00012346,368840.2470041619
41600.0,0.0010777,940671.705035494
210.23,0.0016915,728612.3241582926
0.00031347,1.3661e-05,71740.23465888691
0.00012396,1.5165e-08,25228.06834808688
10.935,0.046501,1714066.3445333794
0.017352,0.00064976,61081.173558453294
43203.0,0.0021399,120759.3691837084
1.8712,0.0,1189813.327099015
0.078403,0.0,17874.80837950151
0.010867,0.0,848643.2119906188
6.9929e-07,0.0,321989.9916360182
0.00017592,0.0,532952.9147535445
1.4005e-06,0.0,126616.41013119808
1.2494e-05,0.0,250.8865589546126
1.5598e-06,0.0,370.4242047078869
8.5132e-05,0.0,323.46813132438126
0.00014663,0.0,536.1220559690983
0.00011457,0.0,887.9824252108851
0.0003189,0.0,4553.7216736627115
2.672e-05,0.0,2202.4849771649506
0.0002254,0.0,703.1047341831115
0.17887,0.0,6.117808362574089
0.075851,0.0,414.1725644984757
2.9603,0.0,30263.033496977307
0.0020758,0.0,621.5872960358705
0.0,0.0,6456.646106887622
36747.0,0.084955,4245166.64198919
0.00034635,0.011835,182793.3905410104
0.1624,0.48254,1171540.1802439091
0.0053895,1.1992,6914727.730124938
11503.0,0.025708,652663.7073370082
2716.3,0.0044621,151261.4833393088
18817.0,0.0013969,398917.2418734612
0.039787,0.001922,257441.21264894438
0.00073123,0.0079528,152203.52970713188
9.9065e-05,0.0055491,766816.2046799224
58899.0,0.00016228,1574805.412807069
49.285,4.2926e-05,180230.42879761782
630.42,0.00078835,1436024.6872610445
131.25,0.0011304,5030566.5498948265
3.6279e-05,0.0019395,2319399.7955615013
20557.0,0.0019095,297162.45038317074
5954.2,0.013694,5671686.056624528
0.011071,2.3323e-06,935726.3845798743
0.21743,7.3794e-05,-10036.774397662231
20.165,0.00027316,264218.260892054
0.23935,1.8825e-06,1144663.625591844
0.00097037,0.0,505507.0164949976
12.23,0.0,3712150.1192985517
0.025732,0.00034939,331437.341899905
441.01,0.0063052,1192539.4080646473
0.00021183,3.681e-05,45052.975197515065
0.00035145,0.00013317,27596.15861526649
0.00030893,0.00015593,19142.50054959761
2.7544,0.00014936,2286171.1807489363
9.6206,0.00020032,1569580.9133580816
5.3876,0.0004035,374538.80321995064
146.42,0.00088897,1134485.6921926416
0.063676,2.0977e-05,38120.21024535854
81.573,4.1877e-06,288772.5080427241
1.0172,1.6171e-06,27334.008473071666
0.030895,3.1861e-06,59685.30434715226
0.00029647,0.0,21586.20234440725
0.00015507,0.0,4800.0265435712345
0.0019401,0.0,16572.49018257192
48.097,0.0,2516.8789089417733
0.0012454,0.0,2809.3952048137216
0.013495,0.0,2890.5350214415944
1.192,0.0,993.5227655342931
0.0004813,0.0,4615.03768543885
300.96,0.003744,891021.1479567318
61.457,0.00032245,586972.5298606359
32.813,0.00017348,1718294.517665445
1.6947,0.0,-696135.4580026115
3.4062e-05,3.1779e-07,206310.95196001956
0.94678,1.488e-05,41197.72856504534
291.63,0.0019258,686442.6442052337
114.83,8.448e-05,-429382.8938576402
2.087e-05,1.5922e-06,2554992.7282318827
2.0338e-05,7.3442e-07,832021.8200880645
1.4057e-06,2.9329e-05,1679208.28845141
2.7575e-06,8.2518e-06,1043332.8260881812
1.7152,0.00051795,2448059.6218977487
4.7389,0.00010192,8270096.448182398
5.251,0.0001142,21703519.17889822
12.138,0.0023838,34705440.30040976
4.3063,0.05687,5057765.453480608
7.8188,0.037685,320045.1866052633
7.0723,0.054316,1819914.072859172
0.0014045,0.0016216,123148.36767996609
866.41,0.66935,1083903.612528834
1.6529,0.067459,437216.1580837727
2.6107,0.017344,162377.0273855288
1.1755,0.0,28838724.26516309
0.013581,0.0044613,664868.5605106533
3.9978,0.013223,9608784.40512356
5.3655,0.018132,3180391.674103023
0.52344,0.10879,12738919.775674695
1.2983,0.0036252,33519941.81512617
0.00093906,0.022559,1229197.1911839647
35.864,5.1046,784676.0150939971
0.0083652,0.00063536,35799441.326366335
0.0091277,9.9382e-05,20432919.830989007
0.033396,0.0,19184931.209910598
65.271,0.018695,5602773.2465339145
0.00058478,0.0,4422299.215377712
0.01091,0.11424,-3999.626192476848
0.00036364,8.6813e-09,6347.358860926339
0.00024468,0.00045515,11632.295478999398
0.31266,0.033471,42405.578711388436
0.022091,2.9266e-07,235813.88058273838
32.621,3.3038e-05,921007.145354856
0.00032595,7.7937e-08,24736.767016646507
0.0017901,0.0077842,1463.865010668199
0.00061562,6.4001e-09,46891.970540074944
0.00036001,7.7043e-08,40380.752919741084
25.303,9.41e-05,32702.606113268033
9829.7,0.00031117,646775.9089053283
402.67,0.0012365,91008.81033692637
14191.0,1.4839e-06,91989.45039191336
1628.6,0.0011735,126539.59132623032
0.00041472,7.9681e-08,44206.35954624232
0.00021871,8.7151e-08,16908.917872146012
0.053622,1.0885,37920.65905658813
0.00024353,5.4423e-08,47393.42216646984
0.00049088,0.00018618,27736.826090965285
0.0013219,1.8301e-05,23485.407422988454
140.88,0.0,3624.9929245662843
1.4952e-07,0.0,15808.87122400156
1.199e-07,0.0,-3.55374360838323
2.1093e-07,0.0,-1.8157065332410198
2.5201e-06,0.0,81.3083095512426
2.091e-07,0.0,-3.9910028563488007
2.7997e-05,0.0,-15.96970346448614
2.2579e-05,0.0,-18.777067738879424
1.8476e-05,0.0,624.4064620571221
1.8075e-05,0.0,-37.01897421694463
2.5156e-05,0.0,-25.867754394801047
1.9481e-05,0.0,-145.94207517174007
1.4864e-05,0.0,-69.23075030300515
4.2155e-05,0.0,-49.144263169313696
0.46106,0.0,-12.659722827993905
0.038619,0.0,626.1688637755302
1.7562e-05,0.0,5906.8693097590885
0.00083199,0.0,38.16029578586446
0.0,0.0,-19.424537227009996
1016.6,0.0093745,541295.3674688676
0.0079698,4.3226,48791.248959454664
0.003009,4.2893,156131.25201223415
0.0058388,15.422,862636.8416438639
0.11597,9.01,102209.47527964346
3720.4,0.026131,105714.31999471481
1872.6,0.012005,68346.12067756761
865.12,0.001013,78302.278900842
5246.3,0.0064878,314938.1904520276
5666.2,0.0065297,365238.1078940756
4902.0,0.0019728,439285.91731013975
8.2513e-05,5.9909e-05,97032.10665833292
0.02384,43.269,450919.4833332237
0.65937,0.028359,2502371.664328689
0.23435,0.0040522,1432566.818850217
24.844,0.00089565,52630.13203051156
430.09,0.00029804,246815.42328225423
2.731e-06,4.1408e-05,18519.600601385853
0.32022,6.4703e-05,44329.713301770505
60.492,0.007158,87973.75450065325
0.0054437,1.2895e-05,188855.90503872026
0.0078219,0.0,8971.199599299742
5.0849,0.0,250533.7425542505
0.51665,0.00073307,17342.99305198325
0.20664,0.0092068,288839.95173448755
1.2596,0.8457,5106.641421758615
0.00071635,0.00026608,6619.735250598956
0.0020408,0.00071782,10010.64544827734
719.45,0.031003,362763.6927172245
0.53695,5.0405e-06,48291.732960092624
40.107,8.6088e-05,71708.73036466836
5.5922,4.6682e-05,107995.19656489455
0.012915,4.3126e-05,11365.408539442196
18.83,3.2278e-06,66560.17150714158
0.013235,5.0214e-06,-5739.805111951895
0.0044194,2.7402e-06,3266.252909694178
0.16381,0.0,158.28379313292226
0.0011751,0.0,1739.9586189599665
0.95326,0.0,-364.32584680315256
1.0928e-06,0.0,200.23127151715545
0.57072,0.0,-670.6284883939828
0.91544,0.0,-801.6029753734774
0.39212,0.0,356.74661353726515
0.47525,0.0,8683.722260370709
45.278,0.00046228,96394.18680846038
0.00060937,1.9265e-05,71279.27605991224
0.00062407,0.0,67512.00480668401
0.30417,0.0,29788.86504918215
0.00014727,0.0011455,995497.3874208361
1.2944,2.1533e-05,280802.2344634583
0.0021391,0.0005742,430441.4497542625
95.599,0.0094297,3849949.403976582
1.6022,0.032705,48424.72397964189
0.43677,0.029176,553273.7163100472
1.4733e-09,0.0,-517.0534943931574
7.638e-09,0.0,291017.89904095815
1.1093e-05,0.0,138345.9553511643
10.288,0.0,3011370.810158637
9.8952,0.0,3862353.784055057
10.135,0.11311,6990621.988322138
93.553,0.57488,466138.1122593052
101.92,0.61242,417825.88138889725
114.58,0.66546,395229.2144186884
0.018472,0.00042867,373064.93092822214
209.57,0.052219,278241.89304646413
1066.4,0.22492,543397.3254755132
94.939,0.10849,337121.72029843426
2.436,0.043364,4265133.731775459
0.04485,0.011171,729279.3388870384
1079.1,0.82399,2014526.5461652265
421.3,0.042963,1266948.6355684476
2.9434,0.10399,3034056.6951736123
20.994,0.00088701,8451751.27120279
0.016296,1.7508,1098490.1844157008
11.041,0.1263,722790.073959459
0.035215,0.11752,3240089.9630910116
0.94595,0.0021629,6252135.525263819
1.9488,0.0,8925674.798992164
0.10238,0.035341,507642.13069897285
0.0064926,0.0024231,1605776.1252633452
1.9961e-06,2.4848e-07,2566.6720466447255
7.462e-06,3.1006e-06,3908.075820387941
4.134e-05,2.0877e-05,59887.53369807612
6.1961e-06,0.0012752,9126.642013076691
0.005513,4.1842e-05,901967.6940528983
0.00054311,22.344,1825194.0856232604
3.5468e-06,1.4262e-06,5105.728394965037
3.3992,0.06511,141554.12100818756
4.6682e-06,1.4778e-07,6668.7619637906855
5.9992e-06,3.4888e-06,18076.48337290368
4.0653e-06,6.5802e-08,6089.689375084113
0.27707,0.0097668,694526.4324279375
0.22537,0.71896,109663.25929387043
0.00010097,0.13436,66731.27116413318
0.0004021,4.0674,513989.66298282647
9.3504e-06,1.3461e-05,148521.62834569154
2.5856e-06,1.916e-06,3755.527551966258
4.5344e-06,1.1973e-07,6744.192193020608
0.029583,0.13564,58580.3817013094
0.0025869,456.79,55541.61888291386
0.00010237,2.4495,1001449.0602561975
6.1355e-05,14.378,45357.71711002773
0.62257,0.32654,36350.069970987475
7.5089e-06,3.7928e-07,20467.954355333597
4.748e-06,5.6667e-07,49860.677133966
5.6943e-06,1.9402e-07,15333.633331280922
2.3841e-06,1.4251e-07,631173.9462293936
5.1322e-05,1.0494e-07,6536.891123567765
1.273e-05,1.4868e-07,17581.834238921223
1.7979e-05,7.0407e-08,149.89863395633074
1.3769e-05,5.5329e-08,54.03117507889603
1.6648e-05,1.109e-07,95.81220388200508
2.877e-05,1.3722e-07,618.2796211837715
1.5154e-05,2.0673e-07,75.78761303311389
9.3193e-06,1.3598e-08,29.406779748044322
1.3938e-05,9.4228e-08,453.02130696179864
2.7394e-05,0.00020861,1038.7277756080239
0.00019985,0.16939,734.7359898369057
0.00033408,0.00036649,531.9972429320469
0.018678,2.0519e-07,2103.488044102344
1.2726e-05,0.13062,1140170.6415600064
6.1303e-06,1.2839e-07,14653.473796189433
3.6021e-06,5.6964e-06,760858.0157980605
2.3345e-06,5.8584e-06,1814763.9134118329
0.00078412,1.3771,364175.15733074053
0.00034686,3.6362,74378.23165239245
5.595,0.0029061,14529.61147073381
0.00028084,2.8488,7282.391512200852
114.13,0.029313,142290.76564081942
0.17556,0.0047768,16890.659339215465
1863.8,0.013703,1224715.0449515635
5.0502e-06,4.2948e-07,48556.30267017916
0.00030095,4.9036,64350.17179363156
0.0037903,0.0013521,3954814.2261128575
92.371,0.0011297,2169283.2259783274
35676.0,0.023773,725325.8271043393
54.491,0.049777,1150520.7524032595
0.018173,7.9044e-05,570466.519595157
0.00036815,0.011701,85495.35689375369
0.014348,0.00019851,83595.09885066534
0.0052213,0.0032576,10719.533505027206
0.00096667,2.4878e-07,101218.2132292396
0.015779,0.8703,1478328.935618616
0.12564,0.00047378,72788.12386779892
4.1819e-05,0.11962,23931.759487719184
4.107e-05,2.575e-07,8660.695191310617
0.36891,4.584,18520.042062934055
0.00017283,0.00070009,27638.293145968546
0.002352,0.00083251,1491038.5266212898
0.020257,3.7093e-05,581229.7611043986
0.0015802,0.0021392,118736.35555484222
0.001813,0.0001291,44064.95001637904
0.0012055,0.00016465,13344.885903219387
0.0012287,0.001269,12817.18381908372
0.064121,0.00042134,54583.06809627391
0.001254,0.0050193,22851.548748429323
1.0534,0.0016506,30897.774048304065
0.20798,0.00032588,3227.1895580152113
107.83,0.16896,3452.146167389803
4.292e-05,6.0846e-08,1223.1198396608188
3.5783,0.005607,6634.659569477239
6.3085e-05,9.1575e-08,4527.920221253358
2.0975,0.0032866,1240.4918767949953
9852.2,15.438,460.81159693424735
0.0010263,0.00014368,367229.112972974
0.9142,2.6481e-05,1307620.5868145092
1.2363,0.0001823,1144711.4777451018
1.0968,0.0014534,246981.6280980258
8.4653e-06,1.4744e-06,12837.300760798276
9.2985,0.0015432,958227.1097246789
0.18175,0.01509,261576.91595848824
0.00082665,5.956e-06,647712.9442047027
9.6153e-05,1.9058e-05,19474.706002744922
0.00016488,2.0781e-05,56209.56370326412
6.1364e-07,9.9839e-07,3327.5636791197026
2.973e-06,2.2895e-06,108454.66271598592
0.00010045,6.6082e-05,2211.229747035093
9.9185e-05,9.9378e-06,9112433.435192274
9.6109e-05,7.8323e-06,8576198.640339226
1.4639e-06,0.00015223,50907413.686070845
4.9926e-06,2.8568e-05,12644.251682856519
8.956e-06,5.1667e-05,32713.82784700959
6.9382e-06,3.2925e-05,23607.66860723998
2.6107e-06,3.6312e-05,56795.721539789396
8.1635e-06,4.8296e-05,105268.86064003667
8.4383e-07,4.9561e-05,57013.71227426107
4.9331e-05,1.7695e-05,7797.223893391041
1.3833e-06,6.0009e-05,2262983.9845495936
1.2741e-06,5.5998e-06,473049.729789985
4.3325e-05,8.2291e-06,4437176.2433227515
3.0931e-06,7.7013e-06,38304.711695126134
4.2874e-06,1.013e-05,1080192.3212908278
0.0025048,5.4142e-05,1275796.2431091177
1.0992e-06,2.6767e-05,6218147.004446494
2.9185e-06,3.8616e-06,77213.454232974
1.0182e-06,3.9697e-05,18224188.898963794
1.3276e-06,3.9341e-06,35566082.55195539
1.3977e-06,6.5832e-07,30832254.97026812
6.6083e-07,2.9031e-06,3132458.252319796
4.3936e-07,0.00025779,4822708.868749322
0.0020872,1.3705e-09,22719.258072298624
0.0020686,7.6406e-10,7975.367594598152
0.00033815,1.3239e-10,2949.4094445493947
0.00044342,1.2788e-10,6037.387483480299
0.66406,1.5475e-10,11932.124330494924
688.23,2.0888e-05,325703.8729319601
0.00039015,0.0,2520.046531397215
0.00051489,1.4758e-10,3033.4317131966286
0.0004904,0.0,3946.722824571259
0.0004273,1.5489e-10,2710.9526833277164
0.00047242,2.4095e-10,36547.84167568821
0.0011364,6.0151e-08,65613.02247397126
0.00044988,1.4246e-10,2921.7054522407316
61.578,3.6032e-06,28521.129733367285
0.00081558,0.0,18552.182666952922
0.00065704,1.5497e-10,4581.007511554604
0.00038885,0.0,2004.2454911543816
0.00050946,1.4508e-10,7958.92765025961
0.0004175,1.1557e-10,2971.0762163725435
0.0011541,1.4836e-05,7406.216966956697
0.0010941,0.0,5560.712620802813
2.6763e-06,4.1028e-05,4088.5616294177066
1.4599e-06,2.0629e-10,932.1838622106367
0.0,0.0,59.860886223927025
0.0,0.0,1658.5092217478714
0.0,0.0,12.216329047275703
0.0,0.0,16.275761490839205
0.02831,0.0,1164.6696686930006
0.0019009,0.0,59.53375060913373
0.0015405,0.0,45.14592851810094
0.021568,0.0,888.0325110321771
0.0023728,0.0,49.99191277031391
0.0042297,0.0,-916.3333701577466
0.0028596,0.0,106.82315421744148
0.0022148,0.0,85.8951107526746
0.0023038,0.0,166.63848993982452
0.006361,0.0,8728.555513939333
0.0029371,0.0,151.61689984059257
0.002154,0.0,4800.57289355415
0.0,0.0,-28.870374659642206
0.0041893,0.04036,38336.8903381544
1.2933e-05,2.1334e-09,22432.067210186935
0.0037142,0.0193,120828.94519585364
0.00041079,0.00015349,172532.4402220951
0.00035349,0.00027472,122593.50848794113
0.17647,0.00053562,16039.903439780233
0.42242,0.00121,40459.019697324715
0.00014332,0.0010912,36035.17188434499
148.72,1.3283e-05,49086.81764541855
21.407,3.5791e-05,23991.727550250358
3.401e-05,0.00031012,50947.58786202391
4.2849e-05,9.4346e-10,18382.830792568366
0.00017725,0.0018056,22691.66783732832
0.0645,0.011337,685680.5417693314
57.021,5.0471e-05,309545.34416306636
0.085225,0.28183,97425.07398846796
0.00098149,0.0,25635.32878790166
2.9061e-06,0.0,15636.654957156126
4.2271,0.0,33936.418689385275
3.2335,6.357e-05,14173.266026632455
3.2475,3.602e-05,13897.172314217181
0.0,0.0,12533.314440138967
0.0,0.0,23673.208248995896
0.21014,4.3714e-10,1355.6645034784767
0.52771,2.792e-05,10660.409223203429
0.43155,1.0442e-09,1547.0477770919483
0.47415,0.00092645,1724.9861265934846
0.51654,0.0032939,2060.8681210872296
0.1047,6.8664e-05,269169.37199208623
0.27603,2.9075e-09,7434.640937423161
8.5653,0.0,5085.478660675081
4.1029,0.0,17202.376871511788
2.664,0.0,6637.469933457808
9.4979,0.0,4236.786399069501
5.7392,0.0,8737.845495372632
2.3311,0.0,15224.842698849698
0.28064,0.0,258.16739122602473
0.18317,0.0,653.2569126001455
0.37349,0.0,515.990842008472
0.10692,0.0,96.14145016224904
0.044247,0.0,39.994555420748256
0.13936,0.0,-466.3930351841595
0.13032,0.0,30.68807814508195
0.14548,0.0,154.88986046963745
6.0956,0.0096572,141226.33854095158
3.2163,0.00055333,51449.66559098972
1.3883,0.0,6457.427040410557
0.0019645,0.0,4283.2614487939745
4.7255,0.0,4932.815560403294
4.1543,0.00023868,26790.700011930607
8.1885,0.00014259,17030.577549269114
6.214,0.0,135895.31270087446
0.0016603,0.0,3716.944719739014
0.00098076,0.0,212064.60449033574
0.011523,0.0,32699.839016005833
0.0048585,0.0,17052.451423065322
0.018255,0.0,59320.909916187484
20.655,0.00011805,845467.1254968583
455.63,0.0023661,1629211.5862313292
10686.0,5.9919e-05,2695371.727516338
1471.3,0.010662,92839.81450040109
378.73,0.0033335,90054.17108796869
26.655,0.00021045,51159.14339979878
168.82,0.0,461738.81797906215
643.97,0.00026572,57526.93081690467
120540.0,0.0052484,715879.4201290695
3.9768,0.0012588,11552.872383795213
19826.0,0.0,3048731.6741897915
5826.4,0.13326,960223.5548397957
116.48,0.0010317,374422.191874963
91.057,0.042821,1527192.4260195044
167140.0,1.1893,4241111.700051014
164.71,0.062622,2551930.6288301144
1519.2,0.020405,450357.52033501014
73.164,0.10407,177116.7996399073
344.75,0.0065504,2978768.3458279683
869.09,0.0,1941417.3670033237
46.315,0.0,1646491.4600433009
1624.0,0.57803,697713.8341323271
0.00015444,0.0,769649.7160262609
0.00011066,1.3452e-08,132430.48916743504
0.00012277,7.209e-09,44748.428238920904
0.018383,0.020691,91289.42924137547
0.0014041,0.0012064,103140.71316785338
0.12768,1.0161e-08,168778.00722564978
0.0011241,0.00020498,1129795.3875307785
0.00027323,2.9915e-08,190293.41571906363
0.0001343,9.7388e-09,112528.32360422582
2.6257e-05,2.1614e-10,13012.291053116258
0.00012017,1.396e-08,72078.16674716971
0.0014802,0.00058295,117664.58450121347
0.0011681,0.00078666,439778.81082522875
0.0012216,0.00045798,88880.04574976837
1.057,0.0022701,104668.98216004005
0.0041764,0.00082085,26606.51078516755
8.6008e-05,1.0313e-08,310107.7017675876
4.9632e-05,8.4229e-10,23804.042875491952
0.0087475,0.010358,1443917.6197048519
84.027,3.2944e-05,173091.06238833617
0.58879,1.2651e-05,64788.74230436858
13.528,0.069161,71691.66425545384
1.7549,0.011418,16910.14856413777
1.6971,2.0343e-07,43078.84722269595
0.00015073,7.9909e-05,106605.53453658952
0.30064,0.17839,289664.28837436135
0.00020353,0.00035867,10949.030544979996
6.5666e-05,5.0157e-07,11671.802108474296
0.00036888,3.5462e-09,2396.9379703104805
0.001078,1.9632e-08,9693.086510351179
0.00031538,2.6517e-09,1370.2503219068112
0.00021522,2.2955e-09,1050.2440339589452
0.00028101,1.6535e-09,1050.6522201175412
0.00033608,3.806e-09,1607.0909553486297
0.00034568,2.602e-09,1203.2927691558764
0.00018917,8.969e-10,739.3725580290671
0.00044584,7.8703e-09,11881.055854417107
0.0032086,0.0086627,66203.2244888191
0.0010751,6.2864e-05,22572.626648304726
0.060877,0.00031997,2720.6285391423307
0.4553,0.0014693,32210.27739891717
4.7168e-05,4.5709e-07,436383.0135553446
2.9034e-05,1.2406e-08,114953.95239161163
0.10931,1.8883,733439.0470843931
0.0051579,0.1341,788692.9077959345
0.10668,0.1976,450750.9463562275
0.0043658,0.079804,72193.51780531376
339.48,0.0023352,180517.11528486642
0.0027492,0.039358,92113.00416261716
14.483,9.0972e-05,144769.57357412836
0.16449,0.33998,155315.7197703937
446.19,0.0027747,874113.4156271702
0.030459,0.13643,156967.42850604697
0.018831,0.6011,155893.86034171865
728.23,0.00050318,3982618.085096867
257.96,0.0013257,5283342.468942767
6.6617,0.0031666,1462748.7485749493
3036.4,0.0020609,1778001.7575597563
3.2983e-05,2.3461e-06,331294.60204953485
179.88,0.00086293,792589.9941757347
0.023501,0.008908,548743.4840742969
0.51629,0.0005581,520221.6253179814
8.339,0.0014186,37560.35970919897
2.173,7.7394e-07,72765.96494357094
0.0004023,4.954e-08,145035.60273169418
1.1904,0.000412,720436.9861186763
0.072655,0.00026576,132129.62507974915
0.099565,0.00036422,153458.69505432106
1.1154,0.0041018,259022.67063843686
5.299,0.0014742,1664221.4803727341
0.1477,3.0668e-06,901843.8889124731
407.05,0.0065756,1104107.4094466234
57.702,0.002985,1166598.1011518529
1.2512,0.00014116,151254.25814528522
125.95,9.7199e-05,287355.29319097375
3.7804,0.00041065,178833.3568186845
0.32546,0.00029168,518081.9178740039
0.026964,0.0,88660.35475198632
3.4351,0.0,6107.747574298917
37.025,0.0,1544.4524011858828
9.1602e-05,0.0,-1010.1814267017614
1.7347,0.0,2402.9837017988507
7.0381e-05,0.0,1140.2307873306606
2.7777e-05,0.0,744.775383403667
0.89713,0.0,5798.749900343863
18004.0,0.0081982,3447614.889184916
673.4,0.0037967,9659352.279964494
1784.1,0.0029545,34207504.099153355
64.737,0.0,2428351.312426587
12.671,0.00077987,3092709.4035703824
12.6,0.00032063,9398373.244834974
8.101,0.018557,6418370.0748191755
162.52,0.00051111,3468778.269313266
1.7792,0.10823,929862.0848054871
4.692,0.2564,5389650.894846083
0.0044526,0.016971,699852.1674319251
17.58,0.0043926,1778177.0377702208
10.225,0.0025979,737895.4086650299
6.2395,0.00023804,14289947.49879247
45.946,0.00021085,17050562.31456538
48049.0,0.0031234,23340189.71768543
703.48,0.012076,2118912.45900751
378.65,0.017318,2256843.667331061
60.328,0.010489,2181246.974033441
10.605,0.0,51788.8717973043
192.52,0.00045477,461732.41965104605
38.75,0.00013675,5054966.563799384
37.99,0.0007409,140582.3409819531
1055.9,0.00016911,6737435.924732521
678.19,0.048637,4189856.0296352585
10486.0,0.010444,4142612.770440311
2700.3,0.44341,8243283.462811755
25046.0,0.00051306,7091992.802565167
3340.8,18.133,42947752.81216855
10504.0,0.0004998,3789576.617813498
1.5198,0.003007,2386446.1429532575
3024.3,0.0051818,23064721.772037838
1207.4,0.00012706,14168753.249376431
1033.5,0.00020185,21523724.6150791
1439.4,0.48992,5204281.023427496
0.0078359,3.4803e-07,4127370.5025295215
11464.0,0.00057872,1586909.9340271722
0.00080702,0.00687,125426.94198931848
0.00067576,0.026326,1423435.360232891
2.7268,0.00142,594121.664854752
0.15335,0.0023709,791154.0241070394
333.65,0.001489,15731262.3004255
0.00011729,1.8396e-08,413054.17785529327
46.32,1.0726e-05,166103.21542572603
0.0002497,0.0046086,119048.25914657157
0.00027004,0.0074039,278897.7939054816
109.47,0.00085147,4175070.1297460482
79.077,0.00030964,3651728.781697782
232.33,0.00013813,334308.31847260107
1629.2,0.00010612,1021458.5637667893
233.0,0.00055254,505558.29175041284
0.00072502,0.03204,786865.8261161613
3.6764e-05,7.1826e-10,-131212.35164841093
0.0011641,0.057486,1066241.5138126244
36.679,0.0013546,346659.44589984015
25.274,5.4343e-05,459835.98038725636
16148.0,0.0063863,-3746703.1045259023
9.6013,0.0,118877.96229427689
3.2564,0.0,101901.2610106514
9.1499e-05,0.00090422,87996.91164469
9.7047,0.0051369,499052.96909555304
0.00020238,2.1253e-05,50073.916657172835
3.3241e-05,2.1528e-08,113370.09343058385
0.00039376,7.0009e-10,12321.505103689584
0.00066925,6.0581e-10,19225.988312297537
0.00012953,1.2899e-10,4397.902452412985
0.00090615,2.4708e-09,55049.552814644725
0.0021242,4.7237e-09,85227.17123045545
0.044334,7.0213e-05,45533.0550961453
0.00020732,2.9983e-10,7885.951287767338
0.00051673,7.1828e-10,15472.675247989058
2.4774,0.0039983,10120.610022210289
0.0020007,2.3785e-05,263016.09139927884
68.731,0.00060371,117761.99271799461
0.00092585,5.4791e-07,53648.002933094765
0.0,0.0,23431.553906339446
1513.4,0.011009,5467500.815831761
0.04512,4.4529,2205399.8091825587
10220.0,0.0040454,13240858.07469302
841.25,0.0029449,9498056.424805263
5778.3,0.00057026,4153477.674202184
1680.6,0.0040777,1327330.3213771004
5018.0,0.0076619,2632075.2683225344
2096.2,0.0074081,1977999.2942752496
4275.9,0.00020468,2589428.631184314
6028.8,0.0025632,665024.672937903
12824.0,0.0037229,17860324.229531307
24.642,0.010582,3169343.454251448
1621.5,0.0033971,1936023.486751146
19366.0,0.0018517,49140354.89337145
43129.0,0.01728,41500075.65955277
22199.0,0.0032048,18733849.77088976
11431.0,0.030362,16862485.14164629
0.49068,2.2126e-06,2767903.685269416
364.4,0.005476,8955752.45808197
4219.6,0.020552,8809774.340617321
68.165,0.0075584,5407101.555036151
0.0010407,2.8277e-05,2694237.370127849
115.48,0.0001619,19343776.3156279
2.4658,0.00023611,2889342.896972247
1018.8,0.001222,10590806.624936815
0.0026278,0.00074284,2620991.409836411
0.0022307,0.00061369,2930380.156297137
0.0040066,0.001122,3569470.598688307
653.04,0.57687,60986657.308959335
1046.6,0.11723,13785094.360962993
2792.0,0.019947,9179136.242460994
587.56,0.0041801,13380355.953470076
49.162,0.00038126,2222612.730001455
236.41,0.00046056,1871072.8719141907
273.86,0.0016182,2649067.344761422
2.5539,0.00041981,6563373.533985103
0.096999,0.0,1229605.2657278976
0.033302,0.0,240708.4839187069
0.020419,0.0,87189.08923577535
32.305,0.0,83444.47203582215
15.709,0.0,47741.89630191687
0.28889,0.0,58119.480345951524
0.050834,0.0,41738.7311669188
0.069837,0.0,297619.8376065862
356970.0,0.0095042,38720751.809170835
5893.8,0.18032,171702086.01233956
5613.2,0.035506,309712615.04516214
29933.0,0.0,36639839.4968085
1689.1,0.00014375,18127436.36173808
812.14,0.063419,67517664.72692034
713.93,0.08753,55753275.58469954
3913.7,0.014262,53475876.840991534
0.14196,0.00017711,39561328.22380822
1.0229,0.0043816,29887452.828242682
0.083273,1.2147e-05,6157602.968968907
0.80931,0.00058492,15921447.872408548
0.13088,0.00042671,8817340.989873765
234.29,3.0268e-05,136501515.80378145
2021.7,0.00014554,180180623.36441103
328990.0,16.999,375314599.5684885
20761.0,0.010332,14641128.30236306
566.14,0.01795,18295158.58539002
1111.5,0.018433,12895434.83651212
1765.0,3.6204e-05,19222690.020091202
65942.0,0.0040024,10262574.988084333
9779.4,0.0038794,18299203.711693633
108.49,0.0024277,3320982.045608762
10634.0,0.0,76645653.30415244
2336.9,0.14699,43394125.66810528
116320.0,0.00445,39701208.974027
260430.0,0.0033155,51558409.65706199
1008800.0,7.4703,122722869.58203095
0.001855,7.493,471386199.1136938
140570.0,8.0884,118976347.96922538
579.49,10.414,48486011.826900296
958.65,0.00017759,333833376.64283776
2059.1,2.064e-06,193787227.9324973
2838.9,0.003511,447973959.042802
12461.0,4.2063,52568540.431782335
0.0012468,0.082432,107351574.18370503
6.7638e-06,1.902e-06,11761.567203641838
6.6077e-06,2.3969e-07,2001.1470811482823
1.0884e-05,2.8008e-06,31226.573766712416
7.984e-06,2.1729e-06,13713.79709137816
0.0093443,4.4951e-06,88167.9589218433
1.7375e-05,4.5502e-07,39965.18772827263
7.256e-07,1.0731e-06,667.9820523517583
1.5402e-06,1.3464e-07,-968.9127556507443
6.1376e-06,2.272e-06,13333.306211686317
5.2816e-06,6.2407e-07,6991.197033067176
3.0096e-06,1.1119e-07,998.9438773593868
5.437e-06,9.0827e-07,30058.87863170133
1.9756e-05,3.7572e-06,34529.468448103704
6.1134e-05,2.3417e-06,35125.52815169281
1.39e-05,7.8941e-07,4429.601445457192
2.9647e-05,2.0995e-06,69623.27404631359
7.8213e-06,2.6786e-06,67140.45444038365
1.0882e-06,3.8651e-07,486.2303131881421
5.048e-06,6.4635e-07,6572.817386019221
8.179e-06,3.5336e-06,14531.267258484222
4.5017e-06,5.2663e-07,13346.184331831739
1.0009e-05,0.00013693,14309.086448648082
7.3298e-06,9.094e-07,4708.730721359921
2.8657e-06,3.0664e-07,5200.597331477453
1.6067e-06,1.43e-07,-325.2815926124605
5.7193e-06,5.9242e-07,13838.73487346271
1.4937e-05,1.1577e-06,71037.8870625704
3.741e-06,3.2847e-08,-2132.442447528473
6.9226e-07,3.9433e-09,-1799.826470537337
7.1237e-07,1.2466e-08,-972.0648123848546
1.7818e-06,6.519e-09,-1067.7784823934073
1.0319e-06,7.4105e-09,-960.0050894961727
2.3e-06,8.7575e-09,-3541.1490744303755
1.6656e-06,1.3259e-08,-4043.051057169385
1.4398e-06,1.4518e-08,-486.4526743558274
1.7103e-05,5.4252e-08,-183.35295582995886
8.4932e-06,1.977e-08,-3372.0838129954423
5.4746e-06,1.4557e-08,-4812.082034816359
1.6033e-05,1.8301e-07,1194.3838405359515
0.0073543,1.4495e-07,-7797.792814620982
4.6014e-06,1.5058e-06,54281.52500697945
2.8334e-06,2.57e-07,7030.404586090933
1.4295e-06,5.0802e-07,3437.271386885921
6.9213e-07,1.6767e-07,3001.722847723731
5.2634e-05,0.0022307,33036.033908900055
2.9585e-06,3.6979e-06,12691.671507083654
1.2094e-06,2.1356e-05,42347.402573876985
8.1365e-05,0.99471,13156.504799547864
9.1186e-06,3.296e-06,25836.315812272296
1.4503e-05,2.6369e-06,26605.279090535558
2.7186e-06,5.5837e-06,19191.655942541383
3.4089e-05,3.7529e-06,26941.599487364616
3.2596e-06,5.1395e-06,50153.928001003595
2.7512e-05,1.608e-06,175106.4394447108
4.9258e-05,0.24972,98530.37124909415
5.717e-06,7.431e-07,15519.775257653406
0.0075995,0.013479,102908.89015242063
2.2917e-06,8.0679e-07,41324.42612386469
3.5623e-05,0.26912,42442.1720606869
0.00033741,0.0057873,16972.193999229843
0.00049573,0.00053387,10670.737565529893
0.00015468,4.2977e-08,15663.860155738857
0.034022,1.7,72020.15397920308
9.7611e-06,4.8814e-08,1350.5144707297432
2.6461e-05,2.4808e-07,6018.762663885295
4.0897e-05,7.4902e-07,10907.894873626241
3.993e-05,4.0098e-07,78347.47704672902
3.4744e-05,7.6659e-07,-15184.410919198506
7.3281e-05,0.0024098,161399.50777657636
0.00016798,0.00021852,35546.12998011616
0.0005701,0.00023743,12713.615882118924
0.00085538,0.0015555,11821.999370549724
0.0020261,0.039915,4744.336489141028
0.0021967,0.0048574,6968.200434737741
0.00065188,4.6213e-08,6080.73313153119
0.0011854,3.1548e-07,2927.8105085173615
23.865,0.038451,59667.09078981483
1.1868e-06,1.0139e-09,119.45241292771709
1.8857e-06,1.78e-09,1971.0685069876324
1.2296e-05,1.708e-08,33.12662511784649
1.375e-06,1.1434e-09,416.8321630481918
3.4096e-06,4.0483e-09,484.9968458769583
3.5292e-05,5.4029e-08,-14.611397270510253
1.2258e-05,1.6509e-08,359.37265361582587
0.00054035,0.00073111,33713.944166843365
0.030463,0.039883,128413.0574199983
0.0017949,0.021977,755522.5005017163
0.00046834,1.2354e-05,4802.38734852436
7.4264e-06,5.588e-07,10701.57574855799
0.0002613,0.00025648,129467.78380850337
0.0014171,0.0090814,52045.949020307526
0.00030241,0.0022993,51093.30263352943
3.9974e-05,2.9227e-05,25232.633913247395
3.6593e-05,1.8646e-05,10803.065036053516
1.3226e-07,1.8611e-06,542.4008902800961
1.2796e-06,1.256e-06,-127.93414855131185
3.4773e-06,3.8195e-06,20433.828429516536
7.2007e-06,3.3068e-06,16065.498311020876
1.2854e-05,5.4064e-06,25393.93028709574
8.184e-07,1.8746e-05,121413.9017883589
4.6194e-06,3.14e-05,13343.749046587072
4.9156e-06,1.911e-05,11179.040090439696
4.7664e-06,1.76e-05,10823.4451035506
2.1115e-06,3.593e-05,31074.587101683246
2.8275e-06,2.7971e-05,29447.8491295031
2.8534e-07,1.6982e-05,2836.676434672805
1.8638e-05,3.0191e-06,772.7031886286268
3.9121e-07,4.841e-06,65891.46944833326
4.4076e-07,6.6809e-06,18044.6596105731
1.5819e-05,3.1224e-06,26589.30916048252
2.0659e-06,3.2762e-06,12057.754197329272
1.2913e-06,3.8149e-06,40889.88171934909
4.8419e-05,0.00017201,651921.6537612148
2.8074e-07,1.5342e-05,6452.876413903066
6.412e-07,1.9595e-06,11639.604658838947
5.5854e-07,2.1777e-05,151530.49389085392
4.7381e-07,3.2856e-06,110140.21012996808
7.285e-07,2.393e-07,136920.46035310777
1.3249e-07,1.2018e-06,7648.087944048389
3.7368e-07,0.00043861,6170.403416030009
0.0,0.0,0.0
0.0,0.0,0.0
0.0,0.0,0.0
0.0,0.0,0.0
0.0,0.0,0.0
0.0,0.0,0.0
0.0,0.0,0.0
0.0,0.0,0.0
0.0,0.0,0.0
0.0,0.0,0.0
0.0,0.0,0.0
0.0,0.0,0.0
0.0,0.0,0.0
0.0,0.0,0.0
0.0,0.0,0.0
0.0,0.0,0.0
0.0,0.0,0.0
0.0,0.0,0.0
0.0,0.0,0.0
0.0,0.0,0.0
0.0,0.0,0.0
0.0,0.0,0.0
0.0,0.0,0.0
0.0,0.0,0.0
0.0,0.0,0.0
0.0,0.0,0.0
0.0,0.0,0.0
0.0,0.0,0.0
0.0,0.0,0.0
0.0,0.0,0.0
0.0,0.0,0.0
0.0,0.0,0.0
0.0,0.0,0.0
0.0,0.0,0.0
0.0,0.0,0.0
0.0,0.0,0.0
0.0,0.0,0.0
0.0,0.0,0.0
0.0,0.0,0.0
0.0,0.0,0.0
0.0,0.0,0.0
0.0,0.0,0.0
0.0,0.0,0.0
0.0,0.0,0.0
0.0,0.0,0.0
0.0,0.0,0.0
0.0,0.0,0.0
0.0,0.0,0.0
0.0,0.0,0.0
0.0,0.0,0.0
0.0,0.0,0.0
0.0,0.0,0.0
0.0,0.0,0.0
0.0,0.0,0.0
0.0,0.0,0.0
0.0,0.0,0.0
0.0,0.0,0.0
0.0,0.0,0.0
0.0,0.0,0.0
0.0,0.0,0.0
0.0,0.0,0.0
0.0,0.0,0.0
0.0,0.0,0.0
0.0,0.0,0.0
0.0,0.0,0.0
0.0,0.0,0.0
0.0,0.0,0.0
0.0,0.0,0.0
0.0,0.0,0.0
0.0,0.0,0.0
0.0,0.0,0.0
0.0,0.0,0.0
0.0,0.0,0.0
0.0,0.0,0.0
0.0,0.0,0.0
0.0,0.0,0.0
0.0,0.0,0.0
0.0,0.0,0.0
0.0,0.0,0.0
0.0,0.0,0.0
0.0,0.0,0.0
0.0,0.0,0.0
0.0,0.0,0.0
0.0,0.0,0.0
0.0,0.0,0.0
0.0,0.0,0.0
0.0,0.0,0.0
0.0,0.0,0.0
0.0,0.0,0.0
0.0,0.0,0.0
0.0,0.0,0.0
0.0,0.0,0.0
0.0,0.0,0.0
0.0,0.0,0.0
0.0,0.0,0.0
0.0,0.0,0.0
0.0,0.0,0.0
0.0,0.0,0.0
0.0,0.0,0.0
0.0,0.0,0.0
0.0,0.0,0.0
0.0,0.0,0.0
0.0,0.0,0.0
0.0,0.0,0.0
0.0,0.0,0.0
0.0,0.0,0.0
0.0,0.0,0.0
0.0,0.0,0.0
0.0,0.0,0.0
0.0,0.0,0.0
0.0,0.0,0.0
0.0,0.0,0.0
0.0,0.0,0.0
0.0,0.0,0.0
0.0,0.0,0.0
0.0,0.0,0.0
0.0,0.0,0.0
0.0,0.0,0.0
0.0,0.0,0.0
0.0,0.0,0.0
5.8226e-05,2.0654e-08,500313.4127570603
0.00016418,0.00047671,19381.338043712894
0.00011581,0.00025529,461762.5523701051
0.00010745,0.00024896,224954.4195150306
0.031709,2.9571e-09,123889.13166916283
13.228,0.00027853,772079.0990560394
4.5955e-05,5.9835e-09,153632.11972730682
6.2155,1.1885e-06,53545.78290765055
0.00029286,0.0018231,39582.88099403102
3.0586e-05,3.7179e-09,262849.88006637676
0.00010618,0.00019799,98289.25992494437
0.017415,0.079854,229833.28650552142
6.647,7.8097e-06,54825.958649277345
17.872,2.9087e-06,318144.10496093106
4295.3,0.0015221,365007.3621155072
5.5424e-05,1.0564e-08,179244.18632869088
3.0573e-05,5.5652e-09,85825.11223234044
8.6097e-05,5.3454e-08,690910.7519071453
0.00041294,0.0015126,151147.17720408406
0.72682,0.001014,226253.65686273138
13.601,4.5547e-05,116033.20735543464
0.23885,0.013866,251110.42002031425
0.0010082,0.010668,88817.05404804513
3.368e-05,0.0,121425.62103301799
0.0032545,0.0,189395.79308190418
6.3311e-05,0.0,145503.85978034453
0.00022201,0.0,116478.31916536111
2.5727e-05,0.0,14198.205173336206
1.5396e-05,0.0,8349.267702700236
0.0049793,0.0,14022.075699764444
1.3868e-05,0.0,7767.399993746694
4.9971e-06,0.0,2781.68375547649
2.4231e-05,0.0,13416.488754919761
1.8415e-05,0.0,10263.35958461755
5.5563e-06,0.0,3107.8047887884377
8.6025e-06,0.0,4840.139817146142
0.0036055,0.0,7549.584858773515
8.3885e-06,0.0,4644.811200706381
0.44821,0.0,12587.578751641002
0.0,0.0,11891.877090516968
1137.0,2.0512,888420.1521264692
5.9579e-05,0.0075753,287621.6882767902
34722.0,0.00067306,2581696.6096710917
1025.6,0.0040458,861902.8604565209
6968.5,0.00027045,321664.07246644195
1212.6,0.0018983,1039535.2588557684
1695.0,0.0087236,296061.9656046704
9.3738,0.00044003,284571.75334424677
0.022344,9.8427e-05,538307.1710481241
1.5111,0.0039362,193128.16297788944
183.75,0.0073675,818048.2375758016
0.0039145,0.00035532,2137656.603639776
0.76969,0.11614,237181.56948740035
11002.0,0.0064027,5289155.341600269
11598.0,0.0019864,1719810.9493939145
8516.1,0.0018464,1507393.3805788604
119.8,0.00032973,892543.3945345138
1.3752e-05,7.4747e-08,446542.05875311553
5.3093,0.00016336,282328.2661737774
0.00077407,0.0012737,321480.5869380073
239.36,0.00063636,463129.4239513465
0.0028464,0.0,1208790.2037445894
0.20527,0.0,319456.50582056114
0.026036,0.0020355,130704.2171499169
1.9499,0.33564,555206.6368718669
14.292,0.085242,299946.6129602022
0.24583,0.0014655,525691.9514507627
0.020172,0.00011968,307078.17458015616
399.04,0.13999,18697887.88530565
3.8406,9.4658e-05,1190308.765005568
188.88,0.0025905,358511.6204992629
26.567,0.002681,395703.4159455129
0.20505,0.17164,113813.86076492532
275.88,0.00046266,184323.5063392769
0.78442,4.802e-05,135307.50081484733
0.015457,5.6712e-05,153221.3959046348
0.029842,0.0,15310.167356920798
0.029758,0.0,5408.960670451401
0.21563,0.0,1971.5888013196318
2.215e-06,0.0,681.9281335915318
1.5768,0.0,633.6054806738429
0.023666,0.0,1012.9377938946061
9.3505e-07,0.0,714.6549922806864
1.0817,0.0,1001.8757438246279
14808.0,0.016634,1654510.9676277922
509.24,0.0090919,13196290.140657969
106.83,0.0018613,1140440.528838257
43.479,0.0,779372.1343045894
425.88,0.0030343,1709784.56692171
44.102,0.0016835,4111525.8651392856
85.62,0.0059932,1458729.1106730404
1639.1,0.00045076,6132233.868487739
0.21203,8.1893e-06,1841417.7574903811
0.14515,7.3438e-05,973787.5538707714
0.011564,3.6383e-08,571940.4576070807
0.094756,9.3975e-06,1029661.5152793138
0.093217,3.4336e-05,1623005.1435479494
0.17146,1.3402e-06,19143018.031550076
0.50033,8.7937e-07,16411341.555369725
6534.5,0.0023326,36014111.95928478
1518.5,0.00045048,1485220.5993470864
1527.7,0.0010997,1797322.1164521226
127.23,0.0021932,975978.174114008
47441.0,4.805e-07,17535470.230391752
3275.9,0.00072853,1048535.3416412983
1364.7,0.00069299,1478695.9676795444
30.862,2.0665e-05,127466.74144154297
2271.4,0.0,9225789.768746642
0.32757,0.0001051,4470556.368027634
2104.8,0.00018497,3588426.8688781317
14311.0,0.038118,5508747.89004619
1733.5,0.0042203,12541315.001073595
1672.1,0.017585,37197528.42426504
16269.0,0.014438,9759066.072335225
49.24,0.23992,4676017.625162402
133.94,1.0429e-05,22850179.36020014
96.152,0.00039169,23587127.181575898
292.46,0.00012813,47108266.94687275
686.31,0.0027079,5347745.321182404
28.035,1.0648e-07,6221914.031328707
4.2978e-06,0.0007837,2565.23011525977
0.013621,0.14815,7030.727954648623
0.053115,0.91068,21086.422669439704
0.01238,0.27318,11556.352813276004
0.44286,61.885,687728.4990596301
0.84539,0.058008,1736480.0924444364
4.0374e-06,3.8739e-06,6103.468406744961
172.58,3.9752,138242.40815403356
0.0001626,12.033,12856.17115261659
7.6189e-05,0.0073134,34184.32112498381
0.00013445,1.7919,6260.183496262248
1286.2,0.22677,1241802.0421901033
1.1758,0.22256,29554.795386115926
832.66,0.004253,75989.52315723717
0.25846,0.20737,48314.467583648555
0.3696,0.016834,48100.291702126306
3.0053e-06,0.00020369,5981.310849053582
2.4989e-05,3.8388,491765.15565953194
0.0045411,0.16873,9142.44850710064
0.10158,0.007339,17173.043428108675
0.00057636,0.015958,23688.002833668983
400.5,5.6342,46368.33803810355
0.030957,0.3141,35445.05720803648
1.0293e-05,0.0041556,56845.19393572566
0.00024816,0.44983,71429.25481600201
0.00028224,0.00232,7544.474903597215
0.00062537,0.0051411,22497.106804361767
0.15931,0.18722,-1356.0923832921787
4.6452e-06,9.8219e-08,-842.7633401583863
1.4781e-05,3.9993e-08,1338.5471367962548
1.4085e-05,1.4518e-07,-231.53243597765155
4.4939e-06,1.0023e-07,-758.4755699654318
0.11143,0.13094,536.3213160702268
3.1387e-06,2.687e-08,-3098.560518714037
2.5032e-05,1.2593e-07,-285.8907090395878
0.00021433,0.00021638,160.15021314612702
1.0194e-05,0.0003016,-231.70923303557424
0.0003594,0.041904,622.1636899222016
0.0022466,0.0026286,13131.512011430266
9.1828,0.041779,1476.597629590036
39.858,158.62,459864.5238814832
1.7638e-05,0.086558,8301.097281023982
79.011,1.1163,422236.1412146866
0.33252,2.0092,455373.7178076321
176.18,0.05106,58005.900520247436
81.065,0.12373,15330.991678658074
1450.2,0.21584,82552.49337965959
27.076,0.02433,69143.90433041168
3.7847,0.042689,106742.56158866758
1.9374,0.012542,187681.61672640915
4586.3,0.11164,371087.68600641616
243.69,0.0026774,28578.716247130487
86.4,0.00727,14800.24635640233
74.876,0.018809,1345931.1248616658
6599.1,0.11392,3399120.3223713753
5888.9,0.048496,363391.28105947695
2281.8,0.21102,1906675.3549078656
0.11969,8.3816e-05,667049.5637604953
0.00018998,0.00087025,4734.785500214411
0.0069213,7.7981e-05,17383.600658755255
0.0016488,9.9719e-06,8049.401607480827
0.012182,0.0016556,36492.69987066641
0.18583,0.00016012,1235933.0501592068
0.048669,0.0015035,9017.456337600455
5.3773,0.0020419,50900.26037116082
4.0679e-05,3.997e-05,8126.513201214536
4.1017e-05,0.00020079,5776.198191227328
5.1477e-05,0.00022191,12655.521760109952
0.0093922,0.0016652,492327.7628200347
0.063586,9.2949e-05,43138.53543254161
1.0461,0.015589,22763.698837910306
0.0085097,6.8218e-05,22119.994277740665
0.0080508,0.00016638,1963.738876790328
0.018865,0.0001337,5184.979162097363
0.19504,0.00017783,6041.236237203465
0.0091493,0.0001028,3069.556879224332
0.028492,4.3382e-05,2798.8124467951
0.013953,2.1247e-05,602.2270017061611
178.32,0.27154,4397.315052925406
4.5881e-05,6.2336e-08,42414.66574318362
0.0023386,3.5514e-06,1389.8874416289045
0.72406,0.0011026,128.13382733790192
1.1351,0.0017285,55.80150773543712
45.587,0.069418,3498.7361147221245
6.4926,1.3905e-05,513644.96956374374
6.2589,2.1066e-05,6504057.76319031
2.2477,0.00043856,3503764.2075121365
0.0014275,5.2953e-06,260707.19926367156
1.0446e-05,1.9598e-06,16063.7775353924
0.54537,3.6731e-06,2238099.9457133105
0.002862,0.00022645,4515624.079573593
0.0037998,4.2431e-05,575270.6241290258
6.3677e-05,2.5456e-05,20331.261497828684
6.9375e-05,2.7977e-05,11913.259875021151
2.1806e-07,4.5692e-07,61.092103629737665
1.6513e-06,1.3548e-06,25657.386959828902
0.00016464,5.5918e-05,6389.000527728679
3.5577e-05,1.2079e-05,9979070.730814114
3.7516e-05,1.2152e-05,11751084.679548217
1.952e-06,0.00025115,25678391.00971473
8.5042e-06,6.0046e-05,27611.986669131267
9.9083e-06,6.8777e-05,27961.20259679752
8.7821e-06,6.3815e-05,26853.831374033267
5.4968e-06,9.8792e-05,267323.6868893388
1.6058e-05,0.00013924,265440.798560244
1.2304e-06,6.9834e-05,237416.080959919
5.3597e-05,2.6753e-05,33236.87478660815
3.2908e-06,0.00014088,2202814.1586649166
1.2342e-06,1.1239e-05,288543.6228799655
4.0197e-05,5.9582e-06,478039.68884456664
7.8504e-06,7.9198e-06,395977.7380382657
2.2646e-06,1.6046e-05,2894259.8353461707
0.0010478,7.8938e-05,796200.455836902
9.9195e-07,4.0505e-05,3614469.7887050747
1.6878e-06,3.8023e-06,33746.630922850905
1.7007e-06,7.7522e-05,5308540.203697297
1.2685e-06,4.2248e-06,9153967.005444434
1.4178e-06,5.1633e-07,6249483.6417321395
5.7065e-07,3.8469e-06,568985.3876955768
7.8838e-07,0.00055946,1394934.6772875804
8.7732e-06,2.5484e-05,1413798.271273706
2.0037e-06,0.009824,1085.2810545271564
4.2818e-06,6.0539e-06,22066.30865994599
7.6044e-06,8.4699e-07,11782.675091938476
0.0013375,2.235e-06,7111.4365898049655
3.7488e-05,0.10122,14464865.323721081
3.674e-06,9.829e-06,847996.6538088266
3.1325e-05,0.84656,19162.238834430344
1.0169e-05,8.3042e-07,18988.294495385995
3.7933e-06,6.2791e-06,966372.6544698117
3.6839e-06,0.058109,402630.48483425716
2.7035e-06,0.027611,1395971.8040331665
6.1519e-06,2.1379e-05,163068.96579134781
8.6765e-05,0.10019,302560.6344251913
0.00026049,4.7378,21396.1785051589
3.1325e-06,6.8826e-06,4744.516619620251
1.8401e-06,6.8648e-06,3416.897473424163
3.274e-06,1.8928e-06,4914.017664405035
3.4389e-06,0.0095407,43836.8853708299
1.4601e-05,0.063543,74251.27275733695
1.5936e-05,3.2681e-05,34054.40631491473
1.4556e-05,0.99977,98962.61950073387
0.00014982,9.5082,46174.86890350093
6.1758e-06,0.00044323,120658.90427807922
2.1427e-05,3.1934e-06,233538.17233351307
1.0834,9.0453,53434.24948865566
0.011425,0.095273,48989.80447218065
1.6936e-05,2.1761e-07,119632.30903940299
1.7279e-05,3.5964e-07,322.72726782315226
2.2313e-05,3.4421e-07,6209.339823667244
2.562e-05,4.7168e-07,3401.3932442228634
1.8168e-05,3.8896e-07,4065.6602296392225
3.7151e-05,6.005e-07,113741.62757891664
1.6548e-05,3.3786e-07,3236.256133164525
1.12e-05,1.0155e-07,308.5528514961564
1.7713e-05,3.3588e-07,8838.444495816646
0.00093899,0.61511,375.9611660374636
1.4496e-05,1.655e-07,598.5073430735298
0.15101,0.17778,2519.203680329184
0.0059031,2.6591e-07,3344.981833348637
2.6033e-06,1.8258e-05,408047.4854957584
3.5424e-06,2.9652e-06,8921.45424983454
3.879e-06,9.9587e-07,9262.760869181526
0.00021099,5.0611,697488.4324407845
1.0479e-05,0.006912,759996.8002989807
0.0034204,0.039395,34183.470759433905
0.012411,345.02,538910.0116406338
3.759e-05,0.67778,294296.20406681806
0.035915,85.39,67573.65666244162
4.0978e-05,0.012135,23771.02945486266
2.3495e-05,0.084131,249650.06761484873
6.1385e-05,2.8843e-06,44958.73631169579
0.00040354,5.9651,19213.915770104846
1.7191e-05,0.021478,48793.31979295969
8.8369e-06,0.0036284,20363.333686108086
5.2619e-06,0.00050627,582449.5090615901
0.0072404,0.043407,502512.6437327578
1.1197e-05,1.2097e-05,185503.57186903627
0.0019512,39.816,56651.257269009126
0.00046383,0.18794,18565.533478069334
0.00024545,0.00014369,5039.66673124388
0.0012652,8.8954e-07,379675.22255550255
0.00094772,0.036965,107388.99086754059
0.00010806,9.1795e-07,43388.60422156796
0.0031818,9.9337,13943.967816982382
1.517,18.358,102929.50042917214
9.8352e-05,0.00023571,20375.26523794837
0.024843,0.29926,30434.758148071072
2.6291e-05,5.6353e-05,42940.744549926196
2.6587e-05,1.3747e-06,6720.52333908067
0.0012565,0.00067076,80911.2828787177
0.0015223,0.0011671,102845.6944942926
0.015142,5.1798,23831.495017594807
0.0046451,0.10546,182149.65254673146
0.001514,7.1169e-05,260559.3896850295
0.0009215,0.054579,12040.836793701848
46.96,0.071654,56007.26371559609
2.4652,0.0037614,86854.20424408818
0.037748,5.7593e-05,24479.51877916064
0.00012797,1.8922e-07,14336.945602767517
1901.5,2.9015,10138.381809566223
0.00011924,1.7919e-07,14482.203453415088
0.00011176,1.6799e-07,11314.147043392762
0.00010155,1.4983e-07,34896.91307552065
0.069168,0.39886,513312.3598982161
7.9524e-05,6.5869e-05,1517587.7904845437
0.0015447,0.015836,1577163.3692379482
0.0053901,0.00011735,92070.75754804102
4.159e-05,6.3316e-06,592787.786540182
3.7844e-05,4.794e-06,715271.6423777146
0.0035635,0.036287,695157.3755464958
7.3078e-05,0.00075889,263123.3848234545
8.1358e-05,3.0366e-05,28709.113331474007
2.0845e-05,1.3071e-05,3727.715575800759
1.4664e-07,9.2049e-07,30.938889307577462
1.9719e-06,2.0119e-06,1381.3508375870178
0.0012491,0.00028713,198270.19886447175
7.9269e-05,2.4861e-05,33940721.24928242
8.0156e-05,2.6373e-05,33514114.57967993
1.8612e-06,0.00035714,14908089.388409618
1.9354e-05,9.6633e-05,486833.733568122
3.1468e-05,0.00011241,1471570.7415845378
1.7791e-05,0.0001156,268437.1227378476
4.8225e-06,0.00026319,3511718.675268347
1.4792e-05,0.00046007,2167931.6166856545
1.4982e-06,7.934e-05,4055655.7964916774
6.102e-05,8.3321e-05,717017.535188537
1.999e-06,0.00025933,17500517.24577003
2.1296e-06,3.4285e-05,105946.50427030204
6.6879e-05,3.4475e-05,460632.20104149927
4.7643e-06,2.3036e-05,105844.43963172777
3.6603e-06,7.1367e-05,15573105.03368286
0.0012008,0.00028822,2301534.4430117426
1.2332e-06,8.7722e-05,1494710.3113373432
2.3836e-06,1.0397e-05,70985.41339345084
1.3155e-06,7.0941e-05,29805449.28346871
2.9086e-06,1.7539e-05,6679560.07426779
3.4051e-06,1.1239e-06,5651021.073527864
1.0952e-06,8.5602e-06,963424.1160667054
1.1547e-06,0.001234,2917581.7947671674
1.3549e-05,7.6847e-07,20372.810049055657
9.6649e-06,3.7245e-06,9418.297746350134
9.8974e-06,0.42884,22063.866132416955
1.207e-05,1.3707,17698.841634216285
0.013244,4.5007e-06,822215.6118759954
0.00013392,0.010746,1236040.6760929464
2.6273e-06,2.7705e-06,5319.386474413777
32.092,777.61,70062.38649348429
2.4086e-05,0.20416,44399.482033621185
1.1403e-05,0.092571,51571.71995352478
0.019608,0.010949,29801.452396317003
0.28325,1.2655,282151.4187681814
0.00012046,13.238,145706.7762017794
41.128,0.01322,83020.70994726862
242.37,0.070599,39769.41365348682
1.0619e-05,2.0547,118626.32847773518
2.3265e-06,0.0086065,3383.5512598714627
3.1051e-06,6.4281e-06,16373.059703203973
3.1949e-06,4.5173e-06,13394.640009539895
2.2703e-05,0.18772,51753.70202642556
0.00089918,2.8335,16378.760024154315
0.022193,1.9881,14900.097774899607
5.6961e-05,21.819,11489.748184455095
0.0043959,3.0205,51508.39775527429
3.3359e-05,1.4656e-06,118373.5777771302
0.0036151,0.030265,33923.904638922875
3.7608e-06,4.6088e-07,8507.14940256835
2.0793e-05,3.103e-07,65537.06286312662
7.0759e-06,1.7188e-07,12519.665825921433
4.9123e-06,5.3827e-08,8715.593849446259
8.7404e-06,7.8492e-08,355.5564561634907
2.6038e-05,3.1069e-07,659.7865108993459
8.8645e-05,3.1383e-07,5047.744868996631
9.4328e-06,1.1227e-07,594.9708100127266
8.2238e-06,2.8225e-07,700.2373255933168
3.0322e-05,2.2475e-07,531.242763124823
0.00031124,0.13698,431.6028310119779
0.13699,21.249,6373.849070454526
0.14834,0.17562,-203.47546934491655
0.017514,5.1888e-05,95789.37396614396
2.435e-06,0.016411,730534.1619555082
1.5613e-06,1.2982e-06,3875.5775907252
0.00016031,1.4591,434474.8044816945
1.2477e-06,1.3482e-05,1425574.5228740687
0.0029874,3.5507,122453.674408101
1.0506e-05,0.11263,1419033.0797504378
24.711,96.374,197405.72353713427
0.68405,0.0044778,36661.44804243651
412.11,0.26196,110807.1777523692
0.00037039,0.0057368,-3906.1827115558767
2.9278e-05,0.30181,580395.0284525483
0.085423,1.0171,287952.00942957064
0.050812,0.0022709,507312.81858944887
102.97,0.42419,2700885.3697943003
0.00473,0.0007756,614841.2749589036
0.0051885,21.128,67809.34800266543
984.21,1.4143,636533.6571788095
0.0087905,0.00062384,177024.23839534816
0.0019243,0.002862,19475.943698827585
0.00017347,0.0031977,43407.81084323295
0.033396,0.065047,40945.9633739168
0.00026839,8.277e-08,28337.466699066365
0.00030381,0.0030996,682600.498203129
0.00016947,0.73613,-7391.5167675337925
0.00012438,0.021229,16129.233924574513
3.3443e-05,9.7227e-05,10320.637178456878
0.00013361,0.0010943,1863.1861857878862
0.00074309,0.0082265,17974.80253980474
0.0009181,0.0207,71211.32101655229
3.6075e-05,5.9362e-07,13622.976918050894
0.00055154,0.00019438,82366.81902407361
0.00079355,0.00010724,201473.02656359083
0.00052137,0.0047097,7010.578290270768
0.0018306,0.00064107,7662.047685115161
0.0015766,0.010494,160747.93938955982
0.00057481,0.0004151,12433.1772830355
0.42374,0.00065006,15172.638755619204
32.505,0.049865,1767.2650628485787
10.85,0.016645,85.78143280949185
3.1565e-05,4.4009e-08,115.8493657098736
0.0059195,9.078e-06,1270.5304599246556
25.699,0.039425,854.1698226578492
0.088921,0.00013641,96.5741790995297
6.4374,0.0098756,9612.877142145406
0.00016227,0.00033141,919343.580870481
11.934,4.4088e-05,104165.0919922941
0.10766,0.0023273,432053.5873519835
1.3343,0.070702,31766.7937502501
6.5959e-06,3.0802e-06,13645.531820250317
18.877,7.7562e-05,164814.90178255065
0.016491,0.00037459,185589.14479265225
0.41708,0.014293,206654.49328574527
6.0928e-05,3.7357e-05,23909.069930257912
4.2995e-05,7.3005e-05,7215.640248825506
3.4054e-07,2.1614e-06,82.08363356884259
3.3104e-06,3.3198e-06,39.90575076471138
3.9204,1.2717,34934.22387795581
3.7693e-05,1.5504e-05,3822527.212165664
5.0587e-05,2.0968e-05,5915837.950115454
7.4111e-07,9.5449e-05,1160772.981822078
7.4167e-06,0.00020991,49785.080022460425
6.3473e-06,0.00012778,28027.292476742914
8.313e-06,0.00015736,20353.11459241987
3.4519e-06,0.0003482,530641.5822612726
5.6741e-06,0.00094809,510065.78982694406
1.5861e-06,0.00010544,539603.7310839707
2.4858e-05,7.9062e-05,49993.53606214508
1.8359e-06,0.00023058,21936789.58152022
1.0462e-06,2.2075e-05,74856.38542303562
9.7051e-06,4.7604e-05,4099917.676705576
2.1876e-06,2.8772e-05,37920.130167273266
2.6227e-06,4.3842e-05,9485164.870972514
0.00037599,0.00016708,803091.860130106
5.7685e-07,3.2048e-05,106204.43792296055
1.8304e-06,4.8967e-06,273314.6368088467
1.529e-06,8.3918e-05,7251004.882675533
1.8341e-06,9.6193e-06,9724484.775967889
2.3064e-06,8.693e-07,15097684.17002721
7.7516e-07,5.5549e-06,270740.039218601
8.5441e-07,0.0008402,1487641.528405354
7.4309e-05,9.696e-08,2159692.9530991567
0.0033282,0.062454,708648.6370582653
0.00014364,1.1119e-07,777999.4352370924
0.0023538,0.058035,392549.17883742304
0.03374,8.4564e-08,1908511.9793142562
75.45,8.3393e-05,10463642.149644606
8.7141e-05,1.0494e-07,779565.1727737447
0.00023928,4.4464e-09,77179.99006969697
0.0002068,1.4327e-07,124140.74334397029
0.00016493,9.192e-08,346626.1632013666
0.00037898,0.0020575,1233550.6900710962
46.378,4.2662e-05,3038635.9359930507
0.00013866,0.00092848,1137016.6805229783
6000.5,2.211e-05,1358329.8071844329
0.033303,0.15975,247933.85812225813
0.00013296,9.3551e-08,233063.1232904465
7.4195e-05,9.5879e-08,665257.3087043203
3.5286e-05,1.2362e-07,4757552.533407936
4.3165e-05,1.265e-07,1443742.5796446388
0.00017259,0.00011614,61949.33987370791
0.031005,0.14598,1794316.0547857443
0.078506,0.00048745,3349878.547357151
0.085719,4.2717e-08,151112.80897309468
0.0011217,0.0,105764.9350609743
0.0019336,0.0,226684.14163460725
0.00030089,0.0,1092474.6565369312
0.00040441,0.0,929329.3360322042
2.2365e-05,0.0,4014.3337196348957
4.2083e-06,0.0,587.1216362369786
1.108e-06,0.0,197.9705591003729
5.9894e-06,0.0,1480.370777804446
6.7502e-06,0.0,1052.8095625072103
3.4537e-06,0.0,835.1627540200792
6.9571e-07,0.0,101.79224089632734
1.4019e-06,0.0,213.04352239035737
2.8942e-07,0.0,210.96013845086375
2.1714e-06,0.0,6738.8469743617725
4.0544e-05,0.0,166983.90400142566
0.0060525,0.0,276.1176466224864
0.0,0.0,52.8378247801629
6.1681e-05,0.0024664,1891521.503894375
5.0635e-05,2.9556e-07,317212.33875296847
4.4567e-05,3.2911e-08,95027.84786370792
1.8693e-05,6.9139e-07,3281314.8718415364
0.0015762,0.0078102,975468.5118758716
0.00075193,0.1052,115181.66942259547
0.085405,42.182,2693351.1609442723
0.012881,0.42272,865812.674903482
0.078328,0.004435,1496430.4342727398
0.0031307,0.00020862,228745.2878865502
0.01462,0.10875,1114186.207217438
0.00046803,6.413e-07,264439.2240345635
0.0081691,0.71653,855567.8374544043
0.36681,0.0008064,3793849.6966527686
0.30339,0.022635,320104.56252104795
0.00040736,0.01891,2687315.9396771644
87.384,0.51935,7260801.296308986
0.00060337,0.00022022,1289352.9386213964
0.069395,0.032027,814057.5637516099
0.21962,0.069711,835484.7317985619
3.3732,0.0026364,1967833.2791099355
74.446,0.0019067,383440.5920721221
11.438,2.9634e-07,14675391.804312402
0.030163,0.00067492,894814.1491566609
10.33,0.19473,359854.8250261924
0.00010429,1.017e-09,8087.150297137533
3.567,0.020234,130174.62452613225
0.068199,0.00037174,116738.17225776397
1.0817,0.095876,3132600.6298721577
0.0084713,5.6707e-08,1210502.3630224261
0.016126,6.4672e-05,459566.30984026723
0.038065,1.4114e-05,344044.51158909034
0.0051806,4.156e-08,472662.0318363254
0.16086,9.2972e-07,189132.79457376618
0.055362,7.5984e-07,2019145.4189275517
0.020693,1.3906e-07,257704.6280205494
255.41,0.0,376938.5179615466
0.027191,0.0,142953.57052226923
5.9315e-07,0.0,66302.72338612014
2.3094e-06,0.0,1472399.612939285
2.6246e-07,0.0,80113.20040114857
0.24923,0.0,64582.902322517206
5.2755e-05,0.0,140851.15051390594
4.1191e-07,0.0,209878.7532744623
21.701,0.020781,1977753.5923772894
0.22284,0.0048205,598019.971617373
0.17041,1.4311e-05,1847030.5514812674
0.0023674,0.0,135479.33861054492
0.0015026,0.00013166,172907.3431200619
0.086216,0.00022704,660521.5987029079
0.009675,0.0066078,3916157.673198947
0.5062,0.034205,2289319.0320921848
0.32554,0.0005626,9186102.205380734
0.36518,0.000271,882613.7456370922
2.6264e-06,3.751e-06,142043.98561113267
4.9513e-06,1.2897e-07,124433.83931066346
0.013939,0.00021481,75243.0829905212
0.0,0.0,12230800.001346935
0.0,0.0,20896800.00156754
0.038514,0.0010336,28954349.73795397
10.251,0.024571,5462892.926619993
34.147,0.020048,969686.7349458365
12.047,0.022498,1442199.869158124
0.022808,0.0016169,5344782.486929627
651.9,0.076853,2830781.4540602067
25.721,0.10316,6990066.5198936835
12.525,0.0072166,234113.79924812278
8.5397,1.0554e-05,12525395.470274478
100.07,0.065031,1710835.285862879
259.15,0.028586,7067299.042689997
11.93,6.4462e-05,982976.3530915531
9.9558,0.020622,7227314.546284598
7.2863,0.32149,27313531.50897772
0.00052058,0.0036042,3931451.8176686675
1.9065,0.092679,2931323.7061538706
0.0,0.0,14105100.000000093
1.3414,0.0,13178465.907863548
191.43,0.0,11675167.4477601
3.753,0.20694,1822094.5299622735
146.26,1.7912e-06,2306491.361496634
1.3499e-06,1.763e-07,1883.8720065042494
2.7411e-06,3.727e-07,2329.0053229476466
6.1682e-07,3.2031e-07,909.8738713333894
1.5448e-06,5.5501e-07,2200.4833437601724
0.0011114,1.1785e-06,24102.742245093395
3.2519e-06,0.00031067,62954.48421877458
1.3325e-06,5.8864e-07,1920.1355629186892
5.0657e-07,5.5913e-08,630.7036571900032
2.9812e-06,3.172e-07,4246.098312151052
8.738e-07,2.8909e-07,1250.6092638546081
2.0532e-06,6.1875e-07,12500.720300669363
2.1533e-06,1.7726e-06,29495.233908556853
2.3505e-06,1.6501e-06,3744.9906458527494
7.0228e-05,0.038534,43362.96038695127
5.451e-06,5.4216e-07,15368.472948204188
7.0698e-07,2.3401e-07,1096.6503141913893
5.7835e-07,5.2712e-07,841.7647829310066
1.1029e-06,2.9235e-07,1536.7483271752242
1.0059e-06,5.3836e-07,1445.3761912590357
7.5845e-07,5.8216e-07,1093.9293442093021
3.2936e-06,4.4671e-06,16182.077493847964
2.2778e-05,0.0011036,12964.23353328247
5.4681e-06,3.2383e-06,3110.314795015798
4.6698e-06,1.6391e-07,11977.26983338968
2.8546e-06,9.6238e-08,8145.693985588303
2.1426e-06,1.4152e-07,5710.869516186019
2.998e-06,1.9776e-07,7936.398434337578
2.9199e-06,1.9151e-08,24.520356940118386
2.136e-06,1.1457e-08,46.73157523234155
1.087e-06,4.6152e-09,68.93668902218954
7.2148e-06,1.9219e-08,-87.82421240982093
7.6767e-06,1.8378e-08,-118.2948829028802
5.9788e-06,2.6784e-08,-48.843979524323565
2.4782e-06,1.3224e-08,54.196816309017024
1.1216e-06,5.6883e-09,12.838820975840619
1.332e-06,7.0905e-09,-610.590366555846
2.7078e-06,2.1773e-08,-55.502654270826724
1.3119e-05,3.4882e-08,225.97176828077835
4.3417e-06,7.4949e-09,-496.498822906908
0.0032796,3.9411e-08,-1880.882274340277
1.5256e-06,1.422e-07,19054.67241272744
3.5569e-06,5.8785e-07,12226.519268705899
5.9349e-07,2.2266e-08,1425.8772354647583
2.8643e-07,2.4881e-07,32209.08461778634
7.9692e-06,1.7116e-07,17441.916933054486
5.6744e-07,4.3859e-07,9946.234860778944
1.1478e-06,0.0026774,12172.62561923213
1.7359e-06,1.7674e-07,10210.870983691913
7.8563e-07,3.4165e-08,1879.786514931027
1.1351e-06,0.0018992,5348.935337255857
8.8135e-07,0.0010017,6501.130094353932
4.0769e-06,4.4967e-08,8950.85141674069
6.4147e-07,4.3705e-08,1579.5375327542986
2.2072e-06,3.3741e-07,173023.9929338901
8.1176e-07,0.0034166,47365.74107903933
9.1612e-07,1.2427e-07,2377.0303954211113
2.6666e-06,5.7577e-06,57604.149953579865
1.7919e-06,2.8575e-06,28321.48360475511
1.2276e-05,3.8242e-05,2333.1705724142844
4.5191e-05,1.3981e-06,1352.1091968247836
3.6887e-05,2.3608e-06,2052.337526698172
2.8338e-05,1.2259e-09,-1018.1480127682573
0.00014455,5.7182e-06,20624.868612629096
3.744e-06,3.1281e-08,2054.488586582352
4.9558e-06,2.5298e-08,1243.6421268298745
8.6316e-06,5.6515e-08,-231.65037214275884
1.197e-05,3.6827e-08,2607.1581494583243
0.00069318,0.0076292,2115.1497116406576
2.4603e-05,6.4323e-06,10580.792054880321
6.6578e-06,5.2141e-07,1485.6895852549253
0.0001174,2.9207e-05,1861.7819722977188
9.9893e-05,3.1242e-05,2065.5437005563963
0.00020244,1.762e-08,531.4414921740412
0.00013187,0.0012617,-427.9305551820254
0.00013957,0.0020083,337.68159787033386
9.757e-05,6.7464e-09,399.5832559959444
0.0040596,5.7132e-06,2977.379227776507
4.516e-06,5.698e-09,7690.3851577894175
6.0314e-06,7.2836e-09,1132.2476681492392
1.3776e-05,1.5711e-08,475.98888663212733
2.6185e-05,3.4023e-08,1386.294860142973
4.8016e-06,5.9954e-09,787.7996462030485
4.3965e-06,5.6574e-09,453.726109113184
4.8472e-06,6.4495e-09,2117.2816700007065
6.6361e-05,1.2775e-06,5074.4766745298875
0.81684,0.008619,6323.915219564425
0.16322,0.0066023,7793.2944921135795
6.6402e-05,2.4687e-08,2444.030030699087
3.8667e-06,2.5278e-07,5437.103764740849
0.00070665,6.8535e-07,16432.18078091602
0.00035739,0.00082385,2476.8193233317033
0.0059093,0.015631,9141.026000926086
2.3481e-05,3.3783e-06,3337.7804228392124
5.1798e-05,5.657e-06,7491.146930116134
1.4395e-07,1.9309e-07,-1274.9099780536776
4.9316e-07,3.8984e-07,37.33453630311941
0.082262,0.017932,494.95892258700275
1.6649e-06,7.7552e-07,52795.47907367021
2.1108e-06,1.1047e-06,55848.742871730356
2.5562e-07,8.7407e-06,200562.0025253339
1.1534e-06,3.2686e-06,2351.7763871481993
1.4154e-06,4.0873e-06,2933.870661899142
1.232e-06,3.3518e-06,2502.3355197770143
5.3747e-07,3.5129e-06,7542.411470837158
8.1801e-07,4.652e-06,8841.180355672848
7.3643e-08,3.6509e-06,775.4208000371729
1.2315e-05,2.4089e-06,505.824586419405
2.0942e-07,5.1182e-06,44315.64476657952
1.6958e-07,1.2009e-06,3642.2171819427776
7.289e-06,7.1031e-07,12219.51456510134
9.4469e-07,7.5159e-07,4584.81391444998
8.6867e-07,1.7104e-06,57318.139634869236
0.00013879,1.7346e-05,181659.61800015194
1.3385e-07,3.5797e-06,3562.905046743698
2.2449e-07,2.8382e-07,5191.298210612053
3.2833e-07,6.8502e-06,284791.90679692826
2.337e-07,5.4223e-07,213184.77781385675
3.0632e-07,1.5061e-07,304653.8171637072
9.4671e-08,5.3844e-07,43257.22113792182
1.2654e-07,8.2814e-05,142654.90188194995
0.00029709,0.00051689,1116073.3837440955
0.000236,3.0617e-05,312905.18762778805
66.232,0.0079254,569542.0986972828
6.1927,0.17409,416615.10795834055
6.7614,0.029443,346351.0509111833
281.47,0.00017663,16073624.404823046
0.00014496,0.00017605,185280.64899581153
0.0026738,0.01074,154528.16080902464
0.000297,0.0008858,181079.59313922934
0.00015245,1.3523e-08,335589.3950163559
0.65252,0.028651,2570083.355062492
2265.1,0.00046099,6584831.013736559
0.00013613,0.00037914,76615.0452797855
1788.2,1.4241e-07,762829.9956600893
510.6,0.009119,321860.0537178077
0.00020262,2.7206e-08,412145.6099606512
0.00012629,2.7788e-05,188269.36459306048
0.00021011,4.0502e-08,722838.7998712761
166.49,0.00027696,576799.8323403108
0.7171,4.7182e-06,444664.0063943753
2571.3,0.00013302,871914.0936821813
1.3246,0.074753,1634219.2672569742
8.6922e-06,0.00080783,831705.2213898085
0.018216,0.0,159152.30746086995
116.0,0.0,23251.675466770535
0.021807,0.0,25643.615809433402
3.6354,0.0,50582.40588676495
0.00031873,4.2547e-07,31297.348830958465
0.00020273,2.0945e-10,35323.16554451216
3.8832e-05,0.0,3233.397392919995
4.8615e-05,0.0,12040.755991383372
3.3598e-05,0.0,4292.287085215824
5.2039e-05,0.0,16765.455928935033
5.5628e-05,0.0,2934.847915695537
3.1389e-05,0.0,2402.09122068727
6.6728,0.014075,5608.601174509882
0.010274,4.5681e-05,107959.54416581363
0.00039565,0.00068141,38802.381440962636
0.4437,0.00093573,53427.65921581801
0.0,0.0,40820.40448621983
0.5653,43.546,3279009.6908696066
0.040822,12.365,1767694.9251774545
17927.0,0.089744,9986383.246697001
0.34197,4.5245,5223909.292820115
4919.1,0.0067078,3057710.2640221985
3846.8,0.08891,2391665.0301037026
1790.1,0.0037907,1107513.2613331885
6519.7,0.010633,9187587.6262948
1514.8,0.0055897,1760512.3922802934
13.99,0.0041346,1854531.7487618627
5558.9,0.0032175,2020724.6434734766
4.1198,5.6411,1255599.94043198
2091.5,0.0017492,3058628.9166804487
8715.2,0.0031683,17817342.043386087
18332.0,0.0076148,15727952.384884607
139.75,0.00077654,1760283.3595634678
23128.0,0.041941,11881090.773455754
2.0974,2.6768e-05,4104442.3685561037
2135.2,0.0046175,1217186.6048397503
245.66,0.00096313,1975211.5145298182
0.36594,0.00048772,2324343.415607425
0.30151,0.00071252,1138653.312286124
29425.0,0.00018013,12535883.460844744
0.28105,79.479,962090.595838201
9.0614,0.0075122,2418847.775881779
0.016719,0.0093681,582443.3155128751
0.0066195,0.0036496,644660.4709217737
0.0019408,0.00099992,787716.9675938172
2.7928,0.00087109,12836509.476530045
135.44,0.003718,3731406.9622529605
207.89,0.0022695,2073200.2789845413
117.75,0.0020275,2147362.6561489254
76.098,0.001058,613329.8427930396
1684.4,0.001877,583469.4847892415
2.6223,0.00086529,443723.00623335014
0.6216,0.002795,941669.304926036
0.022311,0.0,305079.9590580864
0.055658,0.0,94746.79466479456
55.678,0.0,41061.57864979526
5.9645,0.0,424256.13649578165
40.439,0.0,62478.384442367154
0.7805,0.0,31770.986418502474
1.8905,0.0,10622.962958629789
76.597,0.0,44858.97872886927
37449.0,0.80398,10987362.898030227
938.78,0.0078243,15518048.84431879
4200.0,0.023279,51221644.33362288
9954.3,0.0,10484284.277336728
0.00033003,0.0022159,6732047.547711885
98.627,0.0015244,3132797.3359206314
118.18,0.013507,8593232.714370605
99.684,0.00061976,8247935.615267334
0.0086571,6.6351e-05,10813128.221868226
0.0043114,0.00010941,9133560.407157432
0.00054137,1.5894e-05,2902940.0820487468
0.00049546,2.1205e-05,8774209.87258531
7.2343,0.00038023,569304.8754439219
0.00067322,0.0001333,59532004.23030062
0.00078312,0.00016166,78395553.21220648
0.00019496,0.00028553,153373491.5363038
0.00074802,0.0020378,9264767.035609717
0.00080293,0.0016671,6443951.203063026
0.00077146,0.0025234,7185929.4944232255
0.00020933,1.0945e-05,1733357.2774390876
0.00049594,0.0081507,6378332.100237746
0.00018136,0.0014534,10658518.7592905
0.00014461,4.0255e-05,229331.00104649586
0.00083776,0.00369,127630004.94833636
9.528e-05,8.8718e-05,11276494.510433666
0.0026723,0.0036044,21388287.730375048
0.018659,0.004468,27495946.382719234
0.00039439,0.00016009,40567422.11485316
0.020333,0.0010328,179716049.30561906
0.00010114,0.00046911,33482369.321694054
0.0011658,0.0010767,11674889.135382492
7.8775e-05,0.00018244,98501191.65885408
0.00025572,4.9856e-05,71862424.50771329
0.0016968,4.2938e-05,155043216.708421
9.0269e-05,5.8147e-05,25250443.04238452
0.001079,1.2974e-05,33447812.75687285
0.00031468,3.6421e-09,17634.337717449856
0.00028516,1.0497e-09,2740.2360880905544
0.00032913,2.644e-06,10761.587795119456
0.00033934,0.00025356,5225.056088099684
0.11986,6.9623e-10,8113.758128623998
104.96,0.0028885,213166.8572399913
0.00016367,1.0484e-10,2454.129813599654
0.00072227,7.9407e-09,25741.399843057483
0.00016599,4.4349e-10,4622.52585620303
0.00047862,3.6673e-09,13854.748028452053
1.2272,0.00010499,20227.4962466269
30.382,0.00031118,51941.367720673436
0.00046223,0.00026636,5967.914011803898
17.91,1.3875e-05,16768.93207638278
0.00011024,1.3161e-10,41588.997512049886
0.0002289,2.5766e-09,15255.546067816893
0.00025007,1.1147e-09,6875.814870781914
0.00036179,5.6338e-09,29116.919371567925
1.7121,0.00016718,8732.246979051743
0.12659,0.0028872,7673.081473909571
0.0091877,0.01156,154615.80536964917
0.0001104,0.00052128,12275.638391471408
3.4158e-05,1.7801e-08,14220.918741608903
0.058494,0.0,994.0651650776553
0.03515,0.0,3458.3388507849254
0.045254,0.0,91.93736896303383
0.036673,0.0,-266.29757702846086
0.27062,4.7458e-09,238.8930210834853
0.20459,4.0325e-09,178.09367152645387
0.026996,3.1866e-10,30.28387213831091
0.14294,2.4086e-09,118.92569093610535
0.12683,1.8232e-09,109.749365459045
0.16602,1.4921e-09,199.8566906803652
0.076009,1.1035e-09,65.53884988273435
0.047023,3.6122e-10,144.3860387741463
0.11817,1.0372e-09,248.28123631369246
0.24957,7.4332e-06,1444.8603944652523
0.30062,5.7441e-09,3367.190363954016
0.14155,7.622e-06,2821.059615919983
0.0,0.0,389.88014523873164
68.147,0.0019059,58049.68510746843
0.00017064,0.00025361,39840.14037807554
59.744,0.00060368,135131.82244295412
5.4068,0.00047507,97091.37742374583
74.886,3.7829e-05,35334.89890783938
338.99,0.041752,68845.93503639061
630.64,0.001619,37382.89262981622
7.7846,8.2308e-05,22490.01391061778
9.7151,3.6046e-05,40733.30699241101
3388.7,0.0055428,48010.37311045138
2.2246,0.0071248,83804.54592495973
0.090057,0.023641,53885.508268283345
865.81,3.8078e-05,72789.83802245538
84.809,0.00030841,1169510.4326385641
155.75,0.00060088,732910.8046505302
25.071,3.7419e-05,15104.601321886541
7267.7,0.0036799,442139.4661984821
5.3501e-05,2.4213e-07,73874.77411714228
141.36,0.0037763,368438.1959650839
0.0016316,0.0044161,38552.37641580678
0.41879,0.0057991,53406.59592895602
9.9177,0.0,54341.7702535224
14.162,0.0,75929.82730157889
10.477,9.5651e-09,17512.378973324194
11.497,0.0006626,25311.284540362118
13.492,0.83586,26066.706432091654
14.807,4.9399e-05,25567.699908470287
12.785,5.3449e-05,21167.988665086054
2.273,0.0077156,44369.14506239406
12.314,1.4692e-06,81608.24909232176
48.511,0.0083403,51176.523147962056
37.352,3.1549e-05,69612.18101595817
23.93,0.00059516,8399.248763826641
32.701,2.1434e-05,14042.66805249842
26.385,0.0065863,10012.862308472404
48.848,6.143e-05,66989.01455767319
0.010426,0.0,2745.414270866352
0.0041745,0.0,22.613351316523705
0.0051737,0.0,41.10492351175773
0.0088459,0.0,78.27375492487772
0.0060533,0.0,191.3377801677672
0.0066528,0.0,72.87715737839282
0.006691,0.0,81.05939091733259
0.0050056,0.0,45.677462042442286
3309.4,0.004031,341116.8343685167
28.229,4.9955e-05,434613.92800540756
26.256,0.00024386,465918.8013937133
15.313,0.0,117905.92598032366
0.00092163,3.1861,206678.76362067563
1.1051,0.0035021,1351430.3980858563
236.71,0.0021851,470389.2087357417
118.08,0.00084925,621458.4047313035
35.759,0.48052,514976.10344174283
18.229,0.36719,139413.33747086566
1.1531,0.0011876,100590.12706341014
1.1387,0.004962,22178.66184701103
13.875,0.016582,50398.90319056262
9.9703,0.15563,2394565.715814321
101.6,1.5814,2640948.7641262948
116.43,16.043,3116159.324573693
78.108,11.926,202843.584338015
45.127,7.2715,238066.7152407534
5.84,0.92895,336868.95303384424
17.606,0.19403,217752.16932515032
9.4942,1.8026,131626.4103773418
2059.6,64.45,338636.18974693294
3.3691,3.3118,30459.728070472054
151.17,0.0,1139881.712140151
7.5605,1.8005,225863.15918939048
107.75,4.1878,507304.06419905234
3244.5,30.507,843029.7027697018
4499.9,26.648,1056024.3048153662
8814.7,40.124,4163886.4129602932
68.931,24.226,841041.5693482967
963.51,23.988,324562.1300061898
3.0084,1.8289,3215539.2673785198
11.379,0.46076,1734714.2032359913
9.5765,0.062459,1988970.96321773
1.9071,5.4558,914424.0787091132
13.959,0.22251,497193.87833299476
2.7939e-06,3.565e-06,111855.77816745167
1.0158e-05,9.9946e-06,6773392.74299472
4.6982e-06,0.1263,23773027.034631938
95.907,0.043028,2850101.4674229478
0.00035304,1.1125e-06,72368.44538632309
2.0199e-05,2.751e-05,3862788.051489946
1.4268e-06,2.2609e-05,763451.0524347397
2.0634e-06,1.5107e-06,3497.6996656427004
9.8409e-06,2.355e-06,23810.085919524758
2.5352e-06,2.5598e-05,2602747.674382985
4.2191e-06,1.5853e-07,6449.463111267445
0.00087774,50.52,185912.14436281906
0.0029467,123.58,3209409.0858411766
271.09,0.051147,2317584.110928563
0.00046926,3.3253,74433.11161116493
1.4199e-05,3.0229e-05,632408.9605871885
5.9438e-06,4.9547e-06,1307195.8935689062
5.6259e-06,1.3688e-06,8053.382910054788
5.7292e-06,6.1759e-06,24774.528568329468
1.2368e-05,0.080407,382515.25250862073
0.00034891,3.3103,2752919.258172083
2.5056e-05,9.318e-05,254413.87789735966
0.0,0.0,27.191101029584726
1.7759e-05,1.9103e-07,45318.3743780515
2.6925e-06,4.6131e-07,81672.97656753528
2.6122e-05,5.7892e-07,311116.681713265
1.0845e-06,4.4089e-08,5014.963511346142
2.1969e-06,7.8215e-09,-1753.8550443634558
7.5994e-06,9.7374e-09,-1362.88591306966
6.459e-05,2.3352e-08,3093.554360202802
5.9152e-06,4.4715e-09,-3103.327324243134
1.0523e-05,1.4688e-08,-792.6611000177211
1.4215e-05,4.8153e-08,282.1857711161363
1.0605e-05,2.1069e-08,132.43799737880215
8.0257e-06,1.3992e-08,-917.7840081379177
4.7452e-06,1.1182e-08,4432.226840523709
5.523e-06,1.7415e-08,6262.810651299661
1.5287e-05,2.2992e-08,50.83890508965288
2.0203e-05,9.743e-09,-1066.928904020662
71.921,0.35721,128799.3121277322
5.1851e-06,3.0147e-06,824728.8429677816
5.4452e-06,1.7511e-06,380852.4279058896
3.4058e-06,2.1106e-07,5821.837150569546
1.6156e-06,1.6452e-06,76257.65874235486
0.56616,168.56,916980.4377564051
0.0,0.0,-129.290593225
0.00044428,14.487,8604131.940565852
0.015655,64.733,58364.17820063335
9.0459e-06,1.5667e-06,20637.560649436968
0.00033526,0.42283,32118.88599313202
5.4488e-06,4.5706e-06,92138.56892983854
2.9711e-05,2.4448e-06,62290.97633410945
4.504e-06,1.2869e-06,14352.602682762601
0.0033367,4.3721,1444957.9247018197
4.3733e-05,0.49154,1817336.7825751663
7.0745e-06,5.1941e-06,286028.51442720887
0.010513,0.17785,1801761.0919034444
0.10583,1.7112,5429107.529379207
0.00022722,0.84361,88936.78365348937
0.0010776,0.013159,19378.94564835756
0.00063496,0.0002617,-25705.237284133167
0.00010709,5.5743e-09,10359.035773873935
0.00066632,1.5859e-08,70684.67777341153
6.8776e-06,9.1524e-09,843.8474964077353
1.5663e-05,2.5588e-07,18467.16783828864
2.0195e-05,5.5938e-08,4889.013901563847
8.2657e-06,1.577e-08,62690.02222143215
4.5988e-05,1.4378e-07,-2684.224327321689
0.00073061,2.7805e-06,515866.6748438727
6.478e-05,5.5066e-05,151215.48075670085
0.0032217,0.013333,100752.57303585028
0.000492,0.001023,255936.7681806827
0.00018169,5.8487e-08,29870.94372204169
0.00050132,0.020057,380570.28822216514
0.00036881,4.1283e-08,171497.28752621615
0.00030946,0.0014892,142262.2257265
2.0968e-05,3.0612e-08,1189.7418467059613
1.9049e-05,2.8169e-08,5797.720642195649
1.361e-05,1.2936e-08,20887.464128303556
1.6666e-05,1.6366e-08,2942.8909733600053
2.972e-05,3.96e-08,8618.827928501938
1.6681e-05,2.5177e-08,525.7205545408011
6.2782e-06,6.8139e-09,-3.1015129216668593
71.057,0.11801,18001.330752988786
0.0093731,0.011568,711210.7087990113
0.0017292,0.001061,150658.45157400396
0.0010857,0.0057592,754722.6337040529
0.00061002,9.1903e-07,23166.01170056248
1.9646e-05,1.3537e-06,115782.35914638538
0.10222,0.00033867,1363306.2749037482
0.0019609,0.0079389,93892.36211239298
0.00082877,7.0931e-05,610330.1942082463
0.00011325,1.7699e-05,70703.03896854204
9.2398e-05,5.5615e-06,14794.451290853272
6.0029e-07,8.3717e-06,54710.43248749379
1.0468e-06,4.4754e-07,837970.1819650249
0.00036719,6.3437e-05,60035.646018990315
0.00031649,1.1665e-05,8657916.229480473
4.9654e-05,3.1479e-06,21854712.0346724
5.3275e-06,6.8315e-06,9576354.432946818
3.0754e-05,0.00013123,931490.4245558204
3.4703e-05,7.323e-05,99905.97477597717
3.8974e-06,4.7449e-05,898715.7761209618
1.2106e-05,2.0609e-05,289409.3369525896
1.1869e-05,0.00010436,275064.9288551918
2.9144e-06,2.7834e-05,346661.4064543787
0.00011266,1.5684e-05,23261.815313580315
6.578e-07,7.6731e-06,2563423.252207504
1.7972e-06,4.4533e-06,376021.4670976292
9.5318e-05,5.6608e-06,716761.2843853397
2.5963e-06,6.1616e-06,617473.1201032607
1.5309e-05,1.431e-06,1545507.5521725684
0.0012535,1.4842e-05,9844455.146554077
5.5423e-06,2.0258e-06,993043.5434194994
9.597e-07,5.1573e-07,2293588.2083763117
8.8649e-06,2.8588e-07,10884961.019776823
1.0791e-06,8.8085e-07,3138238.3500902476
1.1851e-06,7.8029e-07,2179570.2852268578
5.4759e-07,2.4015e-07,495477.8505932981
4.6236e-07,0.00021349,3347949.2478941423
4.1033e-05,2.259e-10,7726.454107240806
5.1479e-05,7.3141e-10,3584.28652274156
0.0026407,0.0051035,37943.61006598782
6.9024e-05,2.9909e-09,12556.754953184176
0.025746,1.3593e-09,15280.867365751783
0.00020273,7.0467e-05,815314.5894578422
2.2359e-05,2.9015e-10,4267.4519695420495
3.2427e-05,1.0006e-09,4833.568073520747
3.219e-05,9.8945e-10,5486.934287820762
2.5469e-05,4.2412e-09,12875.565419154076
0.00010738,6.0893e-09,30765.861834736894
0.00012413,8.1719e-05,142562.9721444888
0.0002799,0.00037379,34763.381819323215
0.00036783,3.8362e-06,36001.679305033955
0.00010006,1.5736e-06,337021.59486842254
5.7938e-05,5.2298e-09,10076.553566058346
4.2135e-05,5.2193e-09,6649.078098273111
0.00013863,3.5884e-08,67441.06885039175
0.00011019,9.5785e-09,61019.935123556825
0.00043759,0.0019421,14900.719292467857
0.0053408,0.016619,1254768.2324418814
0.27032,0.0,67908.93226875446
0.031838,0.0,6695.000525838934
0.00033945,1.8012e-08,38535.13437616869
0.018105,0.0020362,2623.660893580777
8.5734e-05,3.8743e-09,1898.6022286133007
0.00042153,2.0939e-08,6112.313785853133
0.013338,4.6023e-09,10324.316990070607
0.068541,1.5755e-08,4908.032367919063
0.017305,2.8053e-09,2532.474837471123
0.019215,2.1534e-09,3345.453052944501
0.012452,1.5897e-09,1849.3800180323103
0.060427,5.8672e-09,16760.658621909293
0.028935,3.5464e-09,2802.3773183025364
0.01513,1.8542e-09,1678.1445619832584
0.028074,6.0196e-09,6843.717941783611
0.30425,0.0012197,5792.738827121428
0.012856,2.3827e-06,7565.616342695723
204.78,0.0041923,5502.562391454429
0.0,0.0,3608.8980034489296
0.0066793,0.072533,746875.1852128018
6.726e-05,8.4924e-09,57635.118163233616
0.0087813,0.077388,940110.6734197475
2.6078e-05,6.6535e-08,513737.4870287355
0.035575,0.025478,89921.66104110918
0.006456,0.14571,183313.85819962106
0.00049804,0.027992,267432.54709150956
0.00031263,0.0028613,49987.82187978905
0.0026436,0.012616,68065.01834652321
0.00054687,0.0032399,22734.337700215612
0.0011237,0.0154,482987.46921625896
0.00039599,0.00016487,59478.49488810372
0.020726,0.23673,61700.27106300275
2.7722,4.2037,6323698.047755021
197.98,0.00013412,2531248.504567593
9.9234e-05,0.00025258,57150.00228699258
1468.7,0.020194,561800.2749645754
0.016784,8.5373e-05,27011.041495026842
0.58628,0.0048519,562788.0705014418
215.48,0.0078575,2405699.743235111
1.6593,0.001165,685319.8359832702
0.0002022,0.0,191237.90072755754
0.01072,0.0011501,1804195.661042756
0.0001948,3.7228e-06,159579.36932177885
0.11187,0.00018367,755148.5266728854
0.13888,0.0087929,171268.266377923
0.0041956,0.00025341,133229.86821963254
0.053469,0.0033683,213440.26100483816
0.044691,5.4685e-05,1521562.8511545132
0.0023797,6.9632e-07,543511.9391138791
20.889,0.0016194,369219.592065965
67.575,0.0019093,420972.4696915029
0.01406,1.6816e-05,58472.090938309964
20.49,1.8484e-05,75269.45370930995
1.884,0.16462,168532.44642603595
0.0077143,2.5044e-06,86789.98434265256
0.0083092,0.0,91783.84988022997
0.10003,0.0,16531.101116509417
13.758,0.0,11841.811512580742
0.013675,0.0,9865.065934566743
22.833,0.0,30113.64464856344
0.21143,0.0,6737.3598350806005
2.8864e-05,0.0,4764.217335960552
0.31312,0.0,7834.417119244471
5788.2,0.0048321,1662779.1325435694
14699.0,0.0018301,8701410.506614884
170.11,0.0025407,1493352.5914400402
527.65,0.0,2170514.009341788
0.20319,4.8743e-05,465592.3735393626
207.67,0.012599,5687520.748686926
529.28,0.038923,2328567.9482402727
27.381,0.0020536,1600148.400398341
66.616,0.10404,2542547.0743174
352.82,0.12945,385002.5291164869
6.2741,0.53177,294204.567499607
9.6931,0.0119,378487.66375122924
13.075,0.19794,276676.8420200557
8.7522,0.00028217,15120527.09087272
135.76,0.00044226,20808361.74057744
306.23,0.013543,16422983.567469005
4987.6,0.01868,1385208.4538877602
2839.2,0.0086448,1094641.3072034083
15.535,0.0032097,862755.189886641
1489.1,0.0002807,723171.9495086574
5339.9,0.0010144,586748.2196831479
314.33,0.0022701,1089265.5739660307
223.77,4.1954e-05,88599.04138197943
1658.9,0.0,6119827.181515711
139.96,0.016635,3370348.9207595345
3762.8,0.00025778,2135668.084825936
80624.0,1.113,5808062.281392702
8905.5,0.01862,5728747.027548502
388.92,0.72087,40489504.12122933
4687.9,0.00048236,4492962.25673705
150.71,0.00036659,951643.2662802062
6855.6,0.00011553,22359713.347125202
408.16,8.4706e-05,15338502.57577386
292.85,2.8285e-05,36713374.21226307
604.32,0.0085877,5766523.031402118
0.00042852,9.5456e-08,6551271.457066386
14671.0,0.00026331,3873082.7350470065
2437.3,0.0012202,935404.2644002084
50.386,0.00097351,3026597.6309672566
75.153,0.0031387,1766959.3799905635
3.3169,3.3851e-05,142153.6174855044
30037.0,0.0027565,10149683.196444564
0.00013794,0.00057045,1929312.923212572
10.677,0.0015949,289489.56749655964
0.0001306,0.003339,636300.6439703659
19.858,5.3072e-05,1245678.088604565
537.05,0.0016742,3035102.236740616
5208.8,0.0011781,3556381.545295073
25.144,0.00035913,623867.0390702762
3871.9,1.76e-05,821779.5380240862
1358.8,0.00013193,954047.7641771713
0.0010214,0.032965,3675265.607365856
0.00030505,0.0075678,2534785.028538543
533.46,0.00092201,2551782.7927340437
324.0,5.9519e-05,1038227.419212906
25.164,0.00047485,755056.0009013881
1773.1,0.0019737,1253015.314284931
865.6,1.9876e-05,583200.4233002018
463.02,1.9992e-05,788465.3164641934
1.053,0.0,7007.301874064642
0.24136,0.0,1724.3683600128122
0.33622,0.0,2307.6721233609474
1.0568,0.0,7319.785158387086
0.033739,0.0,3089.551005042973
0.015947,0.0,1140.570843584697
0.0081801,0.0,687.6603346194303
0.0046391,0.0,378.69055988204195
0.021602,0.0,1787.173324644558
0.060134,0.0,7163.160929924709
0.015139,0.0,1473.8640755727045
0.024065,0.0,1897.0888549939348
0.058727,0.0,4332.253192017377
0.073566,0.0,5126.146830233681
0.038193,0.0,2695.951859908874
0.023686,0.0,1749.7242153304885
0.0,0.0,47840.28464596136
6526.9,0.053234,8540021.643448628
0.017832,9.2524,3178596.617053476
15368.0,0.026991,7368117.862090208
3687.1,0.010171,7831666.061462465
10517.0,0.0026842,4104228.9556488874
1494.6,0.0023287,1899850.8106949972
5369.4,0.019236,2031351.9240665871
3177.2,0.0061412,2702755.510701108
220.05,0.00034399,4046553.1370607163
649.86,0.011156,742330.048926461
8403.3,0.0029069,3689922.2395733874
0.17349,0.030851,4445748.074339886
2871.1,0.01112,2460564.824596889
16819.0,0.0072246,36221080.79017343
316580.0,0.036143,36797735.0147207
21.9,6.8149e-05,1925935.776611764
42694.0,0.059054,8833101.173119029
74.619,0.0013397,9489757.625801992
2050.6,0.0024569,1462436.0536409558
0.0068783,0.055468,2124749.418387511
450.82,0.0024319,1056590.3062591597
0.056382,0.0,2685701.257580403
10769.0,0.0,8735144.050347337
13.817,0.010836,1496801.7066878967
85.94,0.0058239,2786990.6237463327
0.020955,0.0044381,1575045.4500441726
0.01497,0.0016209,2075065.869229305
0.022558,0.0023943,2971761.079778815
71.476,0.17355,28819340.009496428
200.38,0.03813,5494287.69235766
1679.0,0.0,1325218.6781114985
1821.1,0.0,1327259.964207435
347.18,0.0,625947.7635054801
432.06,0.0,794955.9427570429
380.66,0.0,681227.0229995062
463.97,0.0,913126.8360329202
16.89,0.0,187150.26645680622
14.659,0.0,136180.24914105216
11.688,0.0,49348.66677755805
11.424,0.0,59593.553316253965
9.8697,0.0,26935.94565903335
7.7471,0.0,21190.86326717137
4.9687,0.0,14466.112022872889
15.716,0.0,91671.08493038564
4564.7,0.27626,10102962.11749814
669.62,0.0039307,23934850.61457503
4345.5,0.0022651,51088301.94340193
65480.0,0.0,51852673.215741746
4.9944e-05,4.5986e-05,28332291.5161546
2345.2,0.033615,18206749.537156936
315.94,0.03223,10608481.789910352
797.87,0.0010485,17428756.157685887
390.24,0.010186,33519019.986047495
1290.4,0.033691,21835095.920659207
0.0,0.0,5330749.46177351
0.0,0.0,5056700.649702507
0.0,0.0,6035146.082677571
0.0,0.0,124283475.99604563
0.0,0.0,161685926.02796385
37521.0,0.041327,269978937.5101442
20856.0,0.062319,12883053.781923337
13223.0,0.068494,15349897.138887262
2339.3,0.029284,13270506.674992897
42023.0,1.6906e-06,9649718.767767567
13936.0,0.0031903,6915495.792520006
25847.0,0.0033853,14205827.09564649
204.19,0.00029243,919812.0435187583
10365.0,0.0,78162201.45080005
380.2,5.6001,37892339.91010002
22626.0,0.00049667,34019040.48720253
144110.0,0.46067,73176072.03759924
71224.0,0.1253,72484099.2794722
3145.3,26.187,434154705.8261207
56726.0,0.21564,145033756.92070803
14084.0,8.2312,28514833.790846553
14072.0,0.0010113,261733713.4549041
4587.6,0.0019675,125837118.83681759
7452.1,0.033282,314377253.7631393
9567.1,0.13429,49534050.98237012
992.07,0.1158,32366283.818456236
9.3159e-07,1.7528e-07,1152.2762746206665
3.7635e-06,0.17634,7630.247587590939
4.4734e-06,1.4158e-06,6875.758825516307
8.1455e-06,1.5519e-06,12178.624222783252
0.27413,37.898,70794.14599359427
0.026365,26.582,93219.43515419912
6.2285e-07,8.0592e-08,255.7747299995256
1.503e-06,1.3834e-07,1880.4247042086347
9.8513e-06,1.0916e-06,26180.242679171013
3.2259e-07,7.8067e-07,549.2454646380454
5.0612e-06,0.14303,2107.213181805448
7.2722e-05,6.2664,91162.12066937942
6.5519e-06,2.8793e-06,11173.216462531045
0.00017493,0.27498,27337.5476316269
9.8831e-06,0.00107,4204.675631451979
1.0299e-06,4.5093e-08,661.8931442524271
5.6886e-07,7.032e-08,292.77645652703717
7.3378e-07,1.4492e-05,1639.449712909529
6.6941e-06,5.8965e-06,10257.966076625877
2.9395e-06,2.5157e-07,4796.3224199354345
95.508,0.53835,447097.8346956215
2.1848e-06,0.00012078,119732.78146139602
6.4073e-06,6.6392e-05,5253.238092540262
1.6656e-05,0.011476,14554.3006962778
1.7874e-06,2.1811e-07,3351.994493879607
0.0019945,0.016532,395170.91028251924
8.6697e-06,1.3382e-06,22516.900304589588
3.824e-06,6.9844e-08,-403.2580521348234
2.6732e-06,2.0602e-08,-255.57518609505735
9.6221e-06,1.7975e-08,-1513.0886153715805
7.6035e-05,9.3127e-08,1261.9559037753106
4.5594e-05,1.4164e-07,502.072233359122
1.4676e-05,1.42e-07,1247.193274488112
6.3498e-06,8.4959e-08,-267.9325609983552
8.989e-06,1.9277e-07,-47.52310875671486
1.0813e-05,1.0751e-07,145.92059469644192
3.6656e-06,4.0013e-08,-665.1661999335354
1.1864e-05,8.2581e-08,-145.7690260755938
6.6856e-06,4.8534e-08,-545.5681046045198
0.0014603,6.42e-08,-8959.093920848569
8.9892e-07,5.7954e-08,2617.9353441508442
8.3831e-07,4.054e-08,2001.770440037298
3.0426e-07,1.7841e-08,8994.0762627372
9.1679e-05,0.33531,5807.033541634117
3.3703e-06,3.2158e-08,1712.4859070332082
5.6672e-06,3.6402e-06,20005.149447356802
0.00014445,12.595,20778.62491347766
0.0038366,4.7842,7317.157535198503
5.7455e-05,0.051723,7316.760953343946
0.0036486,0.1904,18956.086687410763
0.00059593,6.7854,21623.882153660983
0.0012138,1.1494,17920.565989347553
0.00012417,1.9814,56549.276462505164
3.6656e-05,0.028684,54694.000110679764
0.0002612,0.91685,178650.3325777097
1.1566e-05,1.015e-05,71500.73924172937
18.098,0.0093389,247387.1742813375
3.61e-06,6.991e-06,69156.58487866686
0.0010361,0.020555,29409.565667024206
0.0003038,0.0065948,14211.101907354901
0.0001726,0.00011945,59135.20800374287
0.00021136,2.0346e-08,21796.64083088331
2.4865,181.1,218565.48591075095
8.7112e-05,0.36592,4836.857863849554
1.948e-05,7.0778e-08,4958.156783749041
4.4197e-05,7.0395e-07,53366.0769104389
0.0077813,0.093108,17847.481322376854
5.1874e-05,3.3305e-07,18431.188616149702
7.6993e-05,0.00067096,92422.80759610915
6.266e-05,1.2465e-06,35212.91406041598
0.00042637,0.001265,8394.137849549532
0.0011351,0.013031,3914.847490302452
0.00054542,5.0402e-08,1367.791093450563
0.000682,0.029553,3500.984180015448
0.00031705,0.0021028,1971.61133622921
0.00036435,5.2875e-08,1311.0392105992823
3187.4,4.8424,-5150.78769787735
2.2593,0.0034324,1103.4650291568048
2.3405e-05,3.1323e-08,3933.839841213482
1.4324e-05,1.919e-08,-23.49737152600636
1.7976e-05,2.0643e-08,1811.850455291061
3.1661e-05,3.8334e-08,2271.644154871536
100.03,0.15196,153.70475861011707
2.4431e-06,2.2935e-09,338.5350104376619
0.25022,0.012009,50486.485540793685
0.092706,0.010576,2604880.9060503184
0.1052,0.034515,285195.70598369505
1.0273,0.071902,591571.5454953846
1.0731e-05,2.2029e-06,16571.057328463114
1.3731,0.0031726,302721.1092655278
0.0027509,0.091497,42699.60487869231
0.0073135,0.0064017,74874.59151072786
3.6126e-05,3.1845e-05,101694.7698847509
3.9884e-05,2.8456e-05,27110.71253235633
1.2668e-07,2.8715e-06,2666.7199426889297
9.6813e-07,9.7955e-07,839.2013728094608
0.18614,0.0419,3098.975958355048
7.6467e-06,4.3759e-06,95555.17496217389
6.0265e-06,3.5142e-06,92035.1460710291
1.4593e-06,5.6164e-05,244667.6751457234
2.982e-06,5.256e-05,33014.95969634622
4.167e-06,3.9681e-05,9487.582351875195
5.5212e-06,4.4325e-05,12363.365775384986
1.6081e-06,2.6525e-05,24327.012749528723
2.5e-06,2.9307e-05,27337.051490025566
3.5664e-07,2.1715e-05,21077.4332081085
2.1071e-05,1.4026e-05,3049.6946628165497
5.4071e-07,1.7533e-05,101319.21749999674
5.8417e-07,1.0279e-05,54204.79780564512
1.5298e-05,5.2831e-06,101378.15531733121
1.4093e-06,3.8976e-06,10680.551526088024
1.9798e-06,1.3441e-05,108749.76479804967
9.676e-05,0.00010827,2011011.9477329752
2.4917e-07,1.5716e-05,7533.322327485797
7.6242e-07,2.6378e-06,12419.71610522114
4.5464e-07,2.4132e-05,819257.4376598553
4.5193e-07,2.427e-06,442447.8547582408
7.1988e-07,2.5819e-07,736798.7465818324
1.8458e-07,1.5133e-06,51254.777042527356
3.5523e-07,0.00033293,301815.1497100291
846.12,0.0012102,2028337.008795979
6.2387,4.0065e-06,71027.63234586532
367.7,0.0003207,852645.8849519154
1098.6,2.877e-05,701448.6721753404
89438.0,0.0012494,1265625.3459495776
204.85,2.0992e-05,13906030.929520234
0.011899,0.040508,419225.7387015285
1048.6,0.010823,421175.17309636954
36.028,2.5417e-05,65269.97022793005
0.82104,5.686e-06,386954.82634761534
636.09,9.4558e-07,283120.12265765783
3109.3,8.0121e-06,2796138.90145171
141.3,9.1575e-06,114372.82307755978
10204.0,1.4076e-06,621505.3662804266
2869.5,4.087e-05,445979.7762292807
89.452,0.00029262,834144.0721727825
0.00012162,8.6723e-07,53932.89194968923
3.0221,7.9093e-06,836342.6495916388
396.94,8.5123e-06,808966.475087149
44.854,1.7452e-05,159943.60224912432
45.01,1.3764e-06,714253.3061844296
858.75,8.5864e-05,359733.69130335166
141.07,0.00028107,594330.0987319542
0.0059145,0.0,344477.04195535847
11.439,0.0,400387.14369265456
0.0061796,0.0,1067489.4135233196
8.4421e-06,0.0,1068324.714848154
1908.2,5.217,19113.62469126838
0.00048583,1.5653e-08,28743.27123662715
18.351,0.050171,40475.941488932105
21.287,0.058195,23636.75044612127
0.00020924,1.3865e-08,51056.34517033308
0.068018,0.00018559,30017.112006643998
1764.4,4.8237,16276.783229825447
0.027642,7.4779e-05,17722.440965766094
140.44,0.38396,33267.43910346537
0.2336,5.1392e-05,-4356759.323339518
0.45686,5.0109e-05,531208.7339393529
0.0079432,2.1369e-05,26656.82586355547
4.8974,0.0086119,665956.827591285
4138.1,0.16887,3832667.8295393647
570.82,0.14878,3243180.2032967885
5271.4,0.46296,5628373.776254314
2604.9,0.043761,8853268.179082172
2088.1,0.028926,1928864.3490906416
3444.3,0.085809,1132524.762043031
7503.7,0.065074,2758277.5620954237
2961.4,0.051494,907622.4231208666
1867.9,0.037168,781490.2716969908
3363.9,0.025949,445441.2129820995
16246.0,0.031019,3893685.678885346
851.68,0.004439,606191.9393842075
1001.4,0.054556,479843.4367825639
34703.0,0.046372,23189278.429989748
77545.0,0.065331,41250987.161237456
3712.2,0.1153,4168924.548092537
12930.0,0.07823,9484272.071943372
0.0053237,6.3029e-06,593208.2810352292
22.254,0.098718,2816590.782928407
549.78,0.011533,2830104.4447731734
60.79,0.024234,3898640.340953516
0.011305,0.0035234,2028820.9483325274
2327.0,0.0015724,14191476.285029499
0.57059,0.49188,483507.0658908383
27.747,0.3458,2390652.8279533177
0.034282,0.68369,952456.2304452375
0.030359,0.60453,709191.1534596223
0.0058461,0.11235,817520.891424003
267.17,2.3102,26607110.21235664
2845.5,4.4996,9662619.560717085
1310.0,0.010886,2595773.2716067433
954.89,0.011981,5252193.369898857
2.5926,0.0012568,1599570.7710718843
129.43,0.00034068,429983.98884219484
10.166,0.0007577,330798.30712330417
0.55,0.00053531,896926.935369827
0.24828,0.00015986,642726.6097543569
0.064923,4.1733e-05,375736.7448559181
0.047723,3.0673e-05,101080.56729670802
9.4036,0.0060574,206691.91838576272
0.081861,5.2656e-05,89173.09997929195
0.2358,0.00015181,107485.35162567162
0.18168,0.000117,87838.14766169971
0.2263,0.00014567,442762.21931121533
102700.0,0.11211,14074567.179163383
6582.7,0.089227,22644051.779034182
18762.0,0.15386,56089277.01878317
3110.9,0.0028099,25905924.212791994
4491.4,4.8749e-06,7373087.151974835
3971.3,0.022753,14706460.654691268
809.15,0.073355,10110665.651203249
15385.0,0.020776,19442377.338470325
5.648,0.026307,29869838.52558326
4.1949,0.04486,19026389.238582965
477.5,1.1664,9724824.143827753
0.78586,0.00031089,11925378.915106686
0.081125,0.00021652,2550160.8481672863
1554.8,0.0067743,101248772.14354411
16789.0,0.091139,166868891.06523037
137850.0,0.13051,308508905.5236762
65244.0,0.0068503,12878397.894094456
33919.0,0.0040821,11287091.061829256
874.56,0.00022732,1285625.0508198547
100700.0,9.7436e-08,6353754.282510067
173500.0,0.025103,6206616.4440769
34134.0,0.039501,11192654.052964699
6936.4,0.0010403,1797386.2521088708
11955.0,9.8497e-07,86128261.53685088
20728.0,8.7063,46644252.74118022
115030.0,0.011518,28284095.701693855
219470.0,2.6432,48000778.6493902
1240200.0,85.735,157944113.4110997
1524.4,20.332,552225509.9942287
457120.0,13.658,73639001.11145534
19184.0,84.319,45021089.06433581
3422.8,0.04456,229263716.66406333
57452.0,0.00024148,190082388.32938734
15652.0,0.0024807,374883595.81565106
28941.0,9.3695,49270497.618554324
0.00020441,2.2674e-07,59635797.31222546
1.0779e-05,3.1504e-06,18106.450624678364
1.0584e-05,2.5942e-06,14292.57300688834
6.8448e-06,3.483e-06,19938.82293894692
1.4567e-05,1.5629e-06,24511.268406100404
0.0070701,0.62828,14155.677520067553
1.4394e-05,0.074869,283457.9747523492
1.2158e-06,1.0838e-06,1225.1706669721639
1.2063e-05,9.9641e-07,18066.687102902928
1.4206e-05,3.1455e-06,27294.285059098525
4.5965e-06,2.9608e-06,6597.013503666497
5.7878e-06,0.0033195,96037.50444960098
3.8452,0.17864,83482.62496345928
0.00010506,9.7384,12258.742493735426
0.00074478,6.2313,50896.57818258971
3.8318e-05,2.8977e-06,16361.649016669224
1.1164e-05,8.7806e-06,66308.94133271294
2.6959e-06,4.514e-06,6086.769186823969
4.6003e-06,7.7211e-06,11548.96227029226
1.1837e-05,0.019017,53924.158388382544
0.00036322,49.955,32705.605861461398
1.0598e-05,1.6749e-05,94379.20590498504
6.4152e-06,0.038119,7498.182308041764
5.5448e-06,1.0097e-05,2814.0438902719493
1.4327e-05,1.1706e-06,34819.231128918786
5.6339e-06,1.0599e-07,-3151.8722987447495
2.0189e-06,1.2442e-07,60471.881303663424
1.7281e-05,1.737e-06,42572.41624599165
7.9058e-06,8.7967e-08,-2278.662803825139
5.7956e-05,1.6426e-06,4993.833487848913
7.0359e-05,1.0682e-07,5681.364070800509
1.3822e-05,1.0659e-07,792.2272876852232
1.5438e-05,8.6841e-08,-1911.275816977091
2.5044e-05,1.6095e-07,-264.93611252197945
6.3771e-05,3.1414e-07,3158.52235322716
1.8445e-05,9.0035e-08,2811.664991778055
2.7778e-05,5.059e-08,524.1190075450002
1.3483e-05,9.0608e-08,4070.1715814670874
6.1863e-05,1.0085e-07,457.86455004028113
2.214,2.5105,310.5268313978949
0.0085287,2.0015e-07,26660.7982039872
2.9066e-05,0.30105,102044.45188346035
8.7513e-06,9.4265e-07,26435.152360186
1.1566e-05,0.027281,75567.36881326357
0.00032775,3.1004,101970.59465159797
0.00033602,0.16475,24739.429397383592
0.00014899,1.2564,30117.13675381616
0.00058135,51.754,172195.56057617
0.00093338,9.1505,71661.54721501282
0.0080485,0.0058198,77194.22910906962
0.022488,3.8651,39451.35050583249
5.3957e-05,0.79974,38989.834746454624
0.00017583,2.485e-06,123125.41602835129
6.0216e-05,0.41393,26813.14092082378
0.017428,52.416,669505.4236141526
0.012025,40.874,932331.5130273754
0.042636,192.55,112438.8968984394
0.0042364,0.11457,204632.7024306292
3.8355e-05,0.00068216,110126.69777687508
0.00048455,6.4982,20556.56915713681
0.0097368,0.46831,26542.430458890394
0.022322,0.014755,8874.426000173376
0.00031431,3.7326e-07,70824.12403905376
0.0013567,0.0048002,87136.16643591662
0.0039697,15.047,108992.59101818308
0.00063921,1.8426,17766.485739268348
2.6643e-05,3.1417e-07,63217.10957440015
0.70725,8.2417,9074.37634874012
0.54504,6.3511,5660.914445221112
0.0093433,1.6988,106813.62994184245
0.0040858,0.0059317,11930.016529023349
0.0027703,0.012387,16342.200286223144
0.010498,0.27439,71403.12562506217
0.0011532,0.021549,4104.805586268254
0.012645,4.6906,11071.217898508798
0.0017188,0.3212,97726.59669000765
0.0049876,1.396,20192.89408766001
0.034184,5.0222e-05,32844.54621285914
676.98,0.99466,863.409521048414
8.8826e-05,9.7518e-08,105482.46865052167
8.1217e-05,1.1281e-07,320.5099532577129
13.071,0.019205,5511.136783532754
1.5843e-05,2.1723e-08,56.19251241348904
5.9923e-05,8.5792e-08,4121.763288930752
7.4432,0.010936,29968.252179393625
0.16859,0.027127,70422.02792831503
0.058668,0.00046307,116337.79066206941
2.6095,0.32274,227949.41747180425
0.28767,0.010952,115104.93678019002
1.5878e-05,1.2671e-06,48755.69550376003
0.0086014,9.0652e-06,113658.68093206195
0.038336,0.67098,52599.977557483544
0.0027295,0.14095,38518.13314267248
0.00011506,3.129e-05,16365.439475197762
0.00010104,2.5115e-05,19362.08421595958
6.6465e-07,3.4715e-06,132.9908811631813
1.963e-06,1.8105e-06,1272.5419969553784
5.0611e-05,1.6183e-05,2276.0340281645363
3.7554e-05,1.2155e-05,1652451.2705066986
3.3578e-05,1.1516e-05,1787854.376222277
2.6105e-06,0.00037708,4683412.7333802935
6.1592e-06,6.4622e-05,15344.917608755186
1.4477e-05,0.00016821,37330.31272222802
1.0066e-05,0.00010526,23680.789054711997
5.1202e-06,0.00037925,113343.91463839171
7.3371e-06,0.00016847,94089.50055717072
1.0856e-05,0.00078639,91688.38196343303
4.8274e-05,6.1247e-05,6580.492112716373
1.6798e-06,8.9666e-05,312661.9034511836
9.9458e-07,1.1871e-05,91930.76405741755
2.3324e-05,5.4315e-05,1013964.9075399393
3.7189e-06,1.2051e-05,64886.61292975786
2.6422e-06,3.6567e-05,1871673.4389059409
0.00027299,0.00015395,673120.3403761546
5.5943e-07,2.9253e-05,42020.09865938838
1.6551e-06,3.0927e-06,37228.55418238037
1.1823e-06,9.9555e-05,2042116.5660643645
1.8684e-06,8.1241e-06,3363551.346125978
1.9457e-06,7.5243e-07,2604642.3621763247
6.8165e-07,5.0019e-06,60958.88758895437
1.0083e-06,0.00092599,593715.7846977509
9.3462e-06,1.3809e-06,18202.981143766578
2.6589e-06,3.369e-06,25419.002456484723
2.5433e-05,3.5994,44735.53685756768
0.0021055,342.23,256076.29850543637
0.0021074,0.00095926,622829.1581487451
6.0255e-06,0.0070198,1367023.2019720662
1.0362e-05,7.9494e-07,13132.272782044312
8.1878e-06,0.002426,11729.374344081541
0.0014447,234.62,170189.4879338527
1.5076e-06,2.5134e-06,36053.87167178295
2.5982e-05,9.5166e-07,43092.07857458029
2418.4,4.8884,2656941.5531262024
0.00050982,64.3,176851.0226046513
3.1527e-05,0.046496,122241.46129192151
4.6723e-05,1.4695,196844.09087920026
2.1975e-06,6.724e-06,3264.129422146164
1.4174e-06,9.1797e-06,40127.22678941116
2.844e-06,3.1651e-06,3877.7555517592655
4.6532e-06,2.3927e-05,46901.93599122766
9.5705e-06,0.49442,23377.77666874789
0.012551,372.64,690839.1951763933
2.6287e-05,1.9015,634364.6259390881
3.103e-05,0.00019145,32879.753313384004
1.2861e-05,2.4413e-06,33557.04418683712
7.3302e-06,1.3601e-07,11883.679237381768
0.00097785,0.0085645,277415.1152305254
7.2136e-06,3.0523e-06,26263.915603652633
1.6469e-05,9.5125e-08,-847.851513480774
1.692e-05,1.2123e-07,-843.0213765270204
0.097681,0.12278,26037.580877816406
6.3578e-06,3.0105e-08,-4180.353087681977
6.6452e-06,3.1528e-08,-3189.3866243356024
1.2659e-05,2.9221e-08,-4084.166849060833
4.2127e-06,4.4648e-08,-211.94263069780283
1.2641e-05,1.2517e-07,-321.5751476250004
1.3553e-05,1.5611e-07,59207.963476908924
0.00080294,0.52274,651.399023085039
0.035984,13.804,5175.11045681098
0.0032907,0.0040822,2701.217790154742
2.2385,0.010873,332186.5022676898
1.6026e-06,2.8994e-06,72847.30975117904
9.1058e-06,3.936e-07,22069.276780773835
2.9873e-06,2.1092e-07,7448.769280279539
5.7429e-07,2.09e-06,259873.4041447703
1.5658e-05,0.0002717,217262.88108326923
22.082,14.004,382208.3266225513
0.0080992,285.21,604894.3777153562
4.9319e-05,0.29194,9177.912259795756
0.00045393,4.6897,458980.3796854115
0.0012441,2.5851,88811.66402104731
0.0030289,60.401,738481.5390500894
0.034574,39.411,24135.78003747999
5.1071,0.0030042,344331.5832966737
0.0010887,0.49273,307060.04646331584
0.00015883,1.7378,772850.0466141083
2.9404e-05,3.8629e-06,75991.1351036424
0.085465,3.612,2541257.49995152
9.0916e-05,0.0015403,791398.2240239272
0.41099,1.6488,560500.4160278453
0.0014592,0.084353,607106.0101413938
0.0018112,0.005145,101011.0810588483
0.00024042,1.1984e-07,27730.78532658318
0.00017336,0.0028732,2333930.900369334
1.9817e-05,7.1222e-07,39799.73401523783
2.823e-05,1.2966e-06,65658.21332217984
4.4607e-05,2.5411e-06,15293.181844666915
0.00010866,1.3508e-06,31335.63427751931
0.035468,0.45777,-83569.76925760071
0.016766,1.6496,225373.91418784286
0.00038168,0.00046445,-4592.356545509412
0.028285,0.64815,155011.60026909565
0.0080864,0.16171,464351.8438423777
0.0041541,0.00010832,15945.002599367921
0.0038271,0.0038715,38428.76841882626
0.0011374,0.2662,80667.43900156108
0.00093146,0.070637,3243.905797808269
8.3689,0.01363,-20301.266872168377
9.041,0.014725,27990.185011848775
0.62782,0.0010225,6557.7512065348055
2.6436e-05,3.9889e-08,17088.531224880302
4.3029e-05,6.008e-08,5169.466402613043
2.7275e-05,3.9867e-08,2734.7939259669715
1.1408e-05,1.5388e-08,3377.8953708064405
0.52994,0.0008631,5257.437397804133
0.0040447,0.016061,256905.14127925222
0.0098504,0.02215,185820.92334725094
2.0842,64.124,193764.0438754249
0.40513,0.033797,51866.5154046737
2.2222e-05,3.548e-06,32993.08768780187
0.0015747,0.0015282,382958.8940849861
0.033503,0.70421,307962.94362243544
0.00049609,0.00018966,457450.1273330895
5.6834e-05,3.8576e-05,571181.4344910107
6.0452e-05,5.6853e-05,149593.25508955205
6.7555e-07,4.8501e-05,515204.9527087627
1.3252e-06,1.339e-06,37988.05579139978
0.0038108,0.00033275,105714.72492375653
2.7753e-05,1.2919e-05,3260671.5247419304
3.9582e-05,1.8742e-05,4718273.366828154
1.0731e-06,5.0557e-05,287366.6238934388
5.4279e-06,8.7834e-05,294152.77856989927
6.6726e-06,9.6468e-05,15407.338645525806
4.899e-06,3.1937e-05,27566.995520767887
1.6867e-06,4.1995e-05,21563.824156290957
5.9259e-06,0.00022951,182990.7128043812
4.71e-07,2.8697e-05,110065.80814704811
3.7989e-05,2.0254e-05,6380.927164161651
1.07e-06,9.5266e-05,4917832.434290696
9.4042e-07,1.6737e-05,3798715.4745509
1.8241e-05,1.9079e-05,1430238.7430688539
3.4275e-06,1.333e-05,310208.72025016753
5.6368e-06,1.9644e-05,401030.4111087113
0.00034388,0.00015127,4654319.4666026775
7.9277e-07,3.2603e-05,57070.39807234436
1.3213e-06,3.5388e-06,155963.69163999314
7.3514e-06,4.3817e-05,3937399.73716366
1.005e-06,4.321e-06,10756412.074025778
1.4609e-06,6.3211e-07,2644995.5123405308
5.2709e-07,2.6262e-06,548556.7130738072
6.5901e-07,0.00057254,1903825.2793618015
7.6574e-06,1.7076e-05,135975.28648411567
3.7579e-06,5.1555e-06,2032.914106156137
2.6623e-06,9.5006e-06,79446.58626868649
3.2792e-06,1.8588e-05,573429.0365701426
0.0022843,2.3575e-05,946121.5245409774
1.261e-05,0.088391,463637.82764268084
1.0912e-06,9.8243e-07,1623.8806138378152
8.8786e-06,6.5945e-07,13984.952504162804
8.475e-06,1.2767e-05,39692.95745328666
2.5198e-06,6.4617e-06,68893.07846887161
1.7648e-06,4.1209e-08,2920.2291031859168
1.0349e-05,0.11687,242613.7889473277
1.0908e-05,1.3228e-05,23499.712889051967
7.5557e-05,0.070376,20773.83047111005
1.4026e-05,2.0249e-07,5246.4407434393515
3.5043e-06,1.0445e-05,102015.20796602988
1.0903e-06,2.9561e-06,9974.024803415425
1.3814e-06,7.6343e-07,2055.9441662277013
2.5878e-06,6.6383e-06,7423.80079058048
1.0692e-05,0.051037,20945.43195477483
5.2199e-06,0.021143,589157.8442628863
1.2187e-05,0.083923,310086.73794779397
1.1767e-05,0.12787,5925.0974747937025
3.3506e-06,1.4145e-07,8622.3803341378
2.4964e-06,1.4221e-07,6828.024064686098
4.846e-06,2.6822e-07,13883.656206638221
1.2165e-05,1.5221e-06,32394.679064944758
1.8293e-05,1.3707e-07,303.10084482897406
8.3383e-06,5.8654e-08,113.77183466163562
1.9816,2.2364,718.9593333323492
4.6372e-06,2.1294e-08,229413.06068389982
1.5167e-05,1.4863e-07,332.0847584895045
1.8117e-05,1.9679e-08,395.7080240172579
2.2156e-06,1.615e-08,29810.22988012212
8.6945e-06,8.323e-08,121.6324431808025
1.5979e-05,5.5214e-08,476.3403176771839
2.1947e-05,1.7462e-07,6373.85850279402
9.0404e-07,5.2058e-09,49875.74061382197
1.8666e-05,3.0197e-08,343.5769017081722
0.0098711,2.7318e-07,588.2038298686068
1.7274e-06,4.7789e-06,195881.83357332592
3.7623e-06,1.4358e-06,23234.763461318005
1.848e-06,1.0431e-06,6731.3207948522495
2.5142e-06,0.040686,68385.34604504901
7.1866e-06,6.5991e-07,47731.775485526035
2.8301e-05,0.15754,79227.40122118682
0.00021764,10.768,229183.26518776716
3.4971e-06,0.0012713,6775.303986425356
4.0834e-06,4.6623e-06,542514.940579549
0.0028284,2.0361,92666.7865713641
9.4162e-05,0.52282,37911.253867019666
1.2176e-05,1.306e-06,13712.996440482384
5.1602e-06,7.5408e-06,29299.47834467493
8.7047e-05,0.10152,131802.08729640013
7.9221e-05,0.44656,136702.78915661178
1.6117e-05,8.0226e-07,51089.641501587445
4.9942e-05,0.0008701,352533.4793102562
3.9597e-05,0.0008962,156790.50864431256
0.00063329,5.1315,14313.672620489706
0.00056705,0.056143,6893.375693213557
0.00038752,0.00022374,69007.42091627665
0.00011124,1.9072e-08,11621.724832501062
0.014566,0.47166,420688.08487221453
0.00068282,2.6042,52397.2953082215
1.5371e-05,1.3917e-06,28849.344359865925
3.2915e-05,1.3592e-07,8175.7074689931505
2.129,24.692,27692.692759149024
9.2788e-05,0.00071571,8562.17996555749
0.0010464,0.044165,68451.07288286647
0.000106,5.2136e-05,70428.10778393278
0.00093743,0.00050023,22908.32608752003
0.0022597,0.053654,987755.4785544431
0.00020395,5.6663e-08,25286.89574574511
0.0049442,0.24144,21511.533647942444
0.0034273,2.5663e-07,8794.057641628671
0.007176,0.049427,12139.645258866796
10.074,0.014731,29753.541455025952
1.1443e-05,1.4036e-08,16281.551360504227
3.1106e-05,4.1116e-08,5215.0887891919765
1.4923e-05,1.9245e-08,33846.52315554083
1.4692e-05,1.5995e-08,2532.0048962661067
2.3469e-05,3.0701e-08,539.1561242606977
0.35567,0.0005201,198.96701063285064
3.5438e-05,4.2048e-08,1574.828543374121
0.023183,0.086971,27769.236939879665
0.00085896,0.0012045,1474029.035627811
0.0010819,0.017438,389243.99790969194
0.00051664,3.3177e-06,174705.77514423113
1.4025e-05,8.4221e-07,21056.28846754399
0.001219,8.4044e-06,154528.9192435524
0.00086408,0.0088859,156156.8572229927
0.0023238,0.033408,60221.66148225626
3.9773e-05,9.2487e-06,29528.48626181341
6.4198e-05,1.8901e-05,31012.390129489806
2.3356e-07,2.0988e-06,5073.315698158868
8.8327e-07,5.4665e-07,17035.41527414356
0.040206,0.0078546,29364.37857904027
1.5651e-05,2.4655e-06,119845.45093634684
1.3154e-05,3.4985e-06,340896.7868297867
1.0632e-06,8.6134e-06,1354363.8073575352
8.7787e-06,8.3489e-05,137939.62843235134
8.6004e-06,2.7531e-05,19108.83766614671
8.2557e-06,4.5727e-05,31347.56798842037
2.1124e-06,1.2606e-05,35532.75330887907
4.3502e-06,5.8868e-05,67053.39296189845
4.7982e-07,9.4674e-06,159636.50681178365
4.8311e-05,5.4776e-06,2372.2737670311312
8.9331e-07,6.683e-06,222674.8249242908
6.7551e-07,3.3499e-06,876051.6138122453
3.2187e-05,4.1669e-06,196737.18235054807
2.5337e-06,2.9257e-06,87390.12524848203
1.1767e-06,2.9772e-06,565249.6955795748
0.00022389,3.3683e-05,913353.6147841156
3.1343e-07,8.7147e-06,15079.2522612482
6.5979e-07,8.4282e-07,391461.18960771966
6.0128e-07,4.4097e-05,851093.3180372148
7.8509e-07,2.5498e-06,655322.2478248295
7.8311e-07,3.2519e-07,683672.479132022
2.4271e-07,9.8937e-07,125800.18880376438
4.2889e-07,0.00033139,58713.78591850825
8.4717e-08,2.2015e-09,91.52277216062619
1.8283e-07,1.1628e-07,5372.540923034865
1.1191e-07,4.1976e-07,22493.666577462518
4.0348e-07,0.02284,34575.208883529194
4.2362e-05,2.727e-07,84335.96479730912
2.6463e-07,0.0026667,27713.401136112905
1.4059e-07,5.011e-09,189.81270248582666
1.794e-07,1.053e-08,253.66491203023693
1.5731e-06,5.5246e-07,2385.508680475435
1.0892e-07,2.6175e-08,158.9588012902974
1.792e-07,2.8978e-09,262.9663437880549
5.3718e-07,0.0012182,25724.376331433486
9.5991e-07,1.1919e-06,9274.9108277958
7.3772e-06,0.011214,2581.8237915924506
1.0463e-06,0.00021929,363.30180049281944
1.0112e-07,2.1634e-08,153.83840882798066
5.3926e-08,1.3478e-08,70.56200989058758
8.9626e-08,2.6794e-09,110.17312071544336
2.2223e-07,6.362e-07,3375.808347418471
5.436e-08,8.3722e-08,1119.7104929057643
7.4133e-08,3.5852e-07,226692.59851893314
1.5031e-05,5.7115,83121.27974888239
6.0021e-07,0.029946,26932.345659463885
1.6894e-06,1.375e-08,4494.798758413216
2.0145e-07,2.6582e-09,526.1779293361792
5.7076e-07,8.9275e-09,1538.3066604027897
6.8918e-07,8.2051e-09,1829.4722778852754
6.9765e-07,1.9301e-09,10.398755203075842
9.6528e-07,2.3727e-09,15.632809431925448
1.3315e-06,2.3389e-09,20.157380538812227
5.7221e-07,1.0306e-09,6.917923658089914
8.847e-07,3.3e-10,2.732479352772902
7.0816e-07,1.8852e-09,10.266292848279445
5.8808e-07,1.0938e-09,7.14389923043403
6.5411e-07,1.1907e-09,8.88529052837843
1.1815e-06,2.5424e-09,488.85379318818894
1.2063e-06,2.6337e-09,61.53243018172236
7.2063e-07,1.0195e-09,9.114506657651415
1.1045e-06,1.138e-09,15.555402694311864
0.00051977,4.6577e-09,13.6424414711123
3.8276e-07,0.0041383,26467.679390583202
1.0446e-06,3.3306e-08,3479.620095654251
4.7552e-07,0.0010033,677.6653617843498
2.8664e-07,0.00060803,580.0884323863285
4.0903e-07,1.034e-07,10764.298259478897
6.0854e-05,0.9264,11082.844796757547
1.5224e-05,0.36129,1126.9313280372517
3.3566e-06,1.2557e-06,7019.003325853097
1.5148e-06,0.0020347,1884.1506725214763
0.00018213,0.010716,2762.4336110055124
0.00028784,2.3896,3501.3730845343607
7.1698e-06,6.2674e-07,8261.201535169177
1.3529e-06,3.1482e-07,3636.048344072735
1.3218e-06,0.0032411,70850.17615110804
5.7552e-06,0.03999,6433.011637772162
2.7731e-07,9.3147e-05,657.4155180641887
9.0907e-06,0.00013036,11453.800824682547
9.195e-07,1.4179e-05,7071.591212185398
1.3607e-05,0.036072,1345.27331748525
2.0819e-05,0.00020007,606.8954527250501
8.2546e-07,1.0877e-08,3271.9438942711895
3.5034e-05,7.1805e-10,3624.9073539751425
0.00031616,0.00641,7987.111335568892
3.2434e-06,3.108e-08,2009.6912499904695
4.061e-06,1.3666e-08,906.9914291593742
5.3747e-06,1.0322e-08,1202.6448188741333
2.6491e-05,0.00026601,402.0025656309136
1.1833e-05,0.00010017,537.943013104589
8.069e-06,1.338e-05,4003.664165379322
0.00069084,0.00088582,1820.1796199372343
4.7817e-05,4.2975e-05,821.6759265097644
0.00010865,4.7496e-05,2283.861648547786
9.2499e-05,1.6654e-09,236.37648223847063
0.0014209,0.15484,894.8324839690815
0.00012503,1.6673e-08,406.2525419797253
3.1833e-05,1.1691e-09,655.8947977450186
8.5971e-06,9.445e-09,562.4136796475343
3.9293e-06,2.7347e-09,332.1530097239919
1.5185e-06,9.3363e-10,144.09193540244408
4.92e-06,4.7185e-09,262.32866721235524
2.1439e-06,1.4771e-09,222.10945275069787
5.9266e-07,5.4989e-10,35.50220331155996
5.6863e-07,5.1448e-10,32.848298614778294
8.7966e-07,9.2585e-10,36.85541839097586
2.9977e-05,9.6313e-07,4607.51700426352
0.00034806,0.00037699,2423.7014952112568
0.003499,8.4459e-06,3457.001569503659
2.8408e-05,2.0431e-08,1246.3229592875302
2.0006e-06,2.9611e-08,22798.04192996207
0.0028308,1.5658e-06,24867.647297871932
6.4993e-05,0.00030878,3651.1035657464136
3.3919e-05,0.00078792,7822.58188968803
2.1308e-06,9.3969e-07,10928.443785620502
6.8545e-06,6.1208e-07,3020.7752147020624
6.4587e-08,6.1808e-08,36.9700702380663
8.7054e-08,2.1378e-08,50170.80723880286
0.00024157,5.9484e-05,254.93698464198368
2.8543e-06,1.3515e-07,220263.79527384607
2.5241e-06,1.2139e-07,304461.40523480927
6.9413e-08,7.4677e-07,13630.140753295258
4.0179e-07,6.6838e-07,1861.8744057756246
3.5735e-07,3.9504e-07,754.0935932360163
4.3037e-07,3.4611e-07,953.6699731510911
2.3939e-07,4.7868e-07,3292.4033577510936
3.554e-07,4.3718e-07,3683.2549270978543
4.0184e-08,5.9385e-07,24647.27756648099
1.3564e-06,1.6483e-08,55.72959126354667
5.3116e-08,1.0486e-06,254987.51309063597
4.4783e-08,1.4495e-07,218650.12746838538
2.3937e-06,9.822e-08,16104.888169386146
2.7814e-07,7.2795e-08,7201.326237761175
6.2571e-07,1.5353e-07,24235.198505511184
0.00019657,1.1517e-06,70944.65819648851
3.5982e-08,3.1627e-07,1984.3232688515563
8.8352e-08,5.3703e-08,29585.018565142345
1.6022e-07,2.436e-07,63214.085960190394
5.7612e-08,3.3842e-08,61774.41519865767
2.0837e-08,1.1674e-08,82308.90314783799
1.5169e-08,2.2966e-08,9885.23148510622
2.2405e-08,1.1537e-05,34521.15140314843
1.4463e-06,9.478e-08,2017.5680945661502
2.02e-06,1.069e-06,5711.883003011065
1.458e-06,9.6034e-07,2068.385839543253
2.9266e-06,7.1321e-07,4293.913699469654
0.0005979,2.7741e-05,30178.79709101643
1.2289e-05,1.9612e-05,148524.7172448099
1.4271e-06,7.4002e-07,2056.5535073840474
1.791e-06,1.159e-07,2131.567809330713
3.7932e-06,2.5837e-07,5235.987583382532
3.5036e-06,2.5328e-06,5069.6561881821235
1.7369e-06,2.0731e-07,2748.757196585092
4.0447e-06,5.6522e-06,57638.356167315746
4.9434e-06,9.4657e-07,7148.722575348733
3.858e-05,1.1453e-06,23898.235466831993
4.9142e-06,3.3864e-06,19571.560297819
6.4956e-07,5.2611e-07,936.281726614031
4.7035e-07,4.0751e-07,673.3309558475872
2.4106e-06,9.0136e-07,3481.4371299685668
4.0365e-06,1.7096e-06,5816.109533287418
3.3174e-06,1.2265e-06,4772.078329288639
1.2676e-05,3.2492e-06,38912.06062943121
6.9949e-06,5.3706e-05,6343.785637205738
2.2145e-06,6.5118e-05,2352.543329280093
4.2763e-06,7.7448e-07,10837.95087679099
1.0968e-06,1.4724e-07,2582.877473863927
6.9167e-06,4.6429e-07,267250.75042359595
7.712e-06,1.3184e-06,23394.57197920588
4.4956e-06,1.0455e-07,-88.26725007261307
7.2594e-06,5.3787e-08,10.54894442233658
4.5971e-06,1.4154e-08,211.48319950435948
4.4981e-06,6.8383e-08,1.5531305886001214
7.3609e-06,4.633e-08,9.739618093641655
6.5435e-06,5.4717e-08,1.7373503988503505
5.8561e-06,4.0356e-08,-18.544919133433414
1.2829e-05,3.7652e-08,225.20859825670988
4.7472e-06,1.3203e-07,30.110778428522924
4.9748e-06,1.209e-07,9.078750996336666
7.1644e-06,1.1409e-07,30.511794706297774
1.1856e-05,1.1929e-07,141.59977391694443
0.0017594,1.0449e-07,-604.3112707531255
5.5821e-07,5.9599e-08,1585.3289919536264
9.5409e-07,6.1026e-08,2266.5999583678763
1.4651e-06,8.0885e-08,3411.98130368929
5.7473e-07,5.148e-08,2416.788995730546
3.8651e-06,6.6038e-08,1964.9824850683015
3.3261e-06,6.6765e-06,11298.388466894925
4.8605e-07,3.7869e-06,3208.912986466456
1.9398e-06,7.8353e-06,20650.952445252413
1.8166e-06,8.0315e-07,4874.29006895307
2.5885e-06,1.4556e-06,5298.6257208693305
9.5547e-07,7.0832e-07,8347.518191395186
3.2224e-06,2.6801e-06,35006.18929459062
2.3484e-06,2.29e-06,14325.403849883225
4.1691e-06,1.6768e-06,168995.87333481826
2.6121e-06,2.8127e-06,77436.4213946362
3.3501e-06,7.4205e-06,40379.97255042171
4.042e-06,1.8527e-05,178001.2095387807
2.43e-05,0.0006604,47211.79687314035
4.6388e-05,1.9801e-06,12050.654267663296
4.2397e-05,0.00050733,1981.4048310066812
0.00018528,1.7656e-05,145718.5586643759
6.8412e-05,2.5603e-08,6774.290621365172
0.00031469,4.7372e-05,67048.64998515006
1.4637e-05,4.0743e-08,3197.4420814960954
1.483e-05,3.7273e-07,3551.787770774993
1.1177e-05,1.719e-07,3450.212160073256
1.0113e-05,1.0865e-07,1957.2250559688352
8.5607e-05,0.00028672,194129.386622152
6.8307e-05,7.3344e-06,475568.45013960666
2.5076e-05,1.425e-05,3328.801461812917
0.00011301,1.3915e-05,2194.7246477149947
0.00014669,0.00034003,3688.1848106305392
0.00014826,3.1383e-08,461.3560434589285
0.00013294,2.8823e-08,3013.710877749803
0.00014581,3.2713e-08,1492.6221299848994
0.0001245,3.0416e-08,2458.801098611585
0.014086,2.1376e-05,58.058214944456296
8.1095e-06,1.1026e-08,-200.8623273141111
1.0679e-05,1.3844e-08,213.06416547534067
2.1849e-05,3.0938e-08,-105.78501559927162
0.6685,0.0010146,-148.68186012440344
1.2697e-05,1.6902e-08,151.287482062756
2.5804e-05,3.7399e-08,-290.64170718324704
2.0462e-05,2.7488e-08,79.18755701649674
0.0006653,0.0040343,186404.009747288
5.5598e-05,9.1011e-05,604853.1895395117
0.0001357,7.334e-05,51963.79430180938
0.010045,0.00090508,249846.6822217644
1.0945e-05,6.5534e-07,16209.456126668809
0.0021772,3.0989e-06,203468.49720638565
0.00065981,0.012815,18196.784375921645
4.7641e-05,0.00027555,19460.371239789387
0.00011468,2.9875e-05,17357.292430881185
8.1708e-05,2.1266e-05,13165.125734817882
2.989e-07,1.2086e-06,61.67202059646951
2.4628e-06,2.5386e-06,171.0629306403992
1.5944e-05,1.6998e-05,5819.56473883449
3.7506e-05,9.703e-06,164865.98416309516
2.4816e-05,7.7288e-06,234125.88706854152
1.2859e-06,0.00025071,1272987.489027443
2.4403e-06,1.4069e-05,2874.5685258873577
2.7711e-06,1.3249e-05,3951.2445801485246
4.6897e-06,1.7993e-05,9109.280079143427
7.2571e-07,7.2426e-06,10353.52738631173
1.2344e-06,1.2647e-05,13987.242248498547
6.608e-08,3.6729e-06,731.1995027327148
1.5735e-05,5.6264e-06,665.9408093330334
3.5372e-07,3.9188e-05,91097.1492127924
7.7346e-07,6.7957e-06,302405.1972819328
3.4948e-05,7.5567e-06,95389.13473220544
1.2265e-06,2.5798e-06,5892.390529148169
2.1935e-06,5.9113e-05,967712.4821749444
0.00055351,0.00014081,632388.8888382209
3.8677e-07,2.566e-05,14403.21734451785
5.4476e-07,2.1573e-06,7333.52194996997
2.9017e-07,2.0556e-05,819369.4452215793
1.0353e-06,6.6101e-06,544044.0105274211
2.1949e-06,7.2514e-07,931869.8788212801
2.9292e-07,2.1954e-06,34435.91205922013
3.9695e-07,0.00037307,222223.25494945142
0.00022004,2.4602e-08,403828.19732291624
0.00027529,2.8554e-08,153360.50635281435
0.006405,0.023322,268457.1130755769
0.00028603,0.00027216,441347.66375494126
0.12881,5.263e-09,141169.1919116997
0.62678,2.7062e-05,1127956.6059398446
2.9021e-05,2.404e-10,48788.69496983969
936.11,1.6382e-05,353924.58359682723
4.068,5.6133e-06,406911.7918233093
0.0012727,0.0043232,243598.83522063826
26391.0,8.0511e-05,721645.2960882244
362.05,8.1888e-05,1277800.3782306954
0.00024302,0.00040484,282602.55473150103
43.061,6.5778e-07,85104.31949442376
0.00028562,2.2762e-05,28024.7218107249
0.00016476,2.4864e-08,335843.7627433945
8.4058e-05,7.7017e-10,139593.69992844647
0.00025543,6.2423e-08,547233.2197983525
0.019718,1.4402e-05,276243.258462946
0.0012949,0.0066974,117201.03192692247
0.00082626,0.00015374,76792.5696208958
0.00015904,2.5127e-05,449408.2522257168
0.042184,0.00017494,163959.08015278995
1.6939e-08,0.0,602.8909408384569
1.36e-08,0.0,1751.3734316144257
5.1985e-08,0.0,9648.785329258839
1.3603e-08,0.0,695.1079579021467
9.538e-05,1.3473e-10,3112.27863929655
0.00041132,6.0154e-10,13473.214543708356
8.621e-05,1.2444e-10,12189.672624452602
4.9105e-05,0.0,11287.195100016514
0.00018845,2.7224e-10,34391.321986678515
6.7979e-05,1.2652e-10,4384.430597455727
7.8654e-05,1.1151e-10,2427.271368382829
8.0833e-05,1.027e-10,3205.839513716069
2.2732e-05,0.0,1620.574719982336
0.0054473,1.8178e-06,32643.103303911517
0.0002123,1.9388e-05,11894.9408186544
9.0763,0.0007161,5743.293725654882
0.0,0.0,2135.9605986333167
0.0010694,0.22237,240866.57150846807
0.00012077,0.0079735,286544.1980369463
0.20611,0.31284,359136.75768306537
16.01,0.16878,750822.5922430485
105.38,0.003747,966909.5217695814
47.487,0.079705,196199.54928206754
350.88,0.0039818,262449.8357262992
149.69,0.00068136,2480661.851359405
0.47881,0.0011552,326679.19060846017
0.097154,0.026006,99405.22923403337
663.63,0.018023,356142.48258079856
0.00010217,0.00072762,133934.95662687116
0.21041,0.0060845,326412.49750894576
0.0086348,0.0016623,5173092.021358147
0.030427,0.011175,2280839.4596421598
3124.7,0.0044604,701865.9015590514
1149.6,0.00093087,1258178.7716608047
7.2498e-05,3.8379e-06,233503.96621664005
43.981,0.0059402,87812.34794878513
0.029302,7.8353e-05,303878.2077180364
0.11089,3.3486e-06,444153.5683377521
0.00082341,1.8187e-10,891537.633084247
0.0011379,3.1925e-07,4350557.010104086
0.040077,0.08193,177480.22381720046
0.00082152,3.1932e-08,81782.88748987693
0.086944,0.00024038,39061.53893644575
0.043728,0.00011889,63413.4285683659
2.6679,0.0074122,60912.12271024015
0.013344,9.3339e-06,2640821.902419822
0.026644,8.3548e-08,478152.8260389677
1.3324,0.00010872,121663.58342165739
0.19989,3.7667e-05,309621.6482873768
0.088284,2.6137e-05,26000.864040783144
0.014069,1.3471e-05,19823.103055654774
0.061524,4.3374e-05,94264.29012919753
0.15825,6.0526e-06,268973.92561141145
5.0273,0.0,25877.366191245288
54.477,0.0,19434.494845881294
18.401,0.0,17115.51967628746
3.8539e-05,0.0,6477.365635411865
1.8866,0.0,7271.501961479928
0.0027477,0.0,8372.677967959293
2.3272e-05,0.0,7794.509267231374
4.9567,0.0,12933.197997205309
255.44,0.0017434,1315282.5467272932
17.132,0.00016791,905673.2013964969
5.0995,0.00020522,168099.2222798695
6.6236e-05,0.0,559498.8453772384
20.953,0.14042,163054.30164409717
2.0336,0.0002028,902431.2538779879
1.0354,0.0002863,837139.1395634536
1.1912,0.00033237,599207.2536261838
71.553,0.08101,4614233.635155323
142.12,0.19495,1095309.3497473968
0.017353,3.2902e-06,756224.8958154055
0.0056268,0.00016564,664348.6949898765
0.019674,8.3766e-05,935021.9206215047
2.5382,0.00076006,4128844.955542163
27.149,0.008312,5167856.156999944
381.34,7.955,24032579.885085125
49.686,0.34797,1184118.321205564
29.191,0.21271,1277654.3204953352
5.1064,0.032704,1065569.7973641201
6.0456,0.17307,7239908.567361197
0.14441,2.4822,1128500.816053503
0.45078,1.317,776045.8608748774
0.1069,0.030072,72917.22617073536
10.437,0.0,23917698.0422056
42.393,1.2634,1533444.2811700997
1.3795,1.114,6269005.575181371
600.02,2.2582,1897558.24144334
6.666,6.4998,6431359.75854825
0.00038089,1.9217e-05,31625293.31996774
84.828,0.0018639,2588614.068597778
433.52,22.077,2280811.84367322
0.28315,0.40632,23188377.703045413
2.1937,0.036542,9941834.181329196
0.78336,0.038712,12096960.049143042
2.5923,3.5951,3782477.289834666
0.00057455,0.11495,4857565.247181162
5.8286e-06,6.185e-07,8512.704146639675
0.063814,4.3837,525811.9980090956
9.6254e-06,7.3369e-05,99380.16455073441
0.0041451,419.91,99049.17936025411
0.002486,5.0087e-05,89185.16619136305
0.10999,0.38466,1779054.5330017873
2.655e-06,1.2388e-05,4255.125280838476
0.65437,0.07227,79920.76702815965
2.6117e-05,7.7441e-06,39115.4073261056
1.741e-05,7.2724e-07,26906.283989837924
3.0856e-05,0.66884,10625.689894714904
0.98625,0.04935,799379.5510078052
25.557,1.1346,200750.4357258735
223.17,0.023602,689951.6097223175
238.14,667.44,83821.07396113432
1.437e-05,4.2562e-06,42184.201327381634
1.8692e-06,1.4387e-07,2264.69264606695
6.5273e-06,4.533e-05,25261.540209280378
5.5884e-06,8.4638e-05,122766.44545185128
8.9586e-06,0.22838,13383.855401755856
0.074358,0.35661,4215854.886937422
6.6143e-06,0.00022352,119521.55023878912
4.187e-06,0.00031527,330467.22059105826
9.7737e-06,9.7365e-07,25065.20824306046
1.0688e-05,4.1647e-06,76451.18667901275
1.1591,10.13,21792.731642614785
1.2281e-05,2.797e-06,31387.865451228587
6.04e-06,1.1136e-07,7.75520835490673
9.1156e-07,3.1311e-09,10380.420343364778
1.773e-06,5.8943e-09,14286.145620604126
6.5801e-06,2.3503e-08,93.20105235801758
4.0333e-05,3.4891e-07,2673.976070784671
2.7664e-05,4.5535e-07,94520.00125632579
7.0323e-05,3.2511e-07,89652.64745601712
1.0465e-06,4.0978e-09,14474.211684828568
3.0029e-05,5.1172e-08,1317.7987674753724
0.0040063,1.4693,221.6537949886317
7.5369e-05,0.016777,234.22651463073498
0.0066786,0.0082179,46.35100571244724
1.7316,0.0082673,434.1098208971179
0.022755,366.38,1051973.0692896587
1.4947e-06,9.609e-08,3519.7149189649176
1.0723e-05,0.095238,197905.51103299242
2.5504e-06,3.8207e-06,526932.2318925959
112.61,0.21796,170239.41516717107
0.00018945,0.92586,101314.99640427831
84.097,0.92779,886887.9246321163
0.0033597,6.9037,31501.844284092884
0.017951,0.015019,45509.2994928694
0.10268,0.015588,21168.83894937066
5005.8,0.090073,1057356.684314411
0.019306,24.313,255739.49253333404
7.3971,0.0016711,199375.50645586246
0.27893,1.6024,1000578.401518406
139.87,0.0049899,1581662.4445521617
390.72,3.2867,138716.15331654224
266.13,0.068033,1460920.710397462
0.00012425,5.2626e-05,1450570.8142238902
0.00071681,0.011379,48402.07942122054
0.0033343,7.6959e-05,159926.6827392179
0.0060017,0.00052384,1127529.9616742977
0.00031207,1.8136e-07,34964.822760204326
0.088413,0.00066852,1176268.2470471465
0.0003036,0.049621,16694.694450725132
0.0031161,0.018318,51926.61477745421
4.1397e-05,5.776e-07,21133.570156680482
0.0001506,0.0014174,8877.312390947696
0.00015554,0.0014743,10176.61875202544
0.0142,0.0035714,1681593.8773106597
0.050648,3.06e-05,120135.16305311766
0.0012646,0.00018494,42096.38304752019
0.046292,0.00015679,158664.6375340516
0.01356,4.4451,50746.79719697505
0.032288,0.00012799,32818.57604027421
0.00044705,2.8144e-05,3852.8546180911517
0.0050418,1.0002,8485.022727681599
6448.1,10.299,9528.002580296838
0.015121,2.4149e-05,11016.814112755592
20.024,0.031984,9011.521198061586
7.0913e-05,1.0742e-07,7086.511309347556
32.003,0.051118,2525.375160810924
38.293,0.061165,1220.7374628525886
161.62,0.25815,3481.342424005096
3.3735e-05,5.1393e-08,24133.174964105612
7.2448,0.00021144,105373.9780188579
11.454,1.3778e-05,2926574.225414027
2.2732,0.00055832,1316909.5174850733
0.0017901,1.1554e-06,1864761.1985928093
7.9769e-06,2.3016e-06,16686.02178877746
2.8938,7.9703e-05,441114.04177257064
0.029776,0.00050844,2573054.58728635
0.0028098,3.815e-05,865872.523421093
6.4068e-05,8.3e-05,815783.8306578203
4.6458e-05,0.00011909,955232.1393661906
1.0783e-06,1.5697e-05,17657.192403325735
3.1041e-06,2.1575e-06,454699.5282116977
0.027623,0.0053448,40158.2034079364
2.8229e-05,1.3159e-05,3790205.4223559005
2.8396e-05,8.485e-06,4635416.052408095
1.7092e-06,5.6798e-05,2547439.75060456
1.1533e-05,0.00034347,915877.845616479
1.5222e-05,9.993e-05,127983.31713176274
1.2214e-05,0.0003963,450654.27620520664
7.5141e-06,9.8308e-05,157578.31198768684
1.149e-05,7.3779e-05,185173.11178391398
1.5851e-06,6.7981e-05,927079.7889891054
5.0424e-05,1.3848e-05,9105.920588393983
1.9008e-06,7.5819e-05,6323879.58036023
1.2791e-06,1.3155e-05,1212251.3182196745
4.8785e-05,3.0605e-05,2528341.8009386733
7.1305e-06,7.9906e-06,224895.89050225605
4.8982e-06,2.0455e-05,1008636.5256427173
0.00016593,0.00012166,16945523.201546136
6.2337e-07,2.4051e-05,56555.39224621172
2.3496e-06,6.5687e-06,184731.64878809548
1.2029e-06,8.1712e-05,5799433.911258533
1.6594e-06,6.0713e-06,3919719.4268134544
1.6489e-06,8.0418e-07,5288038.185828672
1.2026e-06,7.1525e-06,9673081.777365355
9.584e-07,0.00070716,2326940.1748181963
4.2637e-06,8.4893e-07,6546.505081888977
1.495e-05,2.4919e-05,178484.0894625173
6.9898e-06,0.011711,13657.764182943894
1.1947e-05,0.57518,40378.32209649371
0.0071996,2.6258e-05,137099.97136044834
0.00037225,0.012293,1041501.5444481926
5.9084e-06,5.7902e-06,8612.91265531495
0.0030753,402.73,90338.39454671038
6.5728e-06,7.8813e-07,10490.977684599911
5.648e-06,1.5076e-05,10348.168385902682
9.0729e-06,1.4233e-07,12675.232988006948
3.5336,0.57518,185638.18900744224
0.96644,2.8762,140258.39203523862
20.546,0.011984,43672.553144649835
3.9694e-05,0.11215,18474.80018857101
1.2688e-05,2.0719e-05,204789.60120256274
4.0177e-06,4.0893e-06,5868.990867160683
6.5987e-06,1.9184e-05,56876.5697529427
8.3208e-06,4.2313e-05,130535.60836039968
0.00016309,10.68,20193.445319178507
0.46358,0.013759,99127.92099392883
0.00067716,190.98,32825.03698327282
0.0055781,1148.1,130860.2929098829
8.1526e-06,1.0967e-07,15704.251355537293
3.1838e-06,0.0012264,5515.376728510098
9.1918e-06,1.6891e-07,20166.98421353077
1.1868e-05,9.8414e-07,212009.3482835889
4.1383e-05,3.7713e-07,10890.270845050496
6.4624e-06,2.2182e-08,-155.65254803782466
7.2415e-06,4.8612e-08,45.865618896688744
1.2795e-05,1.6072e-08,-157.6423229601042
9.0559e-05,2.5974e-07,16861.472419584694
4.3249e-05,3.4318e-07,12487.913741507311
5.6211e-06,1.1999e-08,50.65242895376465
1.3899e-05,2.5463e-08,-1661.705779406536
1.3613e-05,1.5051e-08,1139.359121198281
2.6241e-06,7.1403e-05,-1969.758840924458
1.1103e-05,2.2651e-08,-2304.4733294566204
2.3528,2.3468,1824.0936133140608
0.0067652,2.4839e-07,18347.1515180617
0.0085936,113.91,615323.9415368316
2.2e-06,1.333e-07,5344.494840955164
3.9283e-06,7.1994e-06,138652.0756292331
2.9151e-06,0.036003,993780.766668359
0.00095704,1.0589,54151.54441763146
25.086,196.89,78698.0216323439
0.040964,222.77,121838.25986548666
0.0004838,0.070146,28496.88900873625
6.3125e-05,0.043004,41185.92750134793
5.2147e-05,0.018658,23829.98447370367
0.051809,0.0033259,533396.7100222622
0.0010402,0.62083,22104.595809227285
3.3126e-05,0.30434,324893.6205166868
0.24309,46.578,1471859.485727174
0.0078531,0.72138,788817.4375897602
310.82,0.0041108,306555.71807046025
188.34,0.15998,1124618.109789705
2.3952e-06,9.5946e-06,292730.50451290136
0.018783,0.0054904,35829.50495528697
0.0032383,0.00064991,20076.516969438315
6.436e-05,3.2292e-06,116052.21067680499
6.5445e-05,1.2374e-08,5512.577322877454
0.0017824,0.013523,231708.5133631274
0.02792,60.166,106672.04455000265
0.00765,28.554,10512.226870522643
5.4234e-05,8.1762e-07,38300.77102301955
0.00027068,0.0021174,16043.678912197893
0.00018219,0.001223,15601.437905159084
0.0026738,0.00050536,143716.20962959138
0.0006674,2.4536e-06,35912.8309559262
0.00052104,0.0001364,15061.76055926445
0.0081251,0.00010306,23957.395017977324
0.0010132,0.0046005,3675.5865245005543
0.00068762,0.0054171,10930.335233919548
0.0049298,0.00028059,5685.424467984611
0.00075379,0.10265,2098.236767358433
42.727,0.055222,18436.158038729674
47.235,0.061048,4263.108597739623
3.3384e-05,3.9185e-08,8165.3747514822435
5.5226e-05,6.5747e-08,2793.937267215061
0.28022,0.00036217,2734.834541460177
4.7436e-06,4.4264e-09,207.9585472646051
1.341e-05,1.3584e-08,765.0721151234737
2.9111e-05,3.4917e-08,2337.3351515371032
0.013421,2.9505e-05,23075.526902258032
0.0016019,0.00049539,114025.99386083908
0.033314,0.0064378,854253.8797287373
0.013876,0.00039547,105096.84049727714
1.5392e-05,2.1122e-06,25225.863486312763
0.066814,0.00030991,235726.49420789286
0.0023573,0.00029779,755944.1235455096
0.00010294,4.5868e-05,1058702.7561605999
0.0002103,4.4625e-05,40762.59033060643
2.0095e-05,3.0489e-06,1331.0814717820667
3.7592e-07,8.0013e-07,70.89448292687304
1.403e-06,1.2373e-06,40668.68974794193
0.00015552,3.1959e-05,1354.103599206822
3.317e-05,1.1322e-05,1717205.8881390814
4.4899e-05,1.3294e-05,3112501.155235294
9.5504e-07,4.3363e-05,469737.3238219958
8.6761e-06,0.00033688,1625907.0910509203
1.2499e-05,9.2068e-05,32186.364834592794
4.9576e-06,0.00029869,524646.5209018826
6.6295e-06,6.5719e-05,97821.52881653012
6.4681e-06,6.6339e-05,73378.07980526763
8.9224e-07,4.6486e-05,230366.4440927759
2.2337e-05,9.4669e-06,4373.717890197239
4.2582e-07,3.896e-05,1217159.8832694835
9.2153e-07,6.605e-06,312455.7431516856
3.7646e-05,9.8553e-06,187980.66429412682
3.0329e-06,7.7594e-06,261040.77017252386
3.1205e-06,3.4018e-06,610292.7421985666
0.00069086,1.3407e-05,2397100.1931266296
5.7132e-07,8.4208e-06,59627.65408376545
1.4278e-06,2.4262e-06,512701.8965221518
2.5841e-06,1.294e-05,1814146.0328192664
7.6015e-07,7.6506e-07,2976590.961876717
6.8081e-07,2.3789e-07,1690088.2313216203
3.7702e-07,1.1473e-06,778067.8094946668
3.571e-07,0.00030143,748197.5217256283
0.001905,0.0061106,2574.039344003392
0.00095246,3.7061e-06,10536.48234896337
0.077703,1.4918e-05,6803.26443385956
2.007,6.0042e-06,6849.300652230696
0.0053207,2.7131e-10,60067.73016041529
0.06571,3.6257e-05,27792.69100825391
9.9424e-05,7.8719e-10,-859.933150194903
25.593,0.00026294,2998.6409152617066
0.00093662,0.0021979,2153.0955282083232
0.00054263,0.001033,-66.52056018670373
32.005,8.2083e-05,3722.165922631
0.010411,3.9771e-06,43141.00680944769
4.4518,1.5427e-05,1665.0885164584356
11681.0,0.00032777,20503.31674698147
2.0934,0.00017913,4731.31111063317
2.8475e-06,2.752e-10,-1055.5769771281473
2.3146e-05,0.0008051,-259.2288739277525
2.9398e-05,1.1533e-09,-352.9734071254703
0.014971,3.3858e-06,-116.81098232854553
90.522,0.00020378,81644.517006573
0.033339,1.3192e-05,3857.2806198979433
235.14,0.0,53474.8484385849
533.15,0.0,13622.792872768523
0.0,0.0,0.23650072052399004
0.0,0.0,0.06084870468671999
0.0,0.0,0.45380449855799
0.0,0.0,0.04319184949795
0.0,0.0,0.040205388254019994
0.0,0.0,0.04548662813408001
0.0,0.0,0.05334129582686
0.0,0.0,0.022718715257580003
0.0,0.0,0.053514154985899995
0.0,0.0,0.029492155974800004
0.0,0.0,0.05611466888909999
0.0,0.0,0.05816177598276
0.0,0.0,-0.017211615692900008
0.0,0.0,0.05765292347108005
0.0,0.0,0.025325732708590003
0.0,0.0,0.1191459810057
2.959,0.0058301,34007.10524140247
0.62306,4.0993,306185.62080064934
0.00089744,8.6806e-05,93878.59066617036
0.29461,0.83894,1155457.316145131
0.23149,45.45,501723.46600634453
27117.0,15.341,899855.9930199044
0.95799,0.16487,284380.36394850776
0.31082,0.0088926,26571.87605130602
0.93332,0.048704,178731.6970976857
1.6267,0.075693,112231.59755021633
0.0075818,0.01212,132703.41202714143
3.429,0.17075,165949.48822430611
15.432,1.2926,122484.50447252109
0.034071,0.021195,18213.559790872558
1.4151,1.3796,276698.3758380528
0.0027387,0.52905,262494.98719036265
4141800.0,6.5647,8665375.488000493
2829.3,0.025331,2100073.654686381
0.20775,0.00080875,1237802.2919720977
1.9713,0.20619,789460.2674634156
0.0014687,0.0019773,82575.64294525355
60.048,0.07928,434872.8978296381
18.493,0.27574,63718.10980347881
1.9507,0.0033693,282168.8517935289
0.0042186,0.0035209,16428.380333812554
0.012016,0.00036836,72748.05841394051
0.16049,0.0048059,13923.27516127261
0.80198,0.023925,25747.10292551188
0.021304,0.0004108,32957.46631335985
0.12487,0.00032324,811755.088634321
0.010573,2.0915e-06,82706.48132461064
0.0,0.0,4.009646355007289
0.0,0.0,149.33053871754825
0.019742,8.9554e-07,2746.3408816000497
0.20841,5.0585e-07,44405.278313768256
0.21776,1.7645e-05,38575.80245624415
0.018495,9.7291e-05,65710.11576708482
0.0024732,0.0,16342.177420148146
0.00012215,0.0,3315.4525177423234
2.2838e-05,0.0,1034.888405770194
8.633e-07,0.0,-1545.8472621576639
0.00039389,0.0,836.5390273662362
0.40293,0.0,309.9945899643709
0.35853,0.0,2110.6400409259
0.21196,0.0,-956.1503057566371
3321.9,0.028093,1273497.10851634
4.8646,0.036589,12842014.2099796
12.14,0.00038467,2521780.4183326843
0.34402,0.0028659,1081441.0585866617
3.7975e-07,7.9691e-08,8352.112476753313
2.8223,0.018174,4437599.610117589
0.83171,0.024627,2692493.7707177754
3.5608,0.00023168,211279.62715283158
34.343,0.15126,1585498.1873224995
50.587,0.15409,831755.4723378145
0.015798,0.0001072,59983.65088146711
0.5657,0.00054107,430473.9743907215
4.5041,0.00462,2263051.3703762656
161.72,0.01075,10279030.645225713
123.34,0.007863,11204030.437527351
0.0022763,0.00020296,123161756.61671416
0.023773,1.3711e-06,5022841.944102655
0.022931,9.2663e-07,2549281.5920115886
0.015311,8.473e-07,2006953.864156381
0.0030051,1.1785e-06,13478296.816603174
0.052529,2.7945e-05,22055701.965797804
6.4377e-06,5.3015e-08,71706.93876871844
0.12968,0.00019559,1347718.9775905479
5.0342e-05,0.011682,27339122.195925955
5.2695e-06,3.7058e-06,5852335.270878149
0.54514,6.7554e-05,17703917.3994261
0.60392,5.4958e-06,4362391.66844429
0.14419,0.00081568,73578498.11035359
6.2764e-05,2.8631e-05,52334130.32625108
2.2487e-05,1.9093e-06,5511924.811045557
0.002346,1.3928e-05,1217843.083160353
2.3368,0.0022551,23994282.954812497
2.1397e-06,0.001426,13090112.283799117
7.899e-07,0.0014691,16393880.722598866
8.6251e-07,4.0284e-05,5417973.905633085
8.0742e-07,0.64807,9494054.460441107
0.00013507,6.6122e-07,92549.61023392543
0.0001726,6.233e-07,123385.18869523444
0.0001285,1.1712e-06,49681.62373360324
0.00014137,5.3723e-07,90743.2641314142
0.074623,9.9556e-08,32938.06082863881
0.041185,1.4072,860542.9537359044
0.00012932,1.3035e-06,73781.95743697119
4.4997e-05,9.315e-08,19691.047657806233
4.4737e-05,9.3435e-09,7858.25805190356
9.4562e-05,6.0248e-07,32754.854993022225
0.00017318,2.6153e-06,273279.0211124974
0.013014,0.0046931,96042.85521512579
0.00015228,2.5009e-07,37583.17347856493
0.0012421,0.0063324,89965.99670429206
1.8542e-05,4.6707e-05,165291.60391812024
6.6085e-05,4.7994e-07,116855.13114196858
2.3338e-05,1.7398e-08,2608.7793280247183
8.8274e-05,4.2011e-07,68215.16894594123
7.6407e-05,2.8152e-07,28379.595965557386
6.564e-05,0.0012567,11659.351645813178
0.011174,0.31341,118206.75129984872
0.00025218,0.002536,143987.03291449588
8.5421e-05,1.6806e-07,78479.36380783029
0.0,0.0,95.8945450731962
0.0,0.0,261.96193470940796
0.0,0.0,96.6145296468094
0.0,0.0,188.15258012976508
0.3632,0.0,362.5946240152358
2.1257,0.0,2277.6582360349407
0.59715,0.0,669.3906676141819
0.89044,0.0,934.9115173622873
0.56242,0.0,614.1983444527174
0.61879,0.0,575.0630530538003
0.86257,0.0,895.6762683834472
0.69183,0.0,684.7259566354749
0.40637,0.0,1932.596368089242
0.45683,0.0,1005.0802512423422
0.63784,0.0,609.1463694062581
0.43283,0.0,454.8977795237894
0.0,0.0,2992.9058794112475
1.6986e-05,4.351e-07,293673.961717059
2.1537e-05,1.3711e-08,34757.51805172067
1.4479e-05,4.4125e-07,517130.24934200954
2.1894e-05,5.2377e-07,340611.26558007277
0.0014597,0.012768,260441.1756358779
0.001632,0.38756,96425.39815236154
0.0001345,0.075404,90102.30941179048
2.5711e-05,3.3925e-07,85792.56830919832
0.00015749,0.0077064,125208.10620778464
3.228,0.60383,76889.33013834128
0.01297,2.0492,548284.1610966703
0.00013821,6.7757e-08,59211.26027911967
0.0011112,0.19735,-114366.38934965257
0.35089,0.0025438,1490160.8878793095
1.8512,0.0064606,997566.7576825435
0.053622,0.0038953,300096.1498039639
0.00010647,0.00010682,506753.30201965786
0.00081656,1.1159e-05,416379.4816494473
3.3718,0.058502,290887.66276406375
0.00046857,0.1698,157526.89675065817
5.7551,0.13863,248898.82928452236
0.00016753,1.2732e-08,239562.89593301536
0.0001431,0.00010403,501989.96447144443
0.0070129,0.022687,94386.77926862358
0.0011409,0.0018139,91313.24982060619
0.019595,6.05e-05,12652.421342543805
0.035463,0.00011037,13313.484746211216
4.9963,0.015672,15463.774668369475
0.15249,0.0031265,1010622.6847250934
0.00070701,1.9019e-08,47710.54377823359
4.8514,0.012371,82484.97798474894
3.6499,0.00051378,363557.92393781774
55.075,0.0022061,40197.69263807248
61.729,0.00055308,40691.26257933171
66.265,1.7132e-08,87718.35494195372
45.585,4.8169e-05,65342.57696956985
0.0040981,0.0,1215.7875829642692
0.0038023,0.0,2837.8687942534875
0.0020386,0.0,298.1632058103934
0.0059163,0.0,645.5986404715852
0.003187,0.0,199.8373727636051
0.0018072,0.0,82.86337368491397
0.00097604,0.0,35.79413156379059
0.0029059,0.0,661.381844956372
20.45,0.0016427,1114692.2296597725
126.66,3.2534e-05,793141.5491624341
7.5208,0.0013939,199889.55692446488
214.97,0.0,773926.7957812339
198.11,0.0027179,534974.1677459197
3.7175,4.8803e-05,319772.34026163694
0.029741,0.00025516,759106.3982811989
0.051813,0.00024058,406007.0195677589
0.00030463,7.8887e-05,1191767.3252708036
0.00016068,5.8482e-05,363667.9343660449
0.00042104,0.19722,53401.45078188942
11.627,0.0090469,407664.99767899304
1.31,0.079535,315937.6108930827
126.23,0.00012559,3153801.603823874
1136.5,0.00031079,3918765.401394659
64271.0,0.00012554,6890069.161712553
16548.0,0.0187,501151.5986553021
19490.0,0.028464,722122.5924321415
987.94,0.01614,728936.908021398
980.25,0.00074726,292986.11564756115
3121.6,0.00047836,195674.13896506597
8457.9,0.0088481,855009.1124698835
45.32,0.00018903,120089.70994628718
23574.0,0.0,6624953.97208261
2404.1,0.083723,721817.6276938885
292.86,0.01132,1432391.7263222854
3966.3,5.1547,1275119.9337358007
11385.0,16.548,1745845.9544247028
1056.8,3.3056,6899045.637623999
523.38,0.10326,1530712.125602985
158.29,0.072951,950698.0241040322
5601.4,0.10019,6849086.579483242
2944.0,0.0024379,3033365.2963408185
3.4855e-05,0.0020771,5325692.817948247
10721.0,5.0205,1301467.3736253474
841.0,1.0163e-05,824168.2431377524
4.4936e-07,1.5621e-08,629.0446301311036
1.0802e-05,0.00772,107950.4895956356
1.1697e-05,0.53271,36188.70740240434
1.2787e-05,0.15695,8740.800201608907
0.00049477,0.050901,23936.902243805893
0.0025583,0.35091,81632.3368259702
3.9883e-07,3.4026e-06,908.5154224306908
1.4009e-06,5.0784e-07,2026.0654415485242
2.4539e-06,1.1698e-05,7936.681723720011
2.7102e-07,3.1519e-06,12313.110118343284
1.5929e-06,0.020202,990.8409005192296
0.64358,0.012289,243741.27691821143
7.899e-05,0.21886,60253.48191192175
7.6064,6.6125e-05,104042.843958916
1.0088e-05,0.00036635,3543.6112601656523
7.9349e-07,6.4874e-06,3394.9298139481875
2.2653e-07,1.1489e-07,278.8035196686419
6.0361e-07,4.4924e-07,923.8820538902196
8.0373e-07,5.5706e-08,1158.9935751814123
9.563e-06,0.96389,48358.145250245136
4.938e-05,0.33541,2817074.6503009624
0.00060587,94.274,4324.9890881233405
0.00047254,95.31,8373.930370823493
1.1368e-05,6.716e-06,29609.401041400833
1.7109e-06,5.559e-08,4413.905551434087
2.4733e-07,1.0473e-08,544.6367387759833
1.1513e-06,4.7233e-08,2864.9674780947635
1.5772e-06,8.1041e-09,18.027540438536203
3.897e-06,1.9093e-08,53.66544743264068
2.6199e-06,1.3878e-08,31.994118748119618
2.3174e-06,1.2342e-08,26.708727255990237
2.5658e-06,1.0583e-08,34.03483637032294
3.4554e-06,2.6299e-08,5437.31710594332
2.5682e-06,1.0061e-08,32.91707020730356
1.812e-06,6.7154e-09,19.109047003839304
2.3733e-06,8.9391e-09,27.32951646447794
1.5698e-05,0.0098255,55.514640753510214
7.2054e-06,2.7209e-08,126.91191467193833
0.00046908,0.00059971,47.20601256469017
0.003644,4.1812e-08,148.23289375456457
4.0106e-07,1.9991e-07,16740.770615081743
7.9823e-07,2.728e-06,3550.7514549448856
1.3611e-06,5.4506e-07,5052.885548893381
6.8642e-07,1.4714e-06,4522.775793949186
4.7221e-06,4.6489e-08,2449.689034305212
3.2309,0.022524,148117.40707660376
2.6698,0.0044264,5839.445269732049
0.00072094,0.022205,12962.397464094433
0.0030787,0.48487,54058.39095956443
0.022485,0.17028,16237.46746005573
0.0052873,9.579,9542.52540545522
4.859e-05,0.034371,17635.10102608921
0.0045111,0.020132,25338.19743490965
7.4413e-05,0.0096968,286835.7925105681
4.6076,0.11196,632200.2148134043
4.0561e-05,0.041218,4769.684530987445
57.022,0.081661,879549.2896649549
3.4314e-06,5.9303e-06,30987.748262433688
0.028639,0.1346,20610.88636125813
0.0087644,0.1701,27803.115715434615
2.6884e-05,1.1133e-05,27550.970279713365
0.00033283,1.228e-07,36106.08340144479
6.27e-05,0.0015953,180979.42455536308
2.3879e-05,0.078271,1024.1043286933566
0.00039904,0.22415,453.4961993513805
5.9738e-06,1.8429e-08,1205.8693538927096
0.00089053,0.011482,4960.234963824841
0.0022984,0.029901,8519.196809943309
3.9106e-05,0.0012226,100112.05376267961
0.0002795,4.041e-06,17710.45088493945
0.00021533,0.0012204,20337.41433350788
0.00057994,0.0082547,20435.720885706625
0.0011047,0.0091716,4903.771044039408
0.00097227,0.003683,22273.09797614196
0.0026561,0.09107,4523.716266605752
0.00057745,0.031017,8649.690419410768
9.2709,0.015471,60597.30980764376
9.6405e-06,1.5206e-08,7332.617602810848
6.5508e-06,1.0558e-08,11270.70410097299
1.8443e-06,2.7248e-09,-2.978302176029903
0.16898,0.00028198,-24.94091136011122
9.8634e-06,1.5948e-08,3604.419716295318
2.1067e-05,3.4136e-08,2216.037172235276
4.6495e-05,7.625e-08,12793.394861108933
0.40101,4.4727e-05,241658.36808567302
0.057457,0.0040676,415151.3455491974
0.23063,4.1495,494889.57493829564
0.0011026,3.7235e-05,84769.48287559685
4.1474e-06,6.1893e-07,38333.57412860746
0.17702,0.00095311,63168.01982124769
0.0012041,0.00049667,22751.471713252628
0.019156,0.0020666,44486.80046028774
2.9046e-05,6.2875e-06,12308.103395597285
3.2779e-05,7.4281e-06,9905.30835246502
2.0901e-07,4.2667e-07,268.3350631096304
3.5037e-07,2.7491e-07,1266.748867552346
0.030746,0.011721,140.59839241508584
8.2036e-06,1.4522e-06,449107.80824641074
7.4746e-06,1.5843e-06,742417.7285138082
3.3968e-07,3.107e-05,6182068.576835704
7.4078e-07,2.9789e-06,1559.4526249408218
8.5581e-07,2.9489e-06,1768.3729798081845
9.0974e-07,3.3005e-06,1890.7876865458477
9.2296e-07,6.8502e-06,14216.64325960516
1.2141e-06,1.0466e-05,17031.169853039864
9.507e-08,5.3927e-06,2591.474583072509
9.1882e-06,9.6836e-07,498.35002691948335
1.9807e-07,1.4456e-05,296224.49064946716
1.623e-07,1.6499e-06,25852.229638576227
4.6096e-06,8.4514e-07,87705.9633644409
6.997e-07,9.3722e-07,2687.9455026229207
7.6872e-07,3.0041e-06,862959.6260543738
9.638e-05,1.4818e-05,1027214.497218005
1.3461e-07,4.0872e-06,21699.613542274936
3.2708e-07,6.229e-07,7252.30214807885
2.3275e-07,5.5228e-06,769842.7637776613
1.7787e-07,4.6453e-07,881215.2395169684
1.6306e-07,9.0464e-08,925917.2599809886
9.2109e-08,3.9313e-07,147394.94414181862
1.2415e-07,7.6369e-05,838613.0974005107
0.0020565,0.0073292,275301.3395401757
0.0010042,0.0012379,297598.5878882074
0.00037093,5.9013e-08,145280.97127880747
0.00047245,0.00018277,300968.73890721385
0.086148,6.3167e-10,26951.89332489044
0.0068995,0.0089371,2644961.013663264
0.00027651,5.4583e-09,75426.08490078096
0.00016643,3.117e-09,34387.03602575042
0.00010591,6.8665e-10,19537.39797576975
0.00042714,2.7106e-08,86552.89106625837
0.00055178,2.7593e-08,172991.30663000568
0.00033488,0.00058629,197180.25721822295
0.00037912,0.00017379,71255.27162422476
7763.0,0.00034455,136690.5018882258
0.0034351,0.0020556,35834.86390527616
0.00037126,3.6635e-08,219864.42656620056
0.00017288,2.6904e-09,32213.242118841383
0.00035101,7.7822e-08,470563.1240808662
51.846,0.0011687,218112.4914382345
0.051029,0.014735,71025.98559000285
0.034278,0.0021768,296756.2811709413
8.8402,0.00027017,-63310.69669096583
17.806,3.7859e-07,-20521.126047258105
3.3854e-08,2.0505e-10,244.17438611688254
2.7387e-07,2.1946e-09,5908.0775596517215
1.2446e-06,3.7597e-08,811.3099070528439
1.6877e-06,6.799e-08,26764.76558506922
2.8519e-05,1.6774e-09,1845.6754190058161
8.088e-06,3.0501e-10,694.090813279045
1.3725e-05,7.3585e-10,915.7672504173124
3.0291e-06,1.0645e-10,205.74124406532428
5.0105e-06,1.7938e-10,305.50123648092676
8.3048e-06,3.3521e-10,534.4212794281493
2.3934e-06,1.0187e-10,151.37024785485386
2.0136e-06,0.0,122.18458343251746
6.6592e-06,2.9287e-10,448.67239698089264
0.012713,0.00079482,24184.851846445654
2.0789e-05,2.0956e-09,1524.2723255769117
0.0089468,3.2897e-05,562.9096834607441
0.000219,4.2314e-09,85471.0310444334
0.037347,0.84403,183365.7313606456
0.0028927,0.04827,133510.40419417288
6588.8,0.017242,1265640.6770608393
1146.3,0.00085557,1435211.205175637
0.36231,0.69287,307420.36911966285
6.3198e-06,9.5045e-05,26569.482207230958
133.65,0.00074467,132132.722536921
958.83,0.061544,289227.75815228815
0.00030027,0.0024845,262258.16543603665
2869.1,0.00054184,146948.5247157293
391.69,0.0006657,984644.5383481989
0.00021565,5.8727e-08,199914.53299566533
14.853,1.3474e-05,383489.8218477155
2.1401,7.8724,2073073.2200991786
136.01,0.00067358,2756824.5627415297
438.32,0.0041423,640852.8630813543
1899.5,0.23257,687519.510486076
6.767e-05,0.00011909,265169.5606780829
0.26362,0.00055715,213333.67839949386
1.3349,6.185e-05,564636.0727385196
0.31238,0.043747,206831.11607922328
0.0022337,2.1749e-07,386769.03592353646
3.8706,2.9772e-05,1511712.945934672
0.00081866,1.5186e-07,141047.38459237458
0.14863,0.52465,309306.89894019713
13.157,0.60155,97769.87974266241
68.712,3.1416,130375.84144469796
0.0070076,0.00026319,117243.37399054201
0.35571,0.00035037,3613534.068572779
0.029161,1.6226e-06,473548.52235063084
123.5,0.0007881,969622.1922846573
34.739,0.00046716,744697.0792119585
1.5016,0.32169,73713.92711960532
0.67623,7.0709e-06,136936.7526576455
0.0018957,2.6943e-08,71000.134560987
0.055396,0.0001597,125347.50333368432
0.00076819,0.0,20970.923689318282
0.8866,0.0,24847.261208235133
0.1226,0.0,-3306.6061165974334
5.5281e-05,0.0,-404.5244078551446
0.013801,0.0,-2377.4473936107383
3.2792e-05,0.0,768.4302694560041
5.635e-05,0.0,87.31254035776587
0.17824,0.0,-10310.85377164102
538.31,0.013569,1936242.8422877754
53.23,0.0015325,3841824.4410595754
6468.7,0.084746,20557885.18710984
29.021,0.0,310396.0799550774
0.23229,0.009412,910722.6775778224
55.045,0.0025888,9183902.18376324
38.364,0.010111,3259012.840324427
3.7462,0.0008715,1757886.9183170765
0.017266,0.01263,292519.9741614349
0.052455,0.050908,1369734.8110985458
3.8222e-05,0.0030657,337169.7613895101
1.4558,0.011198,601379.7740796941
0.086966,0.002169,343831.62798671605
36.755,0.023067,8729647.251584977
309.74,0.018457,12015836.222726133
58312.0,0.023494,16647483.824707134
1762.6,5.0544,1351582.7352010743
579.39,1.1355,1200740.8577070145
43.604,1.5153,1109727.4229084456
436.17,0.22099,140779.57800079387
15534.0,0.24321,1068548.9847869235
349.25,0.020327,1378215.6201442166
2374.7,0.2422,214390.74280426186
461.29,0.00023086,5116298.625930687
761.13,1.117,1213060.6255266762
5540.2,0.085699,2277873.7255114536
41060.0,69.886,2036441.400009683
52170.0,0.016447,4826326.812187798
8347.0,1.8317e-05,19298050.62839369
11641.0,0.71016,4635396.8270582035
70.318,0.28268,1280739.376963984
897.61,0.051992,17932897.946652558
52.85,0.0017992,8090226.933891116
0.00023017,0.0022791,12120565.697205432
561.92,0.013306,3976152.9611812728
0.0053679,4.3937e-06,3028064.604928065
1.995e-05,3.2986e-09,438656.69308698695
0.00034071,0.0069574,182569.3853092669
0.00015966,0.00079745,3322758.8411356695
0.016851,1.6751,3716982.4806451816
0.076413,1.0531e-06,7969219.534705053
0.024055,0.00040373,7627448.6845098445
9.6594e-05,6.3786e-08,2108799.94451779
54.849,0.00059453,1022739.9345741676
1.5161e-05,0.0002222,295477.59151284606
6.3547e-05,3.2783e-08,1386339.4372412579
0.46784,4.1643e-05,385581.82303362986
913.09,0.00084809,4616006.368406161
632.85,0.0031059,2588360.2615980133
4593.9,0.00016868,10793909.06002783
23.454,0.00082042,650503.586479036
1.6408e-05,2.8666e-09,358628.90154354833
0.00015617,4.938e-07,3372426.963549896
7.1707e-05,1.6855e-07,3718173.258256458
0.00017551,0.0070958,2530774.1164606283
0.0039561,0.37773,10572640.671037009
63.841,0.00054803,4481940.94983554
1971.2,0.0056615,19375743.23449163
3.1888,2.1574e-05,4968787.7619020315
0.0030534,0.0,300802.5916434867
6.3109e-05,0.0,409337.24629434384
0.00011019,0.0,457572.12113615207
0.00012162,0.0,930276.2057093477
9.0413e-05,0.0,8947.711903471147
2.6618e-05,0.0,1407.8394666703698
7.9864e-05,0.0,5866.1376797616285
0.00013693,0.0,11131.843194159299
0.00013294,0.0,8717.955169397503
9.0161e-05,0.0,16513.563773932332
1126.7,0.0,5551.645758010104
0.00014141,0.0,9579.36376711625
0.049134,0.0,31235.78987277464
0.000872,0.0,18080.493908589728
0.0013673,0.0,7810.897747757116
2.1055,0.0,11030.834809006641
0.0,0.0,5428240.589697254
0.00035616,0.18343,3584395.2477503447
6.4127e-06,0.0016553,3092434.9150603153
0.00092048,0.51114,1429211.1901826912
3.4515e-05,0.016552,12679187.451733926
0.0054175,0.098802,4309096.311342417
11872.0,0.022662,6662949.107371386
3313.5,0.012399,3549702.9010056877
0.00083558,0.00034005,1370704.4135474272
0.0018407,0.0007213,4354834.857029484
0.0029406,0.0016118,897613.0505701335
0.28777,0.00093306,2729329.2551702918
4198.9,0.00040948,2722500.027955466
21706.0,0.0015168,11761667.68312971
7653.3,0.0039313,6620511.952361392
602.43,0.030799,4132659.4761318173
2360.7,0.0038949,25807354.98490738
136140.0,0.23801,24021132.974014387
0.036379,5.3353e-06,11612867.753758641
796.64,0.0041684,1565860.725616982
989.12,0.0026298,1685773.897550738
875.58,9.1682e-05,1397143.2224060101
0.0025979,0.0,9938481.94632711
0.0061889,0.0,9318417.47278338
0.79012,0.2336,2944341.1120123994
8.6033,1.8094,1987361.70251031
0.010732,4.9228e-09,2347902.2897988423
0.032351,6.6824e-05,1477326.1393860108
0.053818,0.00011504,2183443.3569758194
0.0015169,0.00013931,7971370.481868309
1.5338,1.9994e-06,5586317.27271601
1317.1,0.0,3107060.2398301237
833.54,0.0,2012549.4193729842
87.359,0.0,1014181.4108977343
179.87,0.0,732294.8692267513
95.569,0.0,779310.7625871641
57.642,0.0,333488.6627782018
4.042,0.0,43348.448090308244
1.7154,0.0,8412.73536981856
3.0513,0.0,51195.74816541479
2.2852,0.0,19186.419494363716
1.265,0.0,5015.60333486193
2.1919,0.0,9469.143750911184
3.6033,0.0,15846.81984206841
1.527,0.0,5934.790387140912
719.45,0.0053435,4321305.495619615
48.933,0.00082234,16930420.53067029
236.87,0.0011873,23822527.515672866
823.11,0.0,14178520.49693273
4.4166e-05,2.4027e-05,5788963.033609486
53.688,0.0071081,13888672.071137184
82.091,0.008971,10438377.093779987
195.6,0.00076245,16436498.38152961
0.0010194,0.0,10084120.244196817
0.00087479,0.0,8653620.219105558
0.0,0.0,366314.0702551495
0.0,0.0,4360209.531283176
0.0,0.0,437499.7888102016
0.0,0.0,137940833.2107209
0.0,0.0,126060709.12087315
0.02089,0.052582,137816579.93898612
56.504,0.0013323,4554962.279186858
50.422,0.0012273,3163974.2281744992
36.499,0.0013592,19947169.18245047
0.10485,0.0044734,6290815.9136491595
8.7352,0.0098397,41259243.19357802
0.029214,0.00022485,2581982.8083341233
29.229,0.00090131,2481330.894680497
0.0028167,0.0,80728618.24909252
3.2679,0.13937,8007352.460766662
21.806,0.10003,36284509.828056514
17.161,0.050349,3700807.030977242
1177.7,0.90012,30963337.02678015
506.17,0.05893,56588247.34149538
155.62,0.0048868,4725971.957707509
94.667,0.97865,8095226.598726573
0.0,0.0,58191628.20000006
21.114,0.0,44824302.83546007
26.31,0.0,23265273.084584385
0.23561,0.011609,6247593.225649641
36.114,0.0,28203019.090361793
0.00025597,0.0080259,19450597.182407115
0.00075884,0.008754,2088297.0546418221
1.259,0.21295,18520385.45275272
507.58,0.00062413,21994313.156153142
3213.4,0.051808,28614392.649887804
2.7056,0.00223,49128773.90378202
6.8025e-05,1.1491e-07,18684464.72168624
13.674,1.189e-05,8206959.35391243
0.42196,3.8029e-05,22071584.197461534
6.0598e-05,6.2426e-08,16514807.273994323
26.034,2.6376e-05,3264958.677989087
969.44,0.00053854,13543995.569854442
0.85064,0.00056214,8816734.758034365
12529.0,9.7077e-05,26747389.88012055
876.46,0.022939,2567126.6334328325
7.0965e-05,0.00013237,19484037.203933302
4.1139e-05,1.1291e-08,11106497.89356636
1.5148e-05,2.1794e-09,4080284.826838205
0.00010424,0.031576,13216481.018823931
0.00038937,0.00016409,6554885.897985874
326.67,0.0053747,21813940.424336433
67.798,0.0010059,21327626.56551955
25.774,0.43184,19419487.557671506
2.1972e-08,0.0,44256.010248604725
3.6163e-08,0.0,73089.36399531543
1.3906e-05,0.0,401912.9286599305
2.098e-08,0.0,43485.533513779345
0.00617,0.0,133986.51458432563
0.00038903,0.0,46329.12827764309
351.75,0.0,49493.99426626943
5.4493e-05,0.0,6502.9715542218355
0.00033106,0.0,40072.27371476885
0.098819,0.0,43097.08661257995
0.00032961,0.0,44262.20627285605
0.0025635,0.0,119064.87863708468
37.478,0.0,27257.015276695278
0.00027179,0.0,31948.55285467918
0.44564,0.0,56486.45157105866
1.1977,0.0,37587.61282824008
0.0,0.0,74423.45008246499
743.6,0.081648,6790168.829876036
0.011809,17.769,3989778.8403951903
0.0021632,5.0611,1608354.3014971754
0.0022292,8.627,8949863.45043141
0.0098248,3.2575,1594248.684996753
2037.3,0.065418,4984579.79083608
5176.5,0.061881,16034408.390121926
551.26,0.029124,2535043.018965437
855.26,0.001443,2248605.42396156
299.88,0.0074937,1265656.2486170519
933.09,0.50673,9269000.697997227
61.143,0.0080791,1965982.495364468
0.070351,0.00083448,385797.6408640493
0.011397,0.004333,63071250.62831661
0.26028,0.0015159,7086022.835310736
2450.5,0.00033112,7172511.061648104
311330.0,2.4406,114303351.04717153
7.4998e-06,1.0053e-06,13835162.377022104
9.0483,0.0076054,8235921.121027191
0.14789,8.9783e-06,4130805.4629018875
0.001924,0.00075777,4499874.589420441
29.104,6.5426,6968479.19111151
8.6021,0.0002962,26911434.033263933
0.021924,8.9903,4013739.642456541
0.20174,0.057011,2960144.162669775
24.017,17.23,3872062.0283280136
0.0031768,0.002214,2836658.12902175
0.001118,0.0007055,4337013.605849069
1.8411,0.020519,28291098.28860217
149.67,0.015677,7809796.115601589
111.3,0.0011134,11650738.674210174
10.222,0.00024551,7025709.742367119
0.0010499,0.00039874,383148.738550548
0.15323,0.00032311,2551227.4582842486
0.00035861,0.001597,462013.6502983121
0.001418,0.00039231,615334.0760386847
1.1536,0.00054498,5517173.223017308
4.6646,0.0022046,818877.1064214031
6.355,0.0030038,408316.96235713863
75.5,0.035688,1030588.5026508403
1271.1,0.60082,661773.499504094
463.44,0.21906,568506.3259921223
122.67,0.057984,398769.61672380945
14660.0,6.9293,2036572.6815050675
11860.0,0.0060856,12631577.776316715
111.34,0.0019254,72841356.74683544
146.76,0.0045833,142480771.35993016
40597.0,0.0,32156733.303968154
7.5539e-06,0.0006535,5974439.061131551
2.6514,0.0012443,29877536.354996566
11.605,0.0074333,39853493.27929892
10.136,0.0021909,27120309.754893918
18.689,1.3705e-06,30899028.71437275
14.126,2.9236e-06,23370214.78290774
0.0,0.0,288459.865889913
0.0,0.0,4153941.113085416
0.0,0.0,949395.2265279085
0.0,0.0,234425219.58541945
0.0,0.0,314768242.302641
0.00079008,0.00038116,218931562.6813055
0.033583,0.00036427,16252468.533075446
0.036576,0.00038879,5041823.971513345
0.016174,0.00074091,98081100.83386816
0.019114,3.9477e-05,2536171.037840376
0.0038824,0.0045016,7882645.379434432
0.002218,0.0025551,12986399.731121125
123.28,0.66817,2403282.462941892
0.017342,0.0,69777128.82147425
222.11,0.35145,24549989.318662863
1987.0,0.072232,37791056.680991255
714.98,1.3587,127504152.13289173
0.69502,0.23027,101148101.94388662
0.000222,0.024624,268549100.47096014
0.044821,0.023858,9038477.69757469
0.10133,0.52649,22087253.15212367
0.0,0.0,230748208.83000007
0.016475,0.0,155372555.98102057
633.73,0.0,83713830.66430013
535.53,3.8285,17617804.572679985
899.2,0.0,75197952.89600007
0.010989,4.662e-08,254970.3130363137
0.0029158,7.3859e-09,43102.66671706696
0.20743,0.081723,313543.13530126045
0.51417,3.5512e-06,118013.53243558298
2.3149,1.0104e-08,183227.75966477438
8571.8,0.00087876,2019171.2193552982
0.0021281,4.5942e-09,42305.2428700771
0.1826,3.6044e-06,32809.12013103759
0.021133,0.0092967,29462.26811564793
0.0046592,0.00016979,108230.08216328446
0.0028984,5.5485e-09,258290.51505711765
0.016049,0.0088446,177315.29393178705
26.05,0.00017809,135730.15224814983
26357.0,2.4893e-05,116718.07661221802
0.037331,0.0024298,51883.21037011631
0.011896,5.4821e-08,1128107.0362515403
1.0007,0.42356,241780.570212743
0.012367,4.919e-08,376851.81075287046
0.0050541,1.8492e-08,133689.26819669735
0.68569,0.00076263,98882.66734882213
1.4688,2.8874e-05,123694.09243972026
0.0099807,0.0016637,151006.8793336027
0.00038568,9.9572e-09,219617.1579642627
0.011919,0.0,5851.73380067898
0.0086621,0.0,3806.8269064985675
0.008359,0.0,3694.5619093095856
0.064514,0.0,28113.447618868388
25.063,3.4162e-09,8231.196209964419
18.135,1.6266e-09,5303.396556904805
57.306,4.9078e-09,15482.42117882733
12.092,1.3535e-09,3466.8374179291955
19.81,1.7253e-09,5374.593204860958
32.6,4.2824e-09,11781.319102807489
29.202,3.8556e-09,8203.980870761565
1.4128,1.3603e-10,369.9857844738798
5.0262,4.6731e-10,1745.0408901624305
28.713,2.3229e-06,8875.269383353585
5.2468,3.7683e-05,1554.4012133791746
25.697,0.0050072,8606.89492436013
0.0,0.0,-0.0006325374699700002
21619.0,0.0047286,3953097.6916220365
324.51,0.00020566,1234790.9880882395
23.57,0.014554,2111421.283066541
5.2711,0.001736,805790.6146950047
7151.2,0.005861,2377302.386445791
1469.5,0.010007,968090.734932621
102.45,0.0026223,455425.5899478937
0.0075713,0.29458,614534.5073369205
1.2049,24.38,1041400.8348439999
0.084129,0.00048083,648119.3659739455
852.45,0.0064746,1432726.5311372932
0.0037641,0.020037,651293.299303524
0.53583,0.31742,484984.4462859624
7651.1,0.00039033,7600773.438064911
60258.0,0.0024345,4401232.686495563
2221.7,0.00034675,5264926.247524325
224.77,0.00079935,311961.10553685256
0.00079419,7.0299e-06,61209.36954829456
61.159,0.00041489,321426.45931511617
0.005707,4.4569e-06,147309.4446975436
5.7234,0.00029701,186171.954033324
0.52404,1.3903e-06,1906237.585786799
43893.0,0.026976,5792230.816119656
0.0067942,0.00023852,862211.7743744962
0.063722,8.8985e-05,995481.2780120563
12263.0,50.574,980850.6917899416
678.55,2.7983,2003038.101148144
0.14165,0.00056981,1662843.7215042855
54.05,0.15639,64947390.22695931
11.177,0.00012901,3615429.6723018875
28.48,1.4808e-05,411657.95350341825
3.301,2.4513e-05,405007.3684189579
242.82,0.0016345,95148.33443156558
231.06,0.00014488,74545.7413587217
224.35,0.14483,90992.04865805883
633.22,0.00037497,242690.22903263848
4.6808,0.0,32983.25884058363
4.9446,0.0,18659.97266850261
5.6671,0.0,7933.328713541799
9.2424,0.0,6505.887547432702
11.105,0.0,9128.601889437128
4.2137,0.0,5654.376369193948
2.5094,0.0,2383.2368505247164
3.9424,0.0,6289.15518628365
155.1,0.0014203,996488.9920575108
2319.3,0.00086161,2265234.8327929783
20.683,0.00055844,747939.6466687013
1022.0,0.0,-188318.80308583344
5.4951e-05,0.71862,2150423.3848756845
21.737,0.010016,19542413.357960355
40.973,0.0046332,448456.7511938258
3037.8,0.008608,15905018.563388336
224.91,0.099616,332405.87644974043
407.55,0.66289,2088438.2023787803
0.0011282,0.0,503019.65967165906
1289.9,0.042289,723294.7013430502
639.0,6.971e-07,521425.25757173507
0.0,0.0,11010508.497354936
0.0,0.0,14900310.03037041
158470.0,516.75,31342466.411095187
7510.1,5.2813,689476.3152149529
2242.2,1.9199,657813.0705825546
176.2,0.087476,597877.3327562002
643.35,0.04611,339629.3997864031
38722.0,127.12,3362673.03097627
29356.0,91.054,930576.5690371888
84.572,8.8688,143664.3430414718
644.47,0.0,4313868.351300076
51831.0,253.71,33464930.45754591
36824.0,32.534,3436727.1131559885
680790.0,1843.2,57227347.24646889
1666.6,1726.4,25189836.78179657
3220.6,29.252,36395850.03079552
6455.3,1139.9,7131228.627168604
15597.0,1253.3,7015635.070854839
0.0,0.0,18831395.00000008
16.416,0.0,11706297.538523747
0.04303,0.0,30717703.18686185
1886.2,100.12,3122071.0117455977
14.08,0.0,2937621.9574418906
4.2932e-06,1.0634e-05,2368224.404462296
9.0457e-06,0.0041665,83679.95505764124
3.3663e-06,3.7455e-05,1547667.14251795
1.3982e-05,3.2747,332726.02550150023
0.0017648,4.6376e-05,2386409.519206239
0.015113,2.5421,10333369.363209022
2.996e-06,1.3034e-05,5224.930407162769
3.2614e-06,1.4662e-06,413463.51461257826
1.6469e-05,1.4739e-05,42496.62163285296
5.9404e-06,5.7633e-06,1162310.4033221612
5.891,0.0050645,1892551.1783416485
0.81934,0.25448,8245577.353431589
8.3687e-06,0.16875,104092.83965275041
88.761,0.088297,1142109.3586044465
0.0020655,146.82,662233.5747565357
9.4103e-06,3.9061e-06,109958.4342683422
4.5456e-06,1.5753e-06,10189056.045850405
6.3116e-06,6.3453e-06,108187.16804663306
6.6266e-06,1.2928e-05,4126577.466378814
1.095e-05,0.015817,541312.9957653583
0.00074418,22.657,24188.37056155222
8.3851e-06,0.00019203,3432204.9371999786
6.0656e-06,5.8806e-05,879416.4660732186
1.553e-05,1.9445e-06,365645.85987906164
3.2673e-06,5.6214e-07,905984.0536232057
1.2446e-05,1.3338e-06,-12348.288219496326
0.00058302,0.0051128,39582.69927249333
1.3171e-05,1.485e-07,306822.22585891414
0.00013179,8.0914e-07,-6209.261032004094
0.00010036,2.7333e-07,-6982.772242773772
2.6604e-06,4.2389e-08,-184609.94313971495
0.00010227,1.0801e-06,870.1631584827172
1.4615e-05,1.3517e-07,-46950.731632445924
3.1039e-05,3.8773e-07,-7146.652712385551
0.00011275,1.3504e-06,-3997.218022654162
2.015e-05,2.7416e-07,-16787.343573582657
1.4316e-05,0.0048792,-59051.29415816356
7.7798e-06,3.8914e-08,-207427.7362328325
0.039912,0.050906,-8435.618758109385
567.72,2.8097,-21136.722325156767
0.0011913,38.898,1485225.1386590821
1.4925e-05,0.20808,1122031.8892879584
1.014e-05,5.4321e-07,24675.60374645776
1.0993e-06,8.0379e-06,4056892.567201883
1.5254e-05,0.0033318,3563898.0895847594
0.00086866,57.269,458630.76289082336
0.001452,167.89,2937015.4795040404
0.00012819,2.592,618021.8893093487
0.00035566,3.9692,240703.06749619282
0.0029066,50.853,146782.59510966457
0.001052,38.927,1270069.502947357
0.00012749,4.4399e-06,164229.7858379312
4.4907e-05,1.0884,2110591.2281325455
0.0018506,0.0042723,4309117.307755336
0.053492,0.0056149,22452.2958605465
5.0914e-06,5.8294e-06,966624.7669606832
0.027339,0.48207,3180028.975963845
0.00041713,0.021027,347062.2886425281
0.00013789,3.8683,22031.694886126807
0.00058879,0.030729,-409252.2604784055
0.003518,0.0062894,8258.196514522486
0.00085635,5.4175e-07,779773.808189529
0.0027563,0.064874,3340833.2063170956
4.42e-05,6.9242e-07,49755.43456728262
0.0065076,71.541,22939.919078351835
75.318,988.56,3182708.8449362773
0.061658,0.80869,2444990.965724849
0.028959,0.37969,4780.571372639511
0.020634,4.1548,99419.43288237465
0.0051446,0.0072474,4249281.067498194
0.0045294,0.034502,499477.12739766145
0.00098504,0.00021116,722864.5622063415
0.0013582,0.45831,448121.8308928459
0.0013052,0.0080085,67852.19824706827
0.0011008,0.18421,1214154.3976831965
0.00068485,0.00023369,1138470.8891876882
22.246,0.036813,193760.50283784122
0.14342,0.00023732,340721.204471312
1.9467e-05,2.988e-08,5525511.58167026
1.336e-05,1.9575e-08,171515.33978679057
4.5132e-05,6.8654e-08,24692.279364640457
3.5632e-05,5.274e-08,9975.579285254209
3.2417e-05,4.8075e-08,12108.459772343516
0.0012712,2.0914e-06,177398.69472032925
0.0018767,0.00062108,-24120.339766754932
0.041261,0.00016385,1894143.4653557206
0.027747,0.00023257,10580814.78590822
0.032116,0.0020909,592142.455316833
4.3184e-05,1.5482e-05,78683.04643205141
0.070204,4.8649e-06,384952.57330718567
0.00057489,0.0013528,320555.810479036
9.8088e-05,0.00038903,1278659.5075293574
9.1716e-05,2.3763e-05,169639.49112271256
5.8459e-06,3.0406e-05,3296995.6711504706
3.7148e-07,6.2164e-06,343.8545163650354
2.5783e-06,2.8898e-06,-406.92578964962246
0.083618,0.026669,26124.76935441487
6.7078e-05,1.4438e-05,41063347.76097842
6.9315e-05,1.3992e-05,44266603.69605224
1.3217e-06,7.8012e-05,10401222.87471952
7.7293e-06,8.6603e-05,446646.36065347475
3.4606e-05,8.2548e-05,5648035.750903689
1.5148e-05,0.00017828,69599.86156781222
3.4319e-06,0.00020469,3824852.790316301
3.4442e-06,0.00062175,14539496.204587378
5.9371e-07,3.3113e-05,4543541.883891361
1.4295e-05,3.3811e-05,658636.2826873318
1.6631e-06,1.2846e-05,8832835.753080659
4.8216e-07,4.29e-06,14604.505656847876
8.63e-05,2.7057e-05,886346.8387291941
3.6673e-06,8.1286e-06,532569.4585443434
2.5966e-06,5.1497e-06,483746.2390372557
2.8486e-05,4.9707e-05,21711651.679446626
7.211e-07,1.7501e-05,1564586.255404743
1.0352e-06,2.5983e-06,3393314.856582632
1.0094e-06,8.3983e-05,24428105.77089166
1.1881e-06,6.3042e-06,13786938.413961226
7.1669e-07,3.342e-07,40678689.81292659
4.3995e-07,2.4787e-06,3667091.8549661585
4.6972e-07,0.00039185,5016549.66952541
1.3129e-05,2.0675e-06,1486585.1628618608
7.9472e-06,5.7851e-06,23624.6002700191
1.2458e-05,2.3195e-06,914809.0442053942
2.7972e-05,4.741e-06,71677.82120545435
0.0039479,0.00011629,1043712.7788908525
3.3334e-05,5.442e-06,76663.45939269225
1.1351e-06,1.3032e-06,1270.8677338145403
2.4004e-05,2.4703e-06,119251.7912784415
8.355e-05,3.3388e-06,411354.9351436659
3.857e-05,7.7691e-06,303075.4885918487
2.1868e-05,4.5277e-05,516038.28547499754
2.1051e-05,4.6072e-05,478271.7957817155
1.4128e-05,7.056e-05,637257.4655191009
0.0019024,10.158,268789.1942112609
0.00012641,4.3699e-05,145105.6973538063
2.5525e-05,5.8041e-06,36900.086177876794
6.1307e-05,1.0909e-05,2403035.8128318866
1.9877e-06,0.00054676,623429.7555558769
2.6856e-06,0.00043231,823616.9588631605
3.291e-05,1.3186e-05,144735.08664803347
0.00010565,1.1264,44927.31761419223
1.3767e-05,0.00027656,106872.3379868533
6.0716e-06,0.001625,22189.293715467284
0.0081921,4.2916,83257.75408961752
1.4881e-06,7.6606e-09,5189.199849892505
6.8928e-06,3.8967e-07,149494.1505614988
1.9004e-05,2.6012e-06,48952.195057757664
5.0051e-05,5.8854e-08,1515.4112696494367
1.331e-05,1.3745e-07,196.4254250978898
1.005e-05,8.3076e-08,157.11301384156823
1.0331e-05,1.0067e-07,182.9108906604346
7.7156e-06,1.7283e-07,79.47134694066843
5.7616e-05,1.2417e-08,-459.3403846454609
9.9534e-06,6.5447e-08,178.351821451061
9.0689e-06,6.3595e-08,120.51580364299511
4.4368e-05,1.1318e-07,722.0355590995933
3.6396e-05,1.7734e-07,2987.880122473702
1.6397e-05,8.8606e-08,1758.2597080898202
9.0007e-05,4.8911e-08,1300.7398968910038
0.017169,1.905e-07,-12522.736929499095
6.0213e-06,4.4769e-06,38430.209151611394
9.0406e-06,2.2736e-05,183632.77497955642
1.3836e-05,8.15e-07,38599.83212447917
1.9304e-05,3.8778e-06,103431.50540181463
2.309e-05,1.1975e-05,325354.0391352188
0.00017211,3.4849,40977.532092404275
7.7588e-06,1.9365e-05,500084.38958160434
2.6822e-05,3.2434e-06,129522.56528067705
5.6993e-05,4.9187e-06,402201.80160374317
1.3082e-05,1.4233e-06,344456.2865376386
1.5569e-05,1.4971e-05,776096.5810786415
5.7257e-05,3.369e-06,98752.72733520916
1.7068e-05,2.1677e-06,422580.83519015025
8.1329e-05,2.9487e-06,547019.6386818241
0.00037693,4.5445,294010.2342683529
4.6192e-05,4.4386e-06,163370.34613528082
0.0018469,0.010093,433200.91333036404
6.9944e-06,2.6279e-05,140647.63075258755
0.0001376,0.15593,71232.49307369304
0.00077978,0.054684,20133.929322488384
9.6988e-05,2.3274e-06,25442.520951047234
0.00048871,7.6027e-08,64242.816446685734
0.00099582,2.776e-07,928775.4867270631
7.6368e-05,9.2642e-07,58277.56737847239
7.7742e-05,4.3199e-07,20267.03287885719
5.3477e-05,4.9708e-07,210155.00221171536
0.00016374,1.426e-06,43142.870440170824
0.00020265,2.7614e-06,53479.2292884104
0.00048507,0.0035589,251636.66831885363
3.5048e-05,1.0365e-06,19409.984878359737
0.00079586,0.00018248,70609.89098284271
0.001013,0.0002204,89243.67780318951
0.00069512,1.4417e-07,22462.480220145037
0.0052171,7.0103e-07,30033.83625526135
0.00093726,1.2666e-07,37017.738687014964
0.00077143,1.5911e-07,3108.7204733375647
435.31,0.6825,4296.87630858947
8.7409e-05,1.2477e-07,92311.31457042356
4.3289e-05,6.2773e-08,42140.600349757995
6.7034e-05,8.9725e-08,11196.298382759689
2.3121e-05,2.8003e-08,11287.274592629296
2.1142e-05,2.5738e-08,8476.003844830515
9.4294e-05,1.4159e-07,2071.188148375618
1.1427e-05,1.5208e-08,17724.10264995896
0.03907,0.076815,3067723.201717738
0.0047681,0.0046187,271296.6126525478
0.027807,0.27413,408895.2401566604
0.001799,4.1651e-05,59599.28649762519
4.1709e-05,1.2356e-05,64961.60035983582
0.00069874,0.00042088,170241.63917839076
0.00099584,0.00031559,309158.83032236074
0.020104,0.10422,1486846.8228425642
0.00018712,6.4665e-05,7922806.876691459
0.00021783,3.9114e-05,9768584.631488858
5.7062e-07,9.4336e-07,1386886.743245882
2.8625e-06,2.5288e-06,16230913.566401228
1.8199e-05,2.1437e-05,407955.2219037982
6.8137e-05,2.9929e-05,10063932.776252506
5.4415e-05,2.3001e-05,13797921.799601711
5.0017e-06,0.00059317,5498208.848980011
1.3608e-05,0.0003607,1973979.8622810415
1.4388e-05,0.00015308,728484.8031725705
1.5356e-05,0.0014949,8212546.9206932355
3.1705e-06,7.4267e-05,131759.05340211646
1.1241e-05,0.00021962,341952.9225591361
1.0646e-06,6.9719e-05,1904595.0056912361
5.6551e-05,4.9008e-05,128759.32157639919
1.5951e-06,8.1117e-05,2281184.162741038
1.6032e-06,3.7386e-05,1101866.1595076215
4.5928e-05,0.00011768,4418715.081149034
3.9421e-06,3.864e-05,436333.55675345106
2.8315e-05,0.00010805,1085630.3093564478
3.5611e-07,2.3932e-06,154540.60540985924
3.4348e-06,6.6135e-05,1340057.1363532585
2.8702e-06,4.9446e-06,1502372.4722856062
3.7032e-06,2.602e-05,56081678.529884435
3.7794e-06,6.8752e-06,11545858.11219853
6.7148e-06,2.8916e-06,8258912.020487859
5.6531e-07,2.7666e-06,3333513.421996946
2.306e-06,0.002944,6316375.133221981
0.0015343,0.0,1389.1159189009516
0.004196,8.0912e-08,1726.0309357705428
0.00054835,3.5332e-08,631.4970176058738
0.0010653,1.3298e-07,1071.3041170549347
0.12264,3.0867e-09,4862.582370565589
23.258,0.00012486,84333.70837223264
0.00025243,2.6661e-10,688.8152394229721
0.001038,0.0,769.7980392711274
0.0015034,1.7895e-09,2336.1102082773705
0.00060871,1.0813e-06,863.8252345791113
4.4844,3.4088e-05,9696.93794647929
0.66759,0.00047389,25022.68246838268
0.0014482,6.6918e-09,3441.1584204585697
21.994,7.7909e-05,12055.756451356883
116.52,2.0644e-05,17612.310279343434
0.00064096,2.354e-09,4025.49560348636
0.00086103,1.656e-09,1235.7098420049601
0.00029219,6.0452e-09,2513.296781502684
0.0030415,0.011493,1314.6963779746504
0.0012852,0.00058185,2909.739983324621
0.00062483,6.6607e-06,39805.4097090816
0.0011937,0.00068351,180146.4471198152
0.00047947,3.4635e-05,60976.93328981153
0.0,0.0,-14.248365980345802
0.0,0.0,-0.1142198009747999
0.0,0.0,3.6290162361879394
0.0,0.0,-0.5012523097228003
0.0,0.0,-45.58507752759709
0.0,0.0,27.514172896189017
0.0,0.0,9.009325776873085
0.0,0.0,-127.92442434461438
0.0,0.0,-1.6320349336619282
0.0,0.0,-323.26364036311196
0.0,0.0,-204.09283341015455
0.0,0.0,2.562456367172939
0.0,0.0,-13.25864644073221
0.0,0.0,8.962951049090224
0.0,0.0,0.9761413003468273
0.0,0.0,4802.740844511071
0.0,0.0,-203.07373861267993
0.072651,0.04685,101051.87941926942
0.0059284,0.0032012,133724.59002683556
0.0093547,0.0039623,99007.32197730328
0.034466,0.010658,142195.1625635734
0.020517,0.0019312,137972.78851191647
208.89,0.040946,502005.4284935094
0.032839,0.022219,3514.735748190719
0.29611,0.14199,28117.968647321602
0.16362,0.02431,35194.624433658035
0.058037,0.0099636,43617.34750428833
0.22083,0.19001,70729.88882955782
5.4616,0.49551,110196.57988956706
0.0059248,0.0091236,44406.32917589025
2.6229,0.54614,879606.0723977316
0.00057213,3.507e-05,273146.32836859155
0.00085864,0.00026374,56429.453490341795
661.3,8.4117e-05,43857.81666936316
9.6203e-05,4.6409e-07,2246.482157519333
0.059856,0.0,13039.49443505856
0.21422,0.0,14673.39510906432
0.010516,0.0,4168.618068052097
0.0,0.0,3.5143689792050004
0.0,0.0,1026.8214074075865
0.0042916,9.574e-05,706.123197566836
0.0032241,4.7804e-05,11166.871356918566
9.5721e-05,1.3132e-10,726.0719122324357
0.082469,0.00011823,3520.103392163688
0.59453,0.00085723,2684.5270723774115
0.11191,0.0,43910.571238880584
0.0089988,1.9221e-08,7625.8314257928105
1.0485,0.0,7399.242662226456
2.0969,0.0,10128.24688367521
0.20896,0.0,5907.04089713657
0.57982,0.0,16623.875836097464
1.427,0.0,8314.574075196897
0.1118,0.0,13656.76342609013
0.097369,0.0,29345.191032228035
0.098395,0.0,1896.185848377888
0.15065,0.0,205.04839245722638
1.962e-06,0.0,1766.5831006234205
0.090942,0.0,292.2117608050274
8.537e-07,0.0,146.3904762721413
1.7632e-06,0.0,233.19757759789928
0.0019375,0.0,997.2936335776984
125.45,0.0,128456.93148868739
16.347,6.6731e-05,188496.89039334285
0.0016075,0.0,6693.949440471224
1.548,0.0,20069.70945914211
0.00010267,0.0,40687.598883218394
0.0046112,0.0,16837.822765126286
0.020641,0.0,32863.350466497424
0.0043964,0.0,316667.1139189788
0.0,0.0,2192.080148904764
0.0,0.0,163073.3036486327
0.0,0.0,39663.40089192804
0.0,0.0,35948.005612954854
0.0,0.0,43993.479524173905
0.0,0.0,1532134.13084232
0.0,0.0,3184271.4172210256
19.201,2.6164,2218012.4236025563
0.48849,0.092247,91227.02649863125
0.18796,0.032909,80371.39065974727
0.035833,0.0058841,57974.7829760645
1.2193,0.0,213598.85795994307
13.883,90.76,667710.6019230909
4.8392,1.2864,61867.0314118082
0.042546,0.0,9721.095728184851
8.2229,0.0,1099276.5223866496
0.089202,2.1935,228458.88405949256
1.8325,0.048778,209944.03009049437
1199.6,2.3832,509069.56612365926
88.288,25.201,341496.4652695346
2.6846,1.4718,4234745.285903627
23.603,51.36,449920.9260961984
64.53,6.1999,510696.0932049078
0.0,0.0,2237646.8849376687
0.00026172,0.0,2146166.9422231
0.0010168,0.0,2875910.05540438
0.25443,2.4452,554150.9997922574
187.65,0.0,580055.6862879836
0.00010808,0.0061556,25532.593220195384
0.0066801,1.4938,13012.541194059315
6.7569e-05,1.2975e-07,19980.799581436848
0.00038801,0.05226,45744.14365344574
0.0067797,6.6267e-08,93118.98450925866
19.71,0.045535,3000801.0370753813
1.4402e-05,1.4509e-08,8370.950305087019
5.3732e-05,5.658e-09,13912.212303799884
0.00013804,1.4435e-07,69863.66906868576
3.2967e-05,5.6549e-08,43818.02743339536
8.8906e-05,0.001408,350493.54984991613
135.6,0.0098381,2521120.078202273
5.6014e-05,0.00049486,15983.093417742059
11.121,1.6075e-05,123056.39318108787
4027.7,0.00015798,315480.8545253636
6.5575e-05,5.3113e-07,209688.86529237707
1.4847e-05,2.4726e-08,3879.8221554094025
0.00028465,1.9377e-06,340989.73912088963
41.737,0.00096889,24889.41255074125
9.1212e-05,0.016485,84017.54472222853
0.0035899,0.25406,204535.76627990662
0.012663,3.4937e-05,126894.47280266408
1.0909e-05,1.4712e-08,10574.745983055174
0.0059906,0.0,-465.5554354982582
0.015846,0.0,2659.1383430790224
0.22193,0.0,842.5418450691014
0.033097,0.0,10166.300439322426
0.00042775,0.0,26379.325837764394
0.00036611,0.0,6634.609317224128
3.5767e-05,0.0,479.12729668084063
0.00050173,0.0,6727.431618890516
0.00017461,0.0,2790.476833807639
0.00058431,0.0,4596.382723414667
0.00044766,0.0,6895.672915127821
0.00036982,0.0,4234.110089576094
4.722e-05,0.0,1499.424138370981
0.0031001,0.0,29576.583404826364
0.0025697,0.0,38217.82495353857
1.0448,0.0,38868.85544331823
0.0,0.0,42341.34944193938
0.0002155,0.25011,1582073.7403115768
1.1787e-06,3.1241e-08,5051.642118076394
0.059584,27.012,385125.3108606061
0.0016064,2.6284,5222269.608521093
1.6042e-05,0.0005869,1161116.3305719432
0.00056707,0.70265,61097.31283954122
0.0027955,11.723,232093.90231226129
92.766,0.00053516,232073.28556823157
2637.4,0.0007678,450891.7245875906
16.96,0.00019148,557647.7873496236
370.35,0.011175,302512.4000934945
1.8633e-05,5.6533e-08,33405.79695167558
0.0029455,3.5732,279396.5711053023
0.003487,0.52386,4163100.6404393446
11.898,0.35373,1520259.5151390475
4.185e-06,5.1808e-07,155466.85542854018
1710.5,0.011957,2038313.8081845208
0.0011798,4.7264e-06,108153.86376066375
0.0014552,1.105,41206.819814703456
0.10473,0.00014543,162723.9326789226
0.3755,2.8901e-05,541755.7588430883
0.2316,0.0069526,2827980.2432855014
0.00040946,0.00059266,3891517.3599417754
0.10197,0.31313,77771.91933071856
3.1993,0.00074591,753290.7529082134
0.0035123,1.3132e-07,224492.07479845954
0.015846,0.00037466,213209.4141890979
0.023377,0.00070941,232331.81884663113
0.12056,0.00026625,6583466.02824981
18.641,1.4247e-05,1859159.4468607234
73.279,0.001458,286807.89989403385
8.6379,0.00061343,869711.5870256122
0.003127,1.4124e-05,74096.32374410644
0.12728,1.686e-06,59034.15709216526
0.19215,0.021101,123596.19549476997
0.0040025,4.9861e-07,212111.70629738324
51.943,0.017058,158216.36808588175
10.886,0.003575,7753.218241242114
0.11122,3.6522e-05,5486.334538115159
0.027985,9.19e-06,7047.22992905736
0.0019706,6.4709e-07,4644.014369757279
0.00019135,6.2826e-08,2982.0696467482185
2.6858e-07,0.0,6074.18858276718
0.42531,0.00013967,5393.307793995692
8.5212,0.00016092,1842465.6533410025
20.848,0.00021044,4058943.1840831083
4.6389,1.7825e-05,1225618.793694647
0.45654,0.0,2607169.513368323
0.0021097,0.076648,1500014.019976187
26.425,0.0054998,14870903.501979481
6.0682,0.0013375,1256374.7681914212
68.712,0.00046498,6343571.689745576
0.0,0.0,542330.211115232
0.0,0.0,931439.4584787264
0.11683,0.0017661,1198148.3447222936
6.1663,0.0043613,1560902.7992959914
7.7941,0.0054383,1027048.3042971026
0.085005,2.3717e-05,35296976.057405405
0.09556,0.0001392,18022284.077177312
2664.4,60.384,30739184.785046123
2.7762,2.8329e-06,1350924.9458041054
13.095,2.1639e-05,5215130.127052576
3.8543,5.1227e-06,692985.7497941955
33.146,1.4789e-05,2937491.2409083764
1853.5,0.0017023,3415730.730775502
31.434,9.7824e-05,1511533.7405372062
0.12255,0.41007,223003.4448592885
1960.1,0.0025448,10105050.646765063
817.56,115.52,2554043.832850177
2.0358,0.56923,11653674.480447793
66111.0,75.575,22726447.186904456
186.24,7.5071,9246074.182649039
486.31,235.82,73881174.29892886
14185.0,227.15,19407382.95755294
692.66,46.62,4057777.3208981967
4551.8,4.2646,47128713.26706949
3.9823,0.0080851,30956675.422746357
5.4864,0.012312,34678201.25553712
10.213,5.9807,8851629.558772877
710.88,0.037611,6918196.441153661
0.00077517,0.0018655,-68655.85440857768
0.0020281,0.0081502,96179.08801353251
0.0046718,0.019521,258759.3424703246
0.0006977,0.0015635,8421.73832869781
343.76,0.033532,707882.8563017191
29.404,9.113e-05,22944390.698049355
4.5425e-05,1.8031e-09,25185.354875942136
460.33,1.5415e-05,467798.7814696888
2.6792,0.019536,80884.2254446301
0.00010705,2.8927e-09,26174.757790214375
0.0099677,0.0073337,2099865.1541311652
229.88,0.00017104,6212977.553607416
20.772,1.0922e-05,194899.54242079757
701.13,1.0965e-05,475971.57760925585
2084.9,0.00027415,663834.1246661971
0.00086152,0.0037986,279411.4487429651
6.6429e-05,3.3159e-07,35370.68710021923
0.00017724,2.4066e-08,375313.05428414815
0.00071568,0.0026301,81328.832146923
0.31849,0.00064102,664435.9095411376
6206.3,0.00077932,2016595.0536204437
0.0004149,0.0033751,682987.5441684551
0.00046876,0.0044669,637295.2990913636
9.8643e-05,0.0039188,31860.09783667309
6.5186,0.00087134,68721.47700978008
0.00020992,2.8558e-05,45581.58355540434
0.00038855,5.012e-05,931008.8826296687
4.5989,0.00024493,6971.0504336733775
0.0008209,0.0,2395.87323381729
0.0010309,1.2784e-10,3710.7509006884575
0.00065638,0.0,1833.3141042389034
0.0012528,1.4665e-10,3309.733659954825
0.0016486,2.8487e-10,9333.222545325178
0.001101,1.5702e-10,3025.465374710158
0.00115,1.5918e-10,3157.7058218525235
82.187,0.004379,14369.509777674159
0.75885,2.9141e-06,1174256.22613971
1.791,1.2729e-05,245785.05018606086
0.084478,4.4602e-06,1887.8326959876917
0.0,0.0,20182.887470325357
1003.8,0.10847,6300694.577660951
0.19556,28.892,1387742.737249478
18479.0,0.088247,7189918.518456846
213.3,1.0977,5441878.907649234
24103.0,0.0033799,3735622.829193313
803.41,0.018793,1773636.339448091
7599.2,0.0064972,2667866.2285059066
11401.0,0.0029187,8417584.931844078
699.31,0.010049,1472698.9544313056
1791.7,0.0043089,437343.8627166802
1469.4,0.0015085,2946190.2714646445
80.157,0.0009759,1031670.6259009026
2974.0,0.00066447,1355941.614664826
941.06,0.0020863,37192540.136035964
7369.3,0.00392,35696396.63354382
102.44,0.016695,1333743.650888487
159170.0,0.68657,35931612.39980283
620.44,0.014463,26915579.75670237
287.48,0.00070737,4868667.199090698
1847.9,0.028803,6641947.824628315
7.3588,0.0044729,2006330.5778654327
0.023881,0.00016831,1320605.3760807775
1540.4,1.9311e-05,15438177.728204375
25.015,0.38955,1426196.950156139
35.477,0.012164,3101174.3170668115
0.0013369,0.00022399,574856.4516422534
0.007959,0.0016357,598520.8824868841
0.0048944,0.00092875,956063.0156749334
5.6673,0.02804,20847065.69922524
64.856,0.014847,4638774.846426922
2121.0,0.02927,6150962.744287155
940.33,0.012553,5819453.675617025
469.33,0.0012335,1480228.8419304946
383.67,0.0018602,682708.1420280589
200.56,0.0046022,1901172.9888379863
11.619,0.00087762,1537159.861589535
0.18461,0.0,319960.84688346955
0.085729,0.0,99508.73914957508
0.1269,0.0,13210.499113079106
0.4692,0.0,107152.0914850615
0.12422,0.0,22932.5571331532
243.25,0.0,7300.795243456871
1.3784,0.0,8638.269325187523
142.33,0.0,90454.71829518884
306370.0,0.078314,24077060.335881233
7567.3,0.10086,83591714.70466639
1255.0,0.011425,48336540.43837863
48985.0,0.0,26523223.19606207
1.0751,0.00018618,16132592.633173753
2696.3,0.024983,18270861.69891451
798.31,0.046231,20515887.824998274
1859.6,0.0077281,31316057.61627225
0.0036846,0.00023718,419295.1916587819
0.01455,0.0014164,21171613.505684514
0.0023231,0.0227,2249938.0600961884
0.00020868,0.00016415,11248656.813223818
0.0070459,0.00018012,648654.8171174837
3.2443,5.5457e-05,86959610.03599958
24.656,0.00015315,101094340.05727826
1616.2,0.1132,230723364.31457832
15627.0,0.019319,12369592.967633024
5383.4,0.016319,13162700.076430524
976.91,0.25711,11669988.464438876
5.7006,0.00064727,3757764.062654596
1872.5,0.0009352,3611518.803669196
21.964,0.0025524,21777999.691120382
849.71,0.00078075,1086036.5046054462
3627.0,0.0,89129910.44967283
323.2,0.2557,13873908.53224479
4837.8,0.23191,22161532.178262785
42817.0,0.0014888,34159507.68911727
15744.0,0.06387,49823069.17236969
149.56,2.6838e-05,284739343.68893933
1626.3,0.20425,56925844.26703831
56.699,0.3808,16733449.04008689
1230.9,0.0067346,148926747.28107885
449.02,0.00020203,67905275.7312841
1388.4,0.00017374,172960763.03328365
1781.2,0.27232,24534604.08362333
0.00056795,7.3779e-07,55186233.59627842
0.030494,0.0010826,4208.731678031236
1.3917,0.0055005,5728.502049777199
0.2882,0.0087126,5429.945758438751
0.26949,0.0039127,7185.141401866069
15.997,0.14451,6141.122202263617
0.099886,0.015633,425750.44221220026
5.5253e-06,0.00010993,8269.289805389584
1.0671,0.013644,9411.384218766721
5.6209e-06,0.0090051,8287.456144013702
0.22345,0.39979,17090.39288896617
0.43603,0.016444,3262.1650563807257
0.2715,0.043348,167378.57733256122
46.865,0.029501,103252.45164962091
11600.0,0.11186,198411.78116538882
0.071367,0.047882,33072.01928125849
2.3815,0.1455,37412.00553933107
8.0128e-05,15.371,5633.879470678178
4.6991e-05,5.5363,4180.410411528725
0.12448,0.021367,9227.368966120066
6.4726e-06,0.0036307,9993.714014874016
0.00062457,0.045588,16568.73991353425
0.0043169,0.48731,20905.41660759171
39.858,3.4199,26735.343721213925
1.9954e-05,3.3777e-05,73236.81719577551
0.00067568,0.9865,24993.1742557687
0.0036182,0.028488,21474.925447561247
1.1539e-05,5.2547e-06,30328.67178596031
0.0076689,0.008524,365.81460620766927
6.9661e-06,5.408e-08,-113.03977660183043
0.0021099,0.0023375,4010.9066804764975
7.6971e-06,5.1554e-08,-93.60624317455859
8.805e-06,5.3498e-08,-77.43453867202753
4.457e-06,1.2179e-08,803.9431625161117
8.0907e-06,1.3476e-07,83.28068556418611
8.4777e-06,1.1439e-07,86.2141176739153
8.5136e-06,2.8778e-08,-209.14581888999564
6.6326e-06,0.00032753,6.186460499525895
0.0013344,0.7973,162.4418662447652
2.3849e-05,1.7284e-05,-15.791263284153528
2.0989,0.0090336,-956.3355697253509
179.45,0.0014024,10650.270466892973
0.00030342,1.263,4128.049204588229
15.759,0.0066337,9000.199131035497
15.72,0.006352,116780.12083796013
983.96,0.0031231,29386.885340053555
164.88,0.0016085,10573.067917477558
94.114,0.013882,17272.179623055137
43.726,0.0087041,49024.76622362131
0.10485,0.01154,53336.621448852864
0.0063359,0.014563,17821.9169119121
6.3965,0.003972,131300.31304788118
0.60385,0.00021409,8458.047508764499
8.1767,0.0018199,14241.789229946186
0.51633,0.00054658,152200.78536097365
0.025055,0.01094,67412.0797986394
154.38,0.0012716,78515.89230794762
202.52,0.063791,153360.84836296222
0.00041793,9.3301e-06,137092.96030941678
0.00045994,0.0057194,9599.649392297993
0.00030368,2.9167e-05,11201.676704800042
0.00051216,5.0484e-06,16236.992493672638
0.0049393,0.00061511,31354.066761177866
0.055253,1.8234e-05,3798.113597201704
4.301e-05,8.0075e-05,7012.307446370395
0.00023077,6.4419e-05,11268.126344897943
0.00011426,0.00056038,17433.21073302395
0.00082325,0.008703,32163.941801670833
7.5452e-05,0.00010853,19232.043785685684
0.00059723,0.00020614,30778.143209531863
0.0018762,2.9712e-06,14884.057927983851
0.0016805,5.8756e-05,11673.826665469891
0.00041213,4.0049e-05,6635.282830575396
0.0032205,0.0010303,19023.123606471996
0.003431,0.00014891,5216.612902991964
0.0022159,0.00011286,8899.997742834219
0.0019762,0.00077196,4761.116476282508
0.065541,9.4441e-05,-1776.80555597025
0.044462,6.4067e-05,2142.345871106496
0.010266,1.4793e-05,30640.86658947531
12.649,0.018227,2677.402302130627
0.011301,1.6284e-05,43308.89127015359
27.82,0.040089,1759.5875047131626
50.291,0.072469,2066.1367964409474
5.434,0.0078304,3861.942483418856
0.44729,1.7756e-05,49149.54156324462
0.2409,1.0081e-05,106403.89473661316
2.0503,0.00011602,183308.8758322958
0.00066317,4.293e-07,23515.32958652466
1.5788e-05,1.1964e-06,22848.841906263995
3.9243,2.8633e-06,39855.43178041153
0.0013047,0.00012841,58842.447902874264
0.4955,0.00019951,157627.2338676465
5.1512e-05,0.0018705,341899.71943668806
2.1666e-05,0.00012255,274519.4524614833
6.2078e-07,2.1812e-05,36747.659916731856
1.5007e-06,1.126e-06,26990.473127744553
0.00040294,2.35e-05,2807.8921839466843
2.9257e-05,5.4633e-06,1037337.8656201832
2.8897e-05,6.0348e-06,1562071.8321593816
1.1145e-06,2.9765e-05,500247.1750535806
5.8977e-06,0.00037159,644170.7740904979
6.5066e-06,4.7715e-05,15079.614312920095
5.9968e-06,4.9778e-05,15816.214120481845
6.921e-06,8.6537e-05,119236.38091393771
4.9316e-06,0.00036332,254996.11399848276
9.3322e-07,4.1994e-05,426330.2938061345
1.5752e-05,1.0167e-05,2543.54739258744
3.2874e-07,7.1833e-06,57609.2752122124
9.2446e-07,1.2888e-05,41750.092503767606
7.9874e-06,1.8385e-05,622116.6202367453
2.1089e-06,8.2971e-06,36911.03770906613
9.5142e-07,1.0079e-05,331393.95761596964
1.7369e-05,8.8065e-05,2430836.1110669607
6.0905e-07,2.9571e-05,55805.41237477702
9.3633e-07,2.7264e-06,20795.44715779785
6.1411e-07,2.3899e-05,1548581.3098468606
7.5444e-07,3.0128e-06,1479017.6496993182
8.6574e-07,3.315e-07,789224.2742849162
4.0774e-07,2.5943e-06,213338.72990170555
3.7078e-07,0.00033257,406518.441336517
0.00024526,1.3552e-07,34261.479736410416
0.00020569,1.1478e-07,13931.511714667913
1.59e-05,1.2517e-08,3167.899541206319
0.00012519,8.1751e-08,17179.412988623084
0.047977,5.2307e-07,215449.7797629519
0.00043246,0.01607,1656466.7204314528
5.9078e-05,2.8454e-08,9559.965968160903
5.1066e-05,2.2545e-08,16924.134811064447
3.7985e-05,5.9795e-09,4137.037933146764
1.0421e-05,1.6232e-08,34313.63557969365
0.00012638,2.7102e-07,73879.06987916067
4.1179e-05,0.0021714,274734.5004642261
0.00019683,5.8113e-07,95942.64062302238
0.00049587,0.00024031,93668.81141009992
1.7718e-05,8.7982e-09,387185.37288874615
0.00015498,4.8009e-07,29314.684732964062
7.777e-05,2.5046e-07,22267.342543239494
1.8444e-05,9.4616e-07,22892.27556556009
7.7641e-05,1.0788e-06,133883.97001553143
3.2201e-05,2.2807e-08,4350.917234849759
6.0221e-05,5.1589e-08,13727.832889963693
4.1373e-05,0.0,4685.576650570404
0.00017671,0.0,1455.4077741682352
0.0052153,0.0,3936.0144628541884
0.0054367,0.0,54623.18177099988
0.0048409,0.0,921.3911790024063
0.01088,0.0,220546.0741842603
0.0009304,0.0,68.58766834248816
7.631e-05,0.0,138.9911965699087
0.00015967,0.0,9527.976175256552
0.0003362,0.0,-22.167678013071185
8.9056e-05,0.0,787.6573623638473
9.7419e-05,0.0,-0.9807349711210667
0.00019555,0.0,246.2761023175004
0.00014245,0.0,-77.06564545922839
0.0001557,0.0,2201.1548672791537
8.0138e-05,0.0,487.6230377507285
0.00088038,0.0,983.3253865841102
0.00015173,0.0,744.6527285354543
0.0,0.0,617.1627439762174
3.1777e-05,6.7984e-07,305585.6863993061
5.7e-05,1.1858e-06,534110.2804012777
0.0025085,0.066638,57942.81176241274
1.7765e-05,1.5907e-06,1104170.6976614664
0.0095992,0.065541,415258.5705108817
4.1571e-05,4.5897e-07,19055.907926946296
0.0017595,2.0055,138908.65508595022
0.0015779,0.24487,319117.60557174333
0.056591,1.0169,151940.98775114855
0.0016686,0.13179,128751.07506497117
0.00026702,0.043559,188834.8944172846
0.0013178,1.5984e-06,152733.4145307989
0.00026794,0.0063433,138812.8520136361
0.0016448,0.038416,891869.8249985536
0.0005777,0.081104,241077.58168575665
0.13264,3.6852,799468.385067886
0.17997,0.040228,2466388.964824484
8.1362e-05,0.0001347,509847.3394414862
0.028742,0.0016658,36871.60885618415
0.025442,0.00059574,360319.69842842827
0.039546,3.6532e-05,226374.81146686868
0.30809,5.8975e-09,505402.99167366995
0.15344,5.9967e-10,1197245.4006718392
0.0015122,8.6998e-08,85151.5721353729
0.02438,0.68755,188436.12537117754
0.0011093,1.0997e-07,25943.25255528583
0.0016336,3.2933e-05,17467.373818039094
0.0014031,3.2491e-05,18170.455811588206
0.1051,0.090242,1113056.0555800938
0.001535,2.4098e-07,266343.93997495336
0.061986,0.00048076,27801.397752393783
0.031976,6.6286e-05,339932.91145954415
8.3431,0.21481,14043.441772989014
1.5658,0.020979,57637.93414301443
0.51353,4.0427e-08,277281.48388127884
0.50539,3.3891e-05,136458.3484923856
0.00020051,9.7907e-08,15719.315763047456
1.7702e-06,7.1717e-10,5236.838710700999
4.5131,0.0022074,3020.9846277384977
8.8977e-06,3.7542e-09,1532.5606807469435
3.7367e-06,1.4605e-09,1428.7992767853116
9.2762e-07,3.6315e-10,9116.35132344022
1.1151e-06,4.1332e-10,7190.478526350823
1.0329e-06,4.6561e-10,16732.39377182667
0.0092107,0.091548,604524.8326469902
0.010147,7.528e-05,144106.5942537519
0.15281,4.3123e-06,150628.68195016397
0.0056925,0.0,48408.23701343318
0.0008643,2.3302e-05,29172.063846579553
0.00012691,0.00063672,44750.290888051895
0.0014172,0.00084031,305818.37363249896
1.5008,0.004183,206535.13318833217
43.47,0.065273,1192327.7931941608
7.5702,0.0086353,62392.85668446012
0.0,0.0,268814.6885251236
0.0,0.0,12655.419100219326
0.0,0.0,30893.701941519535
11.0,0.012091,2011157.8940639847
11.579,0.013953,2342683.2224003407
0.011076,0.00028075,2997656.5996777965
13.688,0.21656,784625.6380760391
25.33,0.26435,350818.2782989264
9.6015,0.17657,313802.1990710958
0.0013735,0.0027862,73333.48507404698
1530.0,2.9078,911153.7898928213
35.344,0.01247,44713.517343519634
2.0332,0.004041,2265.1895820746668
1.4194,2.1675e-05,1330442.7433981504
68.29,0.002457,280856.2510986894
93.315,0.021948,1646910.7453375736
55.801,2.4324e-05,262849.7207584867
0.024245,0.011969,1920442.6322546354
0.016665,0.045551,7789899.846078635
8.2225e-06,0.00010568,226877.73323119897
0.025157,0.0053952,279637.29930071207
0.0,0.0,6077744.402394474
3.2766,2.4065e-05,4425142.153557147
1147.4,7.3535e-05,2286275.6895222426
1.277,0.50977,397851.5580379869
38.967,0.0,1133424.8466037186
0.00077951,3.9803e-09,2367.2736839835547
0.0018438,9.4774e-05,2381.473308629524
0.0018209,0.00037709,9457.261440036602
74.443,1.3596e-05,11228.172930184519
1028.6,0.00036317,4691517.216279109
1.941,2.2836e-05,18190927.241648983
0.0013706,7.0048e-09,6019.89048445099
0.00081164,5.8027e-09,9011.113986641287
0.042581,0.0087286,109899.01624438072
0.0014486,9.5614e-09,503504.9955166322
0.0013583,4.4127e-05,995030.2300303532
632.56,0.00018782,3109871.982393918
4.0072,0.0022099,406746.59281883616
7564.3,4.6483e-05,1964082.0708234722
0.88557,0.01009,4963524.253184684
0.0005854,4.9559e-09,651519.6702584173
0.00078547,6.9464e-09,1961.6968936847863
0.00042119,9.401e-10,-5032.301490840268
0.00036276,3.4767e-09,10629.471774276592
16.955,0.00032872,129863.27668215099
561.54,0.054965,5978028.642837796
0.23833,0.015661,1587047.0825811569
0.0070943,0.01455,2222547.263280989
0.089678,0.048521,4112.4993275023235
6.9098e-05,1.5802e-06,310.5513963807647
4.0044e-05,0.0,299.41506755154853
0.00066404,3.3292e-07,22.127189340178877
5.507e-05,0.0,137.63979871056193
2.3062e-05,0.0,7.400143825832301
1.1983e-05,0.0,4.7943449628379025
2.1982e-06,0.0,1.13801312549642
3.1133e-06,0.0,1.6671802782731096
7.5171e-06,0.0,3.7711985678923434
1.7058e-05,0.0,5.634028881373095
4.5442e-05,0.0,17.58204361821548
1.3366e-05,0.0,9.875077219787087
0.00058675,0.0,653.0233133157119
0.00028018,0.0,104.86994162410532
0.04638,0.0,71.36908586128808
0.0,0.0,60099.76016448015
0.022386,0.22687,9723253.615042334
0.00033947,2.3597e-08,436284.12480700895
0.0093257,0.093321,6072487.921320257
0.013753,0.20625,13094885.042955797
0.035238,0.0355,4113983.379181203
41144.0,0.010867,7584709.501647347
86.569,0.0063857,2933634.681172791
17.083,0.00041241,1313018.2381623106
0.48973,0.57341,2018944.9021738744
0.016232,0.00014427,2131257.770849655
1.8759,2.2085,10358068.152612386
0.30173,0.32301,3878761.862862033
0.0073899,0.030523,2322186.568416171
0.00044217,0.00016967,27344185.17315247
0.0033075,0.00086777,31226871.79314588
2139.9,0.00015128,3969739.6494595716
2258.4,0.015333,12556780.266922155
3.416e-05,1.2826e-07,250664.0769743072
0.41545,9.7113e-05,400238.70785815443
4.1995,0.00021635,1114678.6608455551
0.026152,0.00010756,1353003.6085622304
0.016191,0.0,726405.0282015218
0.097084,0.0,31266499.307525236
0.16024,0.016978,391202.66754527803
3.4953,0.60797,2360462.2809609696
0.0096288,4.2124e-06,875088.6550071718
0.014997,6.4091e-05,448191.8027725929
0.093884,0.00080546,741371.6787909361
11.591,0.025423,22108977.849852774
22.813,0.00016661,6286502.1579297185
128.71,0.0,3595310.3805891788
2.8364,0.0,6257337.737943748
0.016818,0.0,62434.66405477734
9.0622,0.0,582148.8055408535
0.94151,0.0,986947.8446941088
0.016836,0.0,109164.08374595767
0.20332,0.0,456135.35802806536
0.67312,0.0,202918.84652357976
0.45825,0.0,103728.13894389404
9.3895,0.0,141232.52067100984
137.85,0.0,148181.344918586
2.0194,0.0,140121.02584133612
3.7052,0.0,242018.46985755404
0.88693,0.0,484575.4713564036
780.22,0.0035934,5166527.43438481
4742.6,0.0057207,154665306.93827432
82844.0,0.14751,191273866.7830586
11028.0,0.0,26782725.98569878
3.3648,0.0001974,1519894.5247207156
1462.8,0.18757,102580324.6778138
409.48,0.57138,49107372.05013509
12.216,0.00026796,80163385.66571549
0.0,0.0,25827210.287971754
0.0,0.0,32712607.76523905
0.0,0.0,7695140.089004033
0.0,0.0,7785150.000000039
0.0,0.0,28067506.541800123
0.0,0.0,239030000.00094882
0.0,0.0,282700000.00102776
30731.0,300.93,352210172.15294254
0.069165,0.00011487,6389429.401925593
0.053558,0.0003754,43265194.72023252
0.087168,9.9304e-05,4324111.260809912
651.01,0.21018,12075739.9646851
378.06,0.90265,10361812.183528608
92.054,0.30934,22510316.193643842
2.669,9.6825e-06,810221.2325846787
0.0043277,0.0,142212728.21102247
28882.0,325.28,41179250.538835734
16173.0,2.6575,85143324.86799201
32480.0,204.82,78894988.63103582
1583300.0,5147.4,136032951.9573187
79489.0,808.74,626911980.7231907
78.372,1045.4,86550530.05097567
19707.0,1541.8,16935881.140789974
0.0,0.0,341768800.00000006
17.408,0.0,172856845.45419005
3.0563,0.0,512184096.80304813
1467.3,10.74,42743823.80735668
31.052,0.0,58607710.58329201
859.08,0.045017,1614139.029765876
0.0002671,1.1651e-07,15779.895321502112
0.00065691,0.043653,21401.912502966938
0.00036286,1.1242e-05,310752.41260202846
0.88447,1.864e-06,322041.14417698554
0.00044209,1.2361e-06,4183590.0100203543
0.00043719,2.7437e-07,52224.00461173121
0.0006201,2.8282e-07,32522.875738262825
0.00075828,4.2777e-07,75945.112697591
0.00059244,2.6749e-07,1125009.358741118
0.00091267,1.9096e-07,126896.20654261886
0.00023017,0.0034515,249161.89880116028
0.00022148,2.2244e-06,1267215.5011286007
0.10602,0.77413,110938.42120748218
0.0016847,2.3577e-07,1204983.237288275
0.00052417,5.451e-07,200491.49671963142
1.9694e-05,1.3451e-08,207.98915100570727
0.00048465,6.7527e-07,948613.0372455977
0.0011476,5.5317e-06,1461827.196028668
0.00080168,5.1327e-07,56011.594360104515
0.00064169,9.0446e-07,80794.48814579661
4.5325e-05,0.0,914053.4478149305
7.3468e-05,0.0,145687.4171087734
1.9416e-06,0.0,400768.67215661047
3.5702e-07,0.0,92910.32899742575
0.00015051,0.0,1170603.4426055525
0.00053811,0.0,2078411.799743731
0.0025707,3.2354e-10,90137.04792606829
0.002231,2.3036e-10,3606.174819956374
0.0014974,1.547e-10,26154.81128328235
0.002137,1.8458e-10,8640.452531347963
0.0020756,2.6839e-10,2907.01876292425
0.00096059,1.0916e-10,30494.44661275225
0.0059598,5.8958e-10,179595.15331001452
0.016003,1.4298e-09,13492.423475178888
18.201,0.00016275,10696.098122494512
0.0019941,1.9917e-10,13005.811258871856
0.074262,0.0018476,16353.898862511238
0.0024918,3.0832e-10,6108.254949156112
0.00021156,2.8701e-09,9267.719111664133
1.0177e-05,4.8523e-07,1860799.0195014484
1.9777e-05,5.7309e-07,524950.8466956548
9.4614e-05,1.2978e-05,1736052.2421274476
3.7074e-06,1.8118e-07,501278.52332734014
3.5943e-05,4.0351e-07,1371605.5562034398
24.564,0.00034019,31580.191709885927
0.00023454,0.34723,1560898.8562718828
2.5458e-05,1.6043e-06,54898.75931482829
0.00012713,7.3627e-07,54395.84908539283
3.4325e-06,1.7913e-07,398762.049133771
2.7258e-05,3.2814e-06,293622.9342192423
0.00017184,2.2317e-06,138927.4097868553
2.0301e-06,1.2072e-07,82522.76372938817
0.062342,3.2921,4219554.591716468
1.9826e-06,1.4669e-07,1606347.7007654773
2.4407e-05,5.2522e-07,539461.7546153548
4.0511e-05,3.6228e-06,409790.78706242656
1.4296e-05,1.1871e-06,23612.06946170192
0.0014485,0.00077339,11857.964734112165
0.0013377,0.00059944,9369.922463042316
0.0053312,0.00082079,18901.375356695935
0.00090795,0.0,401203.0919863808
0.011298,0.0,353750.08783014095
0.0014421,0.02118,8179.515888642284
0.0016235,1.1232e-07,32450.897791447675
0.0043612,2.028e-07,228380.58592900532
0.014087,0.00039268,31868.653580029153
0.00068491,3.3511e-08,17603.13656296892
0.00026483,0.0016461,164332.49576892576
0.00016077,3.9624e-08,17274.56021701849
0.49202,0.0,66774.72557656467
0.022749,0.0,47215.559915794256
0.035156,1.4567e-08,147139.03747946798
0.014145,2.4636e-05,23793.19582530034
0.013788,3.9423e-09,81738.94167578446
0.0086801,2.1049e-09,90741.10478383831
0.31805,0.0,220821.37684447088
0.00017642,0.0,45513.5533815214
2.3626e-06,0.0,159464.33077733382
1.0553e-06,0.0,94102.74159070123
0.00011145,0.0,37755.83956309862
0.34882,0.0,193634.3686462996
7.6121e-07,0.0,44581.185947478865
3.1497,0.0,322283.94797864853
0.010588,0.03221,212425.9934083194
0.13847,8.7199e-05,633206.4183380165
0.0068703,0.013604,1188288.6297112997
18.889,0.0,711082.6786627694
5.6928e-06,3.8772e-07,159007.8191099707
0.099326,0.00087236,165195.11895388874
0.00036314,0.0066848,697139.6155473045
0.000382,0.0004645,439332.21944581094
0.029469,4.4815e-08,114574.39180394288
0.0082239,1.2709e-07,221365.59259533425
0.0,0.0,102378.68394856437
0.0,0.0,250.35621459919423
0.0,0.0,268.27013891255916
8.6346,0.019532,12338237.908654239
11.94,0.026018,18679713.56528884
0.011177,0.00026494,22033610.466280848
0.039583,0.0099804,1548128.8052803949
0.043513,0.0068224,762065.842910553
0.034564,0.012625,2190532.038268551
0.00024492,5.1236e-06,75608.64671732561
0.011175,0.00027406,522123.2005432166
6.3565e-05,0.00062001,543492.1418103933
0.8791,0.0013493,36917.27751016909
0.016484,0.0,2529293.401955687
0.0024066,0.0030274,276293.6884112111
17.931,0.029802,2339612.7634570654
0.13665,5.326e-05,578901.5262607817
0.0007199,2.7126e-05,806115.8212817082
0.0014975,0.80831,26563240.36056557
0.00046904,0.0013449,5447546.131688913
0.20601,0.026846,852467.5153675531
8.6248e-05,0.00040904,16298947.948112896
0.00018559,0.0,19330650.090068743
0.00024813,6.7972e-05,27950131.444809332
0.00021517,0.00023349,4325782.228605657
0.00029081,0.0,14652489.059196517
1.9601e-05,3.2658e-05,260266.0429810915
8.8359e-06,4.1837e-05,1083654.2440381842
5.0038e-06,1.5579e-05,21351.132421128477
1.3042e-05,2.6896e-05,92544.88709164757
0.0036062,2.5774e-05,656264.7428550437
0.031978,0.29277,4852757.956173064
6.3067e-06,2.0675e-05,10097.42815779865
9.4795,0.018181,50507.52023647061
0.00034197,38.798,41360.320994938396
1.639e-06,5.2592e-05,895030.2393398765
5.7301e-06,2.4764e-07,9111.60420259096
0.00020647,1.656,1204793.558454695
0.0003326,38.705,799984.1177005933
186.94,0.13911,227556.32483931136
0.00048235,6.1254,775646.7995123984
7.9574e-06,2.884e-05,473296.1422702242
2.1474e-05,2.1609e-06,95961.23486019002
1.1028e-06,5.304e-05,7989845.412854701
4.6363e-06,0.033697,245260.54274797247
4.0935e-06,0.016506,85949.70381927944
7.6791e-05,0.7102,9072.128999636427
7.7124e-06,0.032674,756357.8816576117
1.0646e-05,0.0001705,62600.890114592585
1.5361e-05,3.6941e-07,39615.22046717502
2.5649e-05,7.0248e-07,71013.2011377534
4.9606e-06,1.3705e-07,96102.10433402727
2.7816e-05,9.7286e-07,72144.1369479923
0.003409,0.0033591,10357.916326266599
1.5677e-05,9.2939e-08,347.29558312166563
1.3171e-05,1.0389e-07,191.205105655168
3.3459e-05,1.3617e-07,776.4576525270476
3.4329e-05,2.216e-07,2191.1747363212803
2.4667e-05,3.3015e-08,1416.7223882569601
1.5946e-05,1.3495e-07,231.9795800772988
8.8228e-05,2.3628e-07,3916.731105769866
2.0626e-05,1.2929e-07,29567.82942995591
1.8775e-05,0.00070381,312.66715332953913
2.493e-05,7.2442e-08,1171.1209870607404
0.58961,0.6166,4220.668568225955
117.66,0.47691,118684.03578204825
0.016375,0.014657,961098.5215011976
1.1839e-05,0.063187,237949.20405610025
6.9735e-06,2.0815e-06,77849.63896189537
8.6677e-07,3.3784e-06,247624.72778747935
1.1317e-05,0.0019356,605346.7085153199
0.016209,0.00086667,56780.58029728334
0.0046564,324.11,1687338.6098469773
4.1246e-05,0.053818,93868.02941113188
2.2751e-05,0.019864,80149.65014745462
9.6619e-06,0.0047344,139923.01528599157
0.0043769,79.416,207909.7390274868
3.7336e-05,2.7492e-06,80949.64741965322
0.0042629,40.87,18760.288073802083
4.9045e-06,0.0016494,2842546.5036944402
0.00042002,4.7735,1880990.860781593
0.00073652,5.0672,477948.45672477933
0.024182,0.00095804,1026272.291166104
3.8221e-06,1.9276e-05,277469.4518117536
4.1795e-05,0.0012734,6528.53058459139
0.0031246,0.10589,4582.450972009459
0.00010568,1.907e-06,124803.92616837489
0.00027808,3.1494e-08,28612.684668467027
0.00059599,0.00067097,590422.4063136063
2.1866e-05,8.0628e-08,4693.167136943623
0.00019765,7.5527e-07,71236.07228632763
4.123e-05,1.627e-07,22649.283447058628
3.9424e-05,3.7864e-07,9732.6575672896
0.00076632,0.007831,9264.748227463111
0.13751,8.6777,173002.9214541362
7.2162e-05,2.4706e-06,17713.569749301954
0.00081787,0.00094802,13234.19979057404
0.011524,0.15524,17526.651321200963
0.0017252,2.9965e-07,8116.640940260182
0.0037655,0.62829,41811.272233634045
0.0014887,0.0005479,10483.147836756729
0.00083057,0.086409,1223.460668705463
6.3279,0.0085753,12375.49112671799
43.217,0.058566,19053.862237710833
4.2691e-05,5.0614e-08,3629.3693564483965
1.8639e-05,2.274e-08,2599.9484284023456
5.5691e-05,6.6884e-08,3487.983632800034
1.1841e-05,1.285e-08,1575.1238844975173
4.3241e-05,4.9847e-08,1577.625405147132
2.8302e-05,3.0835e-08,12188.080927115901
0.0005004,0.00026802,1408476.8899149385
0.014719,0.0095839,162531.95432180798
0.0031272,0.00011203,359675.4310688603
0.082101,0.0023763,129787.71261353955
9.8617e-06,1.1168e-06,14686.510068588277
0.02519,0.002899,175510.45259802847
0.041846,0.35407,218702.19087619148
0.00062706,0.00034463,595195.0336205136
0.00010054,2.2691e-05,81662.54730737534
3.4538e-05,2.6252e-05,159497.9775217628
5.6117e-07,2.657e-06,4282.093436901946
7.3231e-07,5.077e-07,99506.91330724071
1.0251e-05,4.7504e-06,6260.506890823871
8.2598e-05,4.9377e-06,6771356.85616567
6.6934e-05,3.8749e-06,8262434.676316134
9.8849e-07,1.2307e-05,191501.83925788794
1.8439e-05,0.00013086,1308235.75844702
3.0033e-05,3.0002e-05,196990.74414688552
8.9548e-06,0.00023051,6435188.886011259
5.6674e-06,1.7317e-05,114078.7495409712
9.2451e-06,3.6905e-05,177806.9383110268
1.0536e-06,1.4863e-05,209306.61154421844
3.6464e-05,4.9075e-06,24722.62867347159
1.32e-06,5.9353e-06,490339.06770102854
8.0274e-07,9.4633e-07,1666579.8783886724
0.00017714,4.0312e-06,1565631.514513119
2.0289e-06,1.0715e-05,4754352.969669056
4.7118e-06,1.0603e-06,1059508.4018992546
0.0012704,3.1281e-05,3533121.129049623
1.2345e-06,1.1003e-06,1769749.9557149082
6.0976e-07,8.092e-07,1478108.5851472565
4.2942e-06,4.4979e-06,5796055.791908735
1.8619e-06,4.0137e-07,15346206.358487936
4.1026e-07,2.0279e-07,8308733.449395857
2.6724e-07,3.0929e-07,301027.9094337162
2.9275e-07,0.00017815,1106847.1741091486
2.126e-05,5.6028e-06,126290.74862845398
2.2546e-06,8.7736e-07,24683.102507043284
1.6755e-06,1.0728e-05,108613.27597663722
3.2961e-06,3.0193e-06,85862.47206365751
0.0010436,9.3306e-07,12788.539917100406
4.7759e-06,1.9836e-06,887862.1587074427
1.6921e-06,1.2595e-06,5960.198327201784
8.2961e-06,4.4523e-06,12856.070878690502
1.9582e-05,1.8748e-05,43489.84247897539
2.6292e-06,3.4904e-06,42349.944677390085
5.7374e-06,2.4642e-06,18165.534612446667
4.9696e-06,0.014418,118087.76138645687
8.1727e-07,1.4095e-05,36227.506316196486
0.0001474,0.28903,32842.71046741101
3.771e-05,0.00047001,26582.689747892553
2.3712e-06,6.8927e-06,557631.0935129287
5.2667e-06,4.9272e-06,35738.47907398942
1.0668e-05,7.8833e-06,83623.44251388726
3.1593e-06,9.4665e-06,52105.95479590456
8.6806e-06,1.1086e-05,34556.575541665654
2.9749e-06,0.00015768,6634.918910374206
8.5235e-06,7.3525e-05,32862.76545848887
7.2461e-07,7.1779e-05,299383.7000862117
6.8049e-06,1.2454e-06,18146.64176121741
2.6351e-06,4.269e-07,137349.33646181866
2.0199e-06,3.0983e-07,5722.337087209062
1.276e-05,1.1572e-06,33489.518052309795
2.3016e-06,4.5035e-08,104.23962433497776
9.2109e-06,2.0178e-07,24.19162467752723
4.4506e-06,1.4857e-07,1542.0068162845273
0.00028058,6.4712e-07,4644.0613086382955
7.1575e-06,1.0491e-07,-80.1970015782342
6.7426e-05,2.3933e-07,1066.126081390869
3.558e-05,1.7425e-07,608.7676170853845
6.2232e-05,8.0001e-07,862.9130744910876
5.2588e-06,4.2215e-08,2265.888034430031
3.4927e-06,4.3462e-08,218.2233957213537
2.2825e-05,7.2622e-08,229.88697431685884
8.6122e-06,7.6751e-08,90.73382937924114
0.0031614,3.5197e-07,37015.045458188804
2.1156e-07,4.2249e-07,172220.1920084956
1.0864e-06,1.587e-06,33985.53392570213
6.5335e-07,6.994e-07,9833.211955512621
9.728e-08,6.9517e-07,66448.96477008387
8.4863e-07,1.7619e-07,95617.28504408165
1.323e-06,1.214e-06,6304.409626173846
5.4496e-07,1.21e-05,124312.95385016421
4.643e-06,1.7977e-06,9420.958116121761
4.5271e-06,5.122e-07,12033.13175592011
2.1935e-06,0.0048266,5064.587492637558
8.22e-07,1.3159e-06,134829.8092776154
1.6792e-05,8.4074e-07,20790.61099035529
1.9371e-06,7.8414e-07,16798.306475432186
2.6678e-06,1.6118e-06,382892.67620453186
1.5058e-06,1.086e-06,164711.0848891423
6.4404e-06,5.8418e-07,15848.422685160607
2.0591e-06,2.9735e-06,435991.65161355794
2.1812e-06,1.0831e-05,76309.24304260772
3.6304e-05,1.4832e-06,6220.4087811997515
0.00027477,0.00041358,13924.606405913883
0.00031493,0.00017185,3857.2012053671288
0.00014975,8.7969e-09,17091.76822952924
0.012819,0.86402,415949.17456117645
3.8656e-05,1.7825e-07,8385.811184110793
3.266e-05,1.186e-07,7117.233551578114
4.1699e-05,1.3973e-07,8918.232913004742
0.0014816,0.018612,14558.454330984849
7.4614e-05,2.6921e-07,16919.539275869134
0.00012371,0.0069536,41403.191295605255
0.00021779,0.00022622,18057.511232385128
0.00033272,1.7684e-05,6589.991700711104
0.00021206,3.8116e-05,5543.283703760956
0.00064233,1.2579e-07,2788.012906613834
0.00095155,0.055785,16043.424315052378
0.00017148,4.4881e-08,8989.445935703392
0.00012424,2.9521e-08,2152.499230912654
2.2328e-05,3.3986e-08,3750.6575217603645
8.9803e-06,1.3173e-08,4457.484282811533
9.4154e-06,1.3888e-08,3331.602646938366
0.013297,2.2053e-05,62701.50575014551
2.1253e-05,3.26e-08,2024.0103439207937
7.5018e-06,1.0288e-08,76.12936989488537
1.884e-05,2.4745e-08,477.26427680727136
1.5723e-05,2.5168e-08,41449.188771107685
8.8717e-05,7.4635e-06,38504.74728188308
0.00020407,0.00020697,32644.312710292124
0.00057784,0.0071156,63341.374805665444
0.0077158,0.00034126,19046.90713186945
5.188e-06,3.8753e-06,22970.479001989723
1.5145e-05,3.9063e-06,49577.14599219798
0.00035901,7.5076e-05,45264.4808003045
0.0025739,0.010048,37456.700976320084
2.8715e-05,9.9794e-06,22554.976222040845
2.4642e-05,4.6972e-06,3967.6807680133625
1.752e-07,6.6791e-07,403.95604260102175
6.0334e-07,3.8761e-07,3856.3182342042605
3.839e-05,1.7083e-05,163.62182863961195
1.0514e-05,1.6464e-05,305994.55285669013
4.1417e-05,0.00020731,1288581.610739377
1.219e-06,0.0001129,1696124.1396166016
2.364e-06,1.9354e-05,253264.46114748737
1.6341e-06,7.9116e-06,107453.29963749209
2.1607e-06,1.612e-05,11216.987746713783
3.691e-05,0.0007485,91725.9463894948
4.6948e-06,0.00028326,234043.78512057994
1.8675e-05,0.00023081,54753.75454866576
2.0169e-05,8.8444e-06,1708.3083141254065
4.6193e-07,2.4832e-05,204103.1078788838
2.5587e-07,1.7036e-06,39730.923384441514
3.1008e-06,7.5709e-06,163860.2349142799
7.6065e-07,2.7995e-06,35391.04236151741
4.6718e-07,2.4842e-06,99152.37139130937
0.00039208,1.5562e-06,89737.31104617473
1.2288e-05,0.00080435,229881.81983229154
1.2098e-06,5.8799e-06,60947.05679175306
9.4818e-07,6.2882e-05,549841.2699883044
9.35e-07,3.0519e-06,1226372.3790660526
1.6298e-06,5.8791e-07,682642.7423991427
1.3388e-07,9.7771e-07,14048.539730817909
3.0619e-07,0.018511,19014.287622925855
0.014808,2.7465e-08,12066.799323929921
0.023985,5.9632e-07,86396.87785006112
0.010212,2.1942e-06,866154.901066407
0.010933,6.6469e-07,23402.6317526277
5.2176,3.4989e-07,610440.1871447157
0.0074263,1.0237e-06,411469.37794329517
0.017264,1.8665e-06,196005.66087372287
0.09968,0.13571,92766.73269237157
0.0096487,7.249e-08,12204.47097787593
0.030931,1.4058e-06,41906.532265371956
0.0037893,1.5678e-09,17288.199255104344
0.010377,0.00028199,226030.4541592429
0.016121,1.7691e-07,13223.583297746378
0.062136,5.7884e-07,367017.99272218515
0.014477,9.5963e-09,74587.02062090709
0.0029121,2.3874e-06,24527.087325259556
0.01,3.268e-07,8156.713419173264
0.0025475,3.6755e-06,37298.014090849865
0.0080694,4.9295e-08,6700.815023276314
0.0063822,0.014314,188507.00357806345
0.014654,5.262e-05,514798.3391487353
0.00039763,0.0,1349947.6090514655
0.0035507,0.0,66643.34979518
0.0,0.0,0.11051509239867002
0.0,0.0,0.034191127057299986
0.0,0.0,0.10371790118173
0.0,0.0,0.037948239666
0.44721,0.0,287.6929087703679
0.76693,0.0,111.20564254593096
0.03068,0.0,41.18752023096135
0.023532,0.0,4.128008253051708
0.010571,0.0,3.7616718497927377
0.063867,0.0,39.67060533868262
0.031338,0.0,17.90243304755505
0.023646,0.0,78.55526349729918
0.013431,0.0,35.502572345125266
0.21431,0.0,235070.42546243325
0.50525,0.0,1550.6518548610552
0.042535,0.0,22.464717136094066
0.0,0.0,2790.0951345547655
0.00020965,2.9718e-08,447736.3913679238
0.00013307,4.4257e-09,33437.377048786846
0.00030337,1.2496e-08,30247.30765019645
1.4564,0.14858,19971.311463743918
0.0008045,4.9772e-08,148331.98210622676
2.7309e-05,7.0474e-09,234643.70533151226
0.011351,0.02659,33028.31009705664
0.0021119,0.00083908,25817.812788865675
0.75923,0.35345,93666.34856575988
0.0012737,0.00042891,19515.288608515788
0.087364,0.098652,282515.70953598997
0.00046636,3.3298e-08,78105.23657180282
0.0034577,0.0018672,117828.67426575163
0.00049109,2.2638e-09,40294.54175178523
2.0852,1.0281e-05,169662.97114175034
0.0025213,0.0011342,235313.65009001945
15196.0,0.10215,7772864.618457344
2.4732,7.1517e-05,3183805.461396075
0.0055901,0.0,46802.89426034123
6.4949,0.4,38808.25213330181
36.782,0.18297,150139.57347051083
0.0018897,0.0,19717.335159496197
0.25651,0.0,105482.15559905733
2.1106e-05,0.0,295.6068247623745
8.2543e-05,0.0,15105.472939054132
7.6539e-05,0.0,567.1607747882783
0.080174,0.0,2341.112816720554
0.23855,0.0,3809.94772093872
0.0029052,0.034969,35363.100269395116
0.21374,0.0,1212.1012030174495
0.13268,0.0,118632.09403189822
0.79197,0.0,156867.12486562057
0.0019259,0.0,4624.92578338291
0.0011641,0.0,24073.52673296966
0.0063074,0.0,8414.16423765268
0.0008354,0.0,19451.72899144251
0.0099087,0.0,1545.0815302871904
0.00018111,0.0,6334.007157835354
8.4442e-07,0.0,1774.3239620783315
2.4919e-08,0.0,21.383534190095904
4.0985e-08,0.0,1400.5998938103598
1.3422e-09,0.0,2079.383869137709
4.9443e-10,0.0,3124.525870462455
5.0051e-10,0.0,1367.3242138822427
0.00054653,0.0,173160.76934941814
0.13724,0.0,13124.868667999222
0.054788,0.0,59531.92350610008
0.27556,0.0,98348.98673856867
1.4917e-05,0.0,135951.67197032121
0.0,0.0,230.70691005327103
0.0,0.0,195.26552288679548
0.010539,0.0,267841.88129848626
1.7736,0.0,365053.0891708063
5.8705,0.0,98357.38182211314
0.0,0.0,501605.0536359672
0.0,0.0,55390.718980242345
0.0,0.0,143719.95826121804
0.0,0.0,2437534.413458298
0.0,0.0,3843255.4905399303
6.7576e-05,3.0039e-05,3808117.5732729696
17.101,0.00111,315004.06924572494
22.121,0.00062067,148293.46438005622
24.903,0.001092,198690.36677644233
0.0062811,0.00014098,154419.30411122565
138.98,0.0070366,259710.4841585811
3.9767,0.00099554,70075.59263085132
69.907,0.02379,39273.07632724974
0.51617,0.0,2348813.7936701635
0.046131,0.00045323,181962.2760734494
1456.4,3.0797,535748.1171147776
8.0138,5.5401e-07,102936.81821819063
0.87149,0.18133,403667.88825741835
0.0063254,0.093326,4062196.827123782
0.00081188,0.0013232,322142.684357963
0.43802,0.0065931,224478.48649859207
0.0,0.0,1072649.1778604784
0.0090845,0.0,749711.7830857086
0.0028778,0.0,1634885.2230593949
1.4588e-05,1.3836,367228.17516738764
17.461,0.0,596877.539868175
0.001824,1.229e-08,59691.49317834758
0.0018227,1.4304e-08,28954.890195103344
0.00058268,0.0022246,14576.109149965716
0.00048034,0.00045275,20469.549874472756
0.11584,1.1215e-08,3893327.5030743545
0.00046898,1.3333e-05,11307197.85092047
0.0013191,1.1472e-08,43423.75678808533
0.00054682,0.0014819,-21986.06098049504
0.00045133,6.4571e-06,-4171.009545614168
0.00094849,1.3393e-08,95722.5855313757
0.00056876,6.4214e-09,342617.4949796035
0.0093288,0.00066275,313785.0378694727
0.0031408,1.1745e-05,119772.56398768054
216.17,7.5282e-06,924418.3361094282
0.0054308,0.0049747,34941.30356371184
0.0002428,5.556e-09,-262595.8134665192
0.00020665,2.5321e-09,-2500.682227617569
0.00025296,1.0377e-08,186221.45113671682
0.00028369,1.0235e-08,149739.54070230655
0.0010182,0.0024326,161065.5577435891
0.0045194,0.00070085,2920934.019572119
0.027187,0.04768,1417397.3750971155
358.15,0.001088,1514790.895334193
0.0016126,0.0,24.114865286507293
0.0022739,0.0,11.080897725241702
0.010543,0.0,37.00828654052049
0.0054449,0.0,180.6533627340851
0.37547,1.4905e-10,2588.9046417654267
0.15129,0.0,442.51144496383836
2.4163,8.8892e-10,2600.9058861278536
4.0124,1.4471e-09,10567.6094225271
3.7701,1.2891e-09,4464.472386135441
2.3748,8.5719e-10,2545.101593232243
1.718,6.0111e-10,2119.766231489737
2.7878,1.0231e-09,3189.9056019258214
1.4235,5.5789e-10,2239.5451042030995
0.27744,5.8492e-05,11947.015732256812
0.50421,0.00010353,33523.8159751491
0.56038,0.0014647,1427.7643091433235
0.0,0.0,2119.664482033633
4.4434e-05,0.0018395,3970154.692688173
2.9211e-05,3.0858e-08,357679.6441158834
1.0607e-05,0.00022689,5592062.957220684
3.7323e-06,9.6395e-08,5792330.37231621
0.0027656,0.011444,1571007.7224567335
758.59,0.00016201,3304102.573704674
804.55,0.00084801,1165949.9874171321
0.22763,0.003403,910548.807774756
0.069427,3.3706e-05,2645267.3886916866
0.0018672,0.00019433,309989.2644522159
58.241,0.050591,7650726.6095891
7.1434e-05,0.00011505,487973.63476348686
0.0010379,0.014956,387314.10004368227
0.019517,0.16163,6042747.649442838
0.26503,3.5105e-05,11393909.366898121
21976.0,0.00097935,4956500.17488128
20077.0,0.047503,25556719.311849143
6.4447e-06,3.54e-06,1179273.9524053505
0.34489,0.3741,218353.36019346883
0.84806,0.00012954,754703.8281686106
0.6698,0.00018771,989167.7647963917
0.0065852,3.1506e-07,1577977.033433544
477.84,0.11247,19252916.391451035
0.043722,1.056,871905.5302833734
0.0066659,0.020718,1039131.1777739939
0.013148,0.002449,970099.5785364527
0.0095191,0.00030552,755173.1476038679
0.011876,0.0012411,880004.3383150292
0.049928,1.5078e-05,4890033.23503569
5.6415,0.00064441,10594855.17541528
3735.9,0.0023946,3151917.4226014265
0.74071,0.0020825,1720827.2720617692
0.10911,0.004652,242998.02000998025
4.9157,1.0579e-06,405869.69457661716
0.43707,7.9259e-07,153274.78627113605
0.015388,6.8657e-06,171975.37845116848
0.36935,8.1945e-05,1314323.5455781175
0.055994,1.2247e-05,240418.10151648402
36.547,0.0081328,852507.6795808991
0.0011716,5.5687e-09,258138.9756573687
84.418,0.018786,947072.2870262939
26.174,0.0058245,182636.22171020848
7.0812,0.0015758,110446.44469515275
3.5281,0.00078491,315104.40034534025
427.53,0.0009344,9562909.85036452
138.52,0.0021146,68059758.21548693
7847.3,0.02309,87546916.11251889
54027.0,0.000121,30034567.04338758
0.00012023,4.5608e-05,677709.6292529828
664.89,0.047445,94515870.2238073
673.66,0.062386,25039819.638285432
9.291,0.0006833,10688808.567889342
2.3474,0.0043137,218750.39930937794
1.8043,0.026395,13130031.939035939
8.8459e-06,0.00050801,361204.09338356665
1.0931e-05,1.1746e-05,3482815.009011357
6.3542e-05,2.3139e-05,16248.695979210055
0.4684,0.0070777,44822313.18824361
0.48129,0.0081438,196748974.3323654
0.0053512,0.0028746,105979645.41179025
2.7638,0.038377,8948008.164588641
2.7824,0.035695,6412182.405839451
2.4249,0.033136,4342627.907210702
0.022837,0.010025,6006131.310530774
0.78148,1.1916,6706716.595097847
0.04978,0.044954,3023338.9362592557
89.081,0.031187,355053.3926905032
0.0040353,4.2197e-06,73734624.78660697
0.82727,0.34692,21709161.655356873
10.31,0.21121,12307507.069135284
7.828,0.77034,28761387.857114516
0.0070287,0.1464,59623683.969301835
3.4773,0.069746,158951907.5855697
0.0021256,1.692,81832382.29229791
0.12388,0.12823,7367778.405268973
21.441,0.17791,153279587.1163683
0.37178,0.00016266,113032968.8233663
1.4479,0.002427,144790582.0675135
0.029513,0.033663,28519028.569829676
72.401,3.7766e-05,40526215.234245546
5.3919e-06,4.0173e-07,5188.96083220771
1.2562e-06,7.0686e-07,-771.2914027969192
3.7445e-06,1.0937e-06,5157.009751255577
6.6285e-06,1.8947e-07,3885.3286861154365
0.0023879,2.5373e-07,17883.31978561299
1.2079e-05,3.8939e-06,118807.72766218777
3.4793e-06,1.6148e-07,-1553.4940282529858
1.1023e-05,2.0771e-07,16630.747461832467
6.5148e-06,1.3178e-06,12045.068442519485
3.0114e-06,1.4634e-06,3627.174263257482
8.763e-06,2.3523e-07,14038.218491805615
1.8497e-05,3.6912e-05,387486.8551870206
4.2536e-06,9.427e-07,5264.462087848408
4.7558e-05,1.7663e-06,27395.324201689447
3.1741e-05,4.4867e-07,9064.336976070812
5.8603e-06,5.7868e-06,19677.498071734328
1.1573e-05,6.9963e-06,74709.04561121618
3.548e-06,1.9393e-07,-1312.7713255734816
8.312e-06,4.7522e-06,13718.668311891945
1.1015e-05,6.7397e-06,22936.866643350015
8.2857e-06,8.4232e-06,41296.88119020721
2.1398e-05,2.812e-05,15985.494073105017
3.606e-05,8.9098e-05,139605.64340603907
2.5138e-06,3.1769e-07,6644.508044590865
1.2268e-05,1.3846e-06,414163.8453391743
5.1436e-06,6.7908e-07,26368.284726078837
7.9705e-06,1.0704e-06,534312.1721145856
5.4547e-05,4.4033e-07,-1179.907555886075
2.1706e-05,4.5385e-08,859.0628694462397
1.3361e-05,4.0069e-08,-6549.211017185799
0.00022885,2.7918e-07,7533.4368312188735
0.00012299,6.5559e-08,-275.1502509206841
4.6905e-05,1.2452e-07,3747.472920232107
0.00019425,9.031e-07,3683.393243939705
2.2786e-05,3.2569e-08,1006.1510388657722
5.1598e-06,6.5128e-08,44429.5620747858
5.2971e-06,6.6684e-08,-5617.607992869772
1.2496e-06,7.4752e-09,11599.947687190863
2.647e-05,1.09e-07,-1792.7200206116722
0.0057405,2.8068e-07,171550.6310929636
1.0835e-05,1.6869e-06,47089.5057969851
9.7702e-06,8.0482e-07,32591.945862713186
1.7635e-06,6.0185e-08,14113.050575850373
4.1049e-06,2.8654e-06,74574.61347464193
5.0444e-05,1.4813e-06,697094.2589282356
6.4887e-06,1.9788e-06,22254.884903829836
2.56e-06,1.523e-05,79526.48170231428
4.6676e-06,3.8468e-06,96701.6905604702
1.712e-05,4.9418e-06,48520.38750430667
2.5342e-05,0.031123,47874.73735001649
2.6951e-06,5.246e-06,237593.47287378722
1.5886e-05,4.0472e-07,21233.389135236597
9.0741e-06,1.5697e-06,26123.777231157426
4.9879e-05,4.1741e-06,458213.3699941501
5.5769e-06,0.022647,160586.1030380546
7.7735e-06,1.1068e-06,21562.543697736462
0.0019105,0.028112,493983.9906289287
5.2004e-05,0.00099871,369056.8302587789
2.0664e-05,0.013918,64617.21756162507
0.011174,0.32209,288035.28767251363
0.0045165,0.0053987,4433.114355448844
0.00021257,2.8169e-08,203983.4284475156
0.0096453,0.53142,1580682.194572636
8.7702e-05,5.0716e-07,544536.86806681
0.00015993,5.2761e-07,48709.57388721294
0.028539,0.34452,183675.62557647843
0.026234,0.31669,14818.81601091442
0.50526,6.1137,36787.75370843359
0.0010539,0.093486,273401.28381332045
5.4801e-05,6.5797e-07,67958.2434672373
0.0032882,0.048751,250986.97217739176
0.0020068,0.01257,219344.83503927506
0.00059108,3.766e-05,1901.4650511678756
0.0010192,0.053445,107435.9041390857
0.00043484,5.2131e-08,1248.6025036187914
0.00042239,4.1692e-08,4643.718119572754
21.045,0.032108,28100.85370100877
1.297e-05,1.7283e-08,17956.721965420486
2.4981e-05,3.3518e-08,63497.883028280114
1.377e-05,1.7468e-08,92187.59867213397
11.682,0.017824,8363.66692617942
9.2668,0.014138,4980.225237717083
3.0581e-05,4.1488e-08,8869.234930834145
2.239e-05,2.7442e-08,19256.294226930804
0.0025031,0.011118,489834.4635323117
0.12342,0.26202,18950.08072758385
0.00026317,0.00029471,-77999.49460541195
0.58774,0.022426,395617.5170906176
2.3135e-05,7.1856e-06,42449.2100075945
0.0027516,5.5008e-05,440845.99657615134
0.0011029,0.010523,201858.40877114612
0.0057898,0.021161,1762514.4963158744
9.4975e-05,2.6483e-05,25617.958943242018
0.00017226,2.462e-05,383838.14399783063
2.6365e-07,1.5048e-06,39588.4342916722
1.7711e-06,1.8346e-06,11501.937173562406
0.0034553,0.00092684,5875.600806886936
3.834e-05,1.1914e-05,12367358.958240418
3.1285e-05,1.0703e-05,12479138.535052707
2.8987e-06,0.00027483,9107224.141160773
2.8377e-05,6.692e-05,2303753.904641185
2.7608e-05,6.9573e-05,1732124.2212530237
1.9605e-05,6.7739e-05,8776.61394117342
1.5414e-05,0.00019718,792631.7724914
4.4671e-05,0.00038655,3578595.357734656
9.8248e-07,4.9447e-05,511099.71977955295
0.00012604,2.709e-05,571554.6035435271
2.2014e-06,0.00012636,2211949.2927435623
1.6367e-06,1.5391e-05,1329711.200002391
0.0001364,1.2315e-05,3403656.316667822
6.6831e-06,1.2281e-05,912252.5106243624
3.1545e-06,2.5675e-05,18329554.08470606
0.00055195,0.00011757,5649673.936082766
9.4973e-07,4.5901e-05,420819.9546431853
2.6889e-06,1.0471e-05,4478478.970562561
2.694e-06,0.00010285,21413291.170100678
2.6167e-06,1.6631e-05,6176799.881621294
3.7837e-06,1.1873e-06,6335505.643799095
9.713e-07,7.5301e-06,441448.83327894425
6.6463e-07,0.00054338,1476876.2448433896
0.067859,1.1874e-07,6445.419289376231
0.24178,9.4896e-07,46389.88043998012
0.16255,3.1908e-06,130099.61974555247
0.10859,2.1129e-06,29378.259746476237
61.564,5.1189e-06,292683.14857673
0.99717,0.030191,742987.3011553022
0.18066,5.015e-07,17048.229724226112
0.21653,1.1659e-06,37031.40560612014
0.060903,9.8132e-08,8763.132270053895
0.14346,5.141e-07,11418.429183421216
0.026074,1.9215e-07,15085.98810573161
0.083598,1.3492e-06,89430.48903555136
0.1182,1.8598e-06,29056.492230492622
47.446,0.059912,204195.3552104028
0.069691,9.0013e-09,124139.67276814509
0.10797,1.342e-06,30147.583785721214
0.11089,7.3176e-07,7278.563115684873
0.034843,1.9084e-07,12936.899315109344
0.090585,1.3868e-06,10550.836538289006
0.096506,2.2683e-06,52212.079708583304
0.097247,2.0571e-06,119492.64777808101
1.4587e-06,0.0,204070.38352446567
3.8157e-06,0.0,392.9143647969805
4.6341e-06,0.0,55257.54922491098
1.6652e-06,0.0,48641.837042304964
3.1569e-06,0.0,10902.074870019012
5.2674e-06,0.0,18364.971322023972
0.13994,0.0,80.48162705539183
0.029922,0.0,1.443025768576369
0.19587,0.0,84.30548759212844
0.071081,0.0,15.674940347346284
0.040871,0.0,4.772763470323236
0.24702,0.0,53.906263762039174
0.85389,0.0,339.4599781363562
0.14903,0.0,381.821575089472
0.58278,0.0,946.6582840777091
0.042217,0.0,126618.84219161917
0.34301,0.0,5518.327041099798
0.095397,0.0,19.763933138476407
0.0,0.0,7.1983483223105
0.0007579,2.5945e-07,163160.29733078575
0.0063018,2.2048e-07,5293.739599617748
0.0010962,2.6354e-07,212884.30941999282
0.0011581,3.139e-07,101983.602862742
0.012667,3.3964e-07,56939.847107063746
0.0011434,3.9269e-07,58773.64854143292
0.014236,0.0022661,41996.7903254456
0.48562,0.11846,42781.06129159856
0.0032665,3.385e-07,37864.088338976035
1.1362,0.42009,70646.4612160407
0.034257,0.018603,94170.06726538332
0.015868,1.7063e-07,15675.4335521101
0.0013702,4.3223e-08,23499.820649959383
2.6395,0.090133,41401.34159813648
1.3213,0.23867,379498.1515934832
124.91,18.912,34789.51106414552
838.87,0.29802,276900.6763761382
0.00052321,0.00063714,47373.098785863556
29.415,0.00020041,60928.761913711496
0.26283,0.0,828.7592992763522
0.0033247,0.0,316.9490119200224
9.1172e-06,0.0,70.2660333841679
0.0077752,0.0,29210.66654106108
0.00095565,1.3772e-09,-433.03026984502463
0.0012493,1.8389e-09,4266.014734226009
57.321,0.073365,4027.8950751808184
0.22887,0.00029123,-109.87251157835698
1.1975,0.0015312,-218.00313159677742
0.035236,0.0,7773.438133656317
8.3884,2.6417e-06,3218.190539026654
0.40401,0.0,2111.1709771253963
0.1933,0.0,3159.898281430447
7.0714,0.0,3941.1910159910553
39.18,0.0,30141.694894233464
7.643,0.0,10437.774854485884
9.1251,0.0,4022.5755391095427
0.0,0.0,457.60600422301565
0.0,0.0,296.4227327791746
0.0,0.0,904.4017728758191
0.0,0.0,-7.238650655946252
0.0,0.0,-269.2894592402043
0.0,0.0,88.70016484555741
0.0,0.0,-42.11612652135737
0.0,0.0,-122.39067613690158
0.83099,0.0,79873.44462600377
0.0,0.0,443.79065180965813
5.0671e-07,0.0,6905.272610071235
0.3029,0.0,3510.544443055525
0.00012482,1.1046e-07,62790.62954109387
0.00017719,0.0,27573.099413969874
0.065285,0.0013432,35357.316716156485
0.018049,0.0127,52288.30294388745
1000.7,0.1354,252861.65354139527
678.66,0.033298,101718.9953733215
0.0,0.0,320.6636469664049
0.0,0.0,58494.20906234331
0.0,0.0,69033.44842030885
0.0,0.0,957416.8702166678
0.0,0.0,1313032.2788024342
1.2392,0.039192,1235472.6224918072
0.48195,0.006227,48284.68919074024
0.80692,0.0055806,8032.645730254589
0.72527,0.0052169,8260.850295106633
0.00077255,0.00039152,33728.955851279476
7.7222,0.0064204,20147.59222042305
1.7518,0.0010797,4607.410759720545
0.22457,0.0017472,24562.601503563663
0.034788,0.0,572062.1021475561
0.95513,0.0227,32838.988186461735
2.5017,0.0020592,166229.0973809695
1.8731,0.00014515,14319.63931004107
0.50291,0.097239,337716.043103176
3.997,0.040054,973349.084714631
2.7477e-05,0.10881,44769.52542938653
0.023467,0.0043489,18895.193607657427
0.0,0.0,1631191.7685977605
0.02393,0.0,227141.60690515488
3.3299,0.0,68880.81161243876
1.2702,0.017136,65217.92548921909
2.4352,0.0,151907.45177638458
1.6524e-06,0.047018,8639.273744270307
6.8579e-06,0.17139,3021.533866794613
9.9201e-07,0.016823,1435.7416798602599
1.7001e-06,0.14974,1999.4325115554777
0.00056198,6.6658e-07,32673.590397435684
9.6673e-07,0.012412,568135.4580410952
7.972e-07,1.8888e-07,1329.3710924358081
1.2681e-05,5.2119e-06,31366.757926330345
2.6867e-06,0.01548,3830.716945996224
1.6239e-06,0.26097,609.626581068864
7.9891e-05,6.9362,59681.12653365683
6.0132e-05,0.16875,128446.03272210018
1.0392e-05,0.8575,10891.31039743237
0.96198,0.0019883,37607.747994268284
9.9383e-05,1.5658,9092.540706661588
2.6829e-06,2.3426e-07,16995.33650575901
5.247e-07,3.4741e-07,785.9680398631239
2.5386e-06,9.4689e-07,30409.11633057629
5.1875e-07,2.3311e-07,2560.0064590535726
1.8786e-05,4.9822,9966.13859639886
1.4169e-05,0.56495,1286.2506743256615
1.2383e-05,8.4809e-06,14966.682081605617
4.927e-06,4.798e-06,4665.1997751209565
4.8849e-06,1.5398e-05,13276.745945888244
1.0949e-05,1.4698e-07,35381.058358393384
1.1637e-05,9.228e-07,33887.58593922076
1.1805e-05,3.2208e-07,30769.190326654432
8.4182e-08,5.2823e-10,-2814.1348641358836
3.1328e-05,6.9672e-09,1812.5955018767688
2.3778e-05,8.9576e-09,1240.922517164615
4.8036e-06,1.5248e-08,1241.2707201986334
2.1647e-05,5.377e-08,558.2084354032955
2.9903e-05,6.4579e-08,2613.762850194876
2.1097e-05,5.9994e-08,569.6117921992349
3.0029e-05,7.2842e-09,1095.7345711490113
8.6161e-06,1.5989e-08,238.87785594986732
2.2966e-06,0.0057582,-128.69416733290052
8.3894e-05,0.00074167,3374.3963120309436
0.00024285,0.00028807,-81.05923592444547
19.373,0.089548,13634.188264671226
7.5496e-07,0.01839,201640.7838048745
5.671e-07,2.1084e-07,33890.392979552664
3.6288e-06,0.058274,12165.7205648375
0.00044738,0.068095,175228.48415931713
3.5261e-05,0.073837,55568.583207566975
7.9255e-06,0.16061,4450.329006388653
0.7024,0.016032,75694.03914401638
0.00011577,0.010795,148297.48898766725
0.15705,0.11404,26716.09705525504
0.00011627,0.00031906,627.3079431469894
0.017359,3.1722,32050.94908605274
1.1135e-05,3.5279e-07,7852.625603019616
0.0098554,0.00071689,20704.353927727872
0.00062569,1.5525,197723.43612947757
0.89633,0.00075379,266603.0689365472
1.2939e-05,0.070611,47828.197136887335
9.9872,0.035896,218489.41884476194
1.5392e-06,1.0081e-06,47759.28484289809
2.1736e-06,5.9629e-05,407.6232570664198
9.5096e-06,2.314e-06,2750.9593836098143
0.00078836,0.0015111,25863.92615123806
0.0023471,0.00032335,7919.9824394480065
0.0006697,0.011189,98046.20234731723
4.4588e-06,1.5819e-08,1065.3728346920752
0.00063013,5.713,52487.02148014698
1.6722e-05,1.2439e-07,6944.676246022736
3.7578e-05,4.7498e-05,10791.059967234649
2.76e-05,7.8252e-05,4948.99960482237
0.00056925,0.060177,34277.95014906725
1.4639e-05,2.3952e-07,13024.851746802873
3.1752e-05,6.589e-05,479.5821762248946
4.0247e-05,2.0909e-06,1409.95755126099
8.7722e-05,3.3739e-06,294.024382012475
0.00067827,0.00038427,2719.9312301453288
0.00081065,0.48839,7794.202421131273
3.7546e-05,1.5005e-06,461.233402613249
40.82,0.063097,268.6140872999066
0.13311,0.00020575,11486.23805707757
16.155,0.024971,3707.5619323340193
1.788e-05,2.0873e-08,1252.252153347614
0.024206,3.7415e-05,-126.17679749517053
2.5879e-05,3.0236e-08,4251.609175642709
4.5627e-05,4.5605e-08,3903.258619152185
5.5571e-06,7.5314e-09,12360.722964494182
2.4826e-05,2.951e-06,266326.827510682
0.10914,3.1202e-06,169583.1102532512
0.57831,0.00077762,30340.90102486337
0.053616,9.75e-05,20188.358096742802
1.5834e-06,2.032e-07,5149.744291410395
9.2104,2.1914e-05,46886.249448830524
0.011693,1.8062e-05,302322.39231470384
0.00013595,7.954e-06,30106.851408153278
1.2475e-05,1.6493e-06,33236.795613896844
1.2336e-05,3.7778e-06,50610.48439221833
7.6548e-08,5.2264e-07,33.39878889015337
2.3033e-07,9.3153e-08,357536.2355649962
2.468e-05,6.1694e-06,610.6366014934955
4.6443e-06,3.3567e-07,1050732.3105534534
5.6124e-06,4.5697e-07,1582098.5804076556
1.8972e-07,3.2031e-06,7681421.380029226
8.3617e-07,1.422e-06,13582.748309834129
1.0444e-06,2.4292e-06,12037.250957138425
8.9326e-07,1.9154e-06,4069.477433121411
3.3128e-07,1.4963e-06,404577.848164339
6.238e-07,1.9209e-06,541053.3041723287
7.2317e-08,1.9748e-06,38183.1991915639
6.1264e-06,1.099e-06,4312.073089669312
2.7481e-07,3.4216e-06,408035.2088473295
1.0233e-07,3.9804e-07,99395.19115210554
2.9398e-06,8.318e-07,593340.9485058136
4.6467e-07,2.3088e-07,82181.47078051342
2.7892e-07,7.5303e-07,870601.9629247087
2.083e-05,2.4697e-06,7759627.854895013
8.4347e-08,8.3986e-07,247763.89643673465
8.9294e-08,9.8153e-08,59027.23261179728
1.5038e-07,2.8276e-06,2582125.086706583
1.2083e-07,1.9384e-07,1277514.4588516986
9.9877e-08,5.6177e-08,2039306.3383267634
6.1446e-08,2.1655e-07,705117.991498648
4.3539e-08,1.9689e-05,618428.6362272912
1.0455e-06,3.0356e-07,1562.2979893082618
2.9872e-07,1.0173e-08,238.89192557330395
3.9066e-07,1.1557e-08,593.7046067961555
4.0155e-06,0.0089414,5436.399960642132
0.00018696,5.4755e-06,135891.49200956128
1.8288e-06,5.6913e-06,55436.78585495686
1.3581e-07,2.3109e-08,265.2317781256157
2.0926e-07,1.0187e-08,337.1056394772798
2.6378e-06,6.5605e-07,3856.5023807460057
1.6911e-07,6.6918e-07,266.3165218847877
2.6718e-07,1.3517e-08,381.3375595033057
2.4664e-06,2.4379e-05,43269.826960227816
1.7343e-06,4.8155e-06,3062.4409118231233
7.17e-06,0.00016585,11492.452057671853
2.9372e-06,2.7117e-08,1135.3219897209203
1.6923e-07,3.3034e-08,303.9726945717044
1.5716e-07,9.2324e-08,217.24262690340473
2.4122e-07,3.2832e-08,399.73662485788816
2.6013e-07,1.0399e-08,398.436177251025
1.101e-06,1.5173e-06,1646.2278227698507
4.7217e-07,6.9416e-06,826010.081158839
5.9317e-07,4.1299e-05,80152.20027343027
7.8371e-07,1.197e-05,636.3250693108674
4.9665e-06,1.6411e-07,13058.809845533542
8.9863e-07,2.0104e-08,2345.4182079920397
1.9521e-06,8.2404e-08,5806.661039105704
9.3697e-06,2.1815e-07,24949.177130741766
4.3145e-05,1.09e-07,6202.440946555091
1.0344e-05,1.1698e-08,151.55165152238004
1.1787e-05,1.5471e-08,177.3040031935246
9.4999e-06,1.582e-08,143.19342173171577
3.543e-06,9.767e-09,39.142006374961376
4.2135e-06,3.8008e-09,34.91308557000754
5.1044e-06,1.0624e-08,62.68922536541951
7.2022e-06,1.3389e-08,94.84009112670965
4.51e-05,3.4643e-08,805.0299099001155
1.5382e-05,0.0018274,96.90090224287064
2.3406e-06,9.7279e-09,25.677174605995585
6.0317e-06,7.0697e-09,90.66318931966059
0.58783,0.0026365,1869.909163377478
2.9622e-07,6.216e-08,928.4429740692793
1.7912e-07,2.3356e-08,418.8360306135988
5.9321e-07,3.0114e-07,5647.267192869716
3.1934e-07,9.6046e-07,12114.485203019205
2.6331e-06,0.00023436,53248.59172046096
2.4736e-06,0.0025671,26219.432835440984
1.2844e-05,0.10086,18109.793841466177
2.5476e-06,0.00024604,4130.0392092486845
5.8648e-05,0.17878,9490.58094676335
0.00049932,0.052532,10989.215150407643
3.8375e-05,0.18431,5800.7857188802245
1.0578e-05,4.1072e-06,10555.695002052465
0.0021164,0.00064571,39361.578897304564
0.0035537,2.2202,35177.58123265015
3.6078e-05,0.13668,168322.73425704378
2.2309e-06,0.0016639,2361.8481619738127
4.1704e-05,0.00039037,191484.43465983725
1.2832e-05,7.4228e-05,56201.42220396365
2.0669e-05,0.16594,1145.4024079010524
4.32e-05,1.7245e-05,1684.9920745539002
8.5743e-05,3.5925e-07,15964.696270871487
3.7383e-05,2.4796e-09,3783.2957035073205
0.0062014,0.076348,318415.3898355683
3.4925e-06,0.00028923,838.2750893136616
3.0735e-05,4.2452e-07,31226.3715297815
0.0013676,0.016061,16222.699017260262
1.4826e-05,3.8191e-08,3182.913741504396
0.00033303,0.0038131,3066.177832453389
3.4309e-05,0.00021281,27844.3428617436
1.1017e-05,7.5813e-07,26846.577686429344
0.00027583,0.00025251,8467.410307120523
0.00014416,6.4015e-06,2723.455695812256
0.0002616,0.0065528,628.7781598552007
0.00023943,0.0088073,7068.059916105841
8.001e-05,7.8472e-09,275.2960947661466
0.00022971,1.0757e-08,590.200412739598
2.4618,0.0037115,129.88271178060907
0.00085366,1.2856e-06,110.72450075636633
3.2531e-06,3.2952e-09,94.01650584419741
5.8689e-06,6.4328e-09,412.43948745442265
0.78422,0.0011823,775.5024775603698
3.1636e-06,3.4713e-09,58.090121907628934
3.745e-06,4.5295e-09,37.4996900684419
3.25e-06,3.1251e-09,1568.349857780856
9.2075e-05,4.9871e-05,7568.091564618643
0.0013197,0.0002644,305236.60791784705
0.00043477,1.2331e-05,11677.388816223825
0.01319,0.00021465,185894.40224726152
9.5178e-06,4.4684e-07,13911.531841501805
0.019713,4.9127e-05,105771.39683743035
0.00054004,0.00090243,91618.32366790618
2.5468e-05,6.1217e-05,14507.319993413012
5.0749e-05,3.9846e-06,9119.745172655603
4.7618e-05,5.525e-06,33056.372097993975
2.4115e-07,3.3783e-07,227.68536332614863
5.3533e-07,2.6835e-07,19309.379002889593
1.1366e-06,3.289e-07,443.75619146425714
8.2388e-06,1.0397e-06,15621.499652505157
4.1254e-06,7.453e-07,7117.5163287507585
8.0258e-07,8.172e-06,133650.26215961107
8.0259e-06,3.2899e-05,56888.83654228044
5.5317e-06,6.6855e-06,11850.417163662923
4.9804e-06,6.6399e-06,10605.34845467458
1.7978e-06,6.431e-06,25081.858844816026
2.7216e-06,4.659e-06,28742.600551854088
3.1814e-07,9.011e-06,28344.851341439033
3.3464e-05,2.5216e-06,1396.3542751560715
2.3089e-07,4.3481e-06,88075.77648498287
3.6495e-07,2.5974e-06,10984.405956631233
1.6648e-05,1.3162e-06,78750.84306066508
1.974e-06,8.3824e-07,8607.305244725481
2.165e-06,2.1425e-06,88572.67341794152
0.00024321,1.4944e-05,210697.75895489703
3.268e-07,7.7393e-06,11113.285700581535
7.0115e-07,8.6485e-07,15100.71598663182
8.0845e-07,6.3999e-06,418880.03935755865
3.3041e-07,6.7051e-07,283411.61309610266
3.4749e-07,1.9891e-07,294420.58440081764
1.2137e-07,5.7239e-07,17487.81116600432
1.6365e-07,0.00011446,76729.19855505566
2.7787e-06,1.2272e-06,4005.6309699221365
5.1396e-06,2.7885e-06,2854.152587807971
1.1137e-05,7.4816e-06,19371.744299207516
9.7559e-06,1.4662e-05,31143.07500291828
0.0018779,7.1464e-06,9276.031858384096
4.8148e-06,1.1303e-05,504834.0351396875
5.7629e-07,8.4326e-07,814.9654853893232
3.9765e-06,8.1795e-07,5875.288746927955
1.1896e-05,4.0712e-06,17618.307442428166
2.0403e-06,2.6148e-07,2549.9454762936984
1.1615e-05,9.406e-06,71237.46395050292
5.2296e-06,1.7712e-05,184881.30049179425
4.5252e-06,1.1217e-06,6949.987232581627
6.7218e-05,3.7096e-06,62217.48274935319
1.7701e-05,3.2857e-06,7385.7629092080115
7.8765e-06,6.9297e-07,11303.4699420362
6.7186e-06,7.5597e-06,17750.305264186478
6.6828e-07,1.419e-07,816.8525219272069
4.4399e-06,3.6692e-06,7819.806831990675
9.2253e-06,3.3568e-05,52153.64488239974
4.0327e-06,2.5324e-05,36856.16341648643
7.3737e-06,4.0612e-05,42743.93597295953
2.0282e-06,1.1822e-05,1805.5955248849825
4.0626e-06,5.0689e-07,10369.258569610669
1.2772e-05,1.3421e-06,93576.11179744263
0.069581,0.58071,147880.95799689656
1.035e-05,1.2438e-06,26958.733776649275
2.1913e-05,1.2221e-07,574.1497145352585
6.3662e-06,8.3766e-08,53.83660454714988
5.8843e-06,7.6332e-08,42.06155971748437
8.0812e-06,1.0507e-07,67.5037479301564
7.5965e-06,6.9823e-08,69.02849597288164
7.131e-06,5.4602e-08,139.72034058744944
3.7878e-06,5.2659e-08,35.73638295393763
6.9252e-06,1.111e-07,66.6577385442764
1.0341e-05,6.7257e-08,245.63581957897935
2.2698e-06,2.2389e-08,49653.83024690965
1.3167e-05,1.3653e-07,4636.015812869284
1.4403e-05,1.2699e-07,121.64422985585054
0.002596,7.3243e-08,14859.061223209636
4.3749e-06,1.6304e-06,40306.25867868666
1.5055e-06,8.8036e-08,3639.587900937876
6.5791e-07,8.9842e-08,1540.7885873937187
4.1292e-06,1.8547e-06,104055.5353380451
9.7075e-06,1.9448e-06,272536.25960107136
1.0451e-05,1.0237e-05,46230.81872238281
3.5849e-06,5.8226e-06,26371.974895975538
4.7116e-06,2.629e-06,30640.783108339692
7.1722e-06,2.2998e-07,18469.596870667094
4.8822e-05,1.7003,30376.150251438914
2.673e-06,3.7437e-07,15164.19578562087
9.3823e-06,6.8857e-07,44196.19011438567
6.6987e-06,1.8166e-06,59206.49321163
3.0193e-05,2.313e-06,466761.0336144474
8.1968e-06,0.13999,55508.288672181305
2.3877e-05,6.7147e-06,337565.22274591017
7.7304e-06,0.00010684,66660.42849259517
3.4156e-06,1.8717e-05,54639.19473498633
1.9921e-05,1.2623e-06,7429.8330486536115
0.00013792,0.0022409,32574.60257544444
0.0001732,1.8943e-06,11710.738091021472
6.8629e-05,1.7739e-08,7439.561358965962
0.00076145,1.6769e-07,97898.26988567003
3.1224e-05,4.8168e-07,146423.4415620889
2.9881e-05,7.7237e-08,6242.5747104914535
7.1303e-05,1.2532e-06,144854.12546919682
4.7325e-05,4.3879e-07,17045.574558358003
2.7279e-05,4.0107e-07,18267.993900428683
0.00010111,0.0055698,38766.228510195186
3.7475e-05,2.845e-07,11312.703600576386
0.00026496,3.4956e-05,5327.143802839423
0.00028352,7.5651e-05,8935.544643700921
0.00046621,6.594e-08,1551.27248390268
0.00047662,0.00016748,3257.4080794169545
0.00029956,6.8921e-08,1874.4758254061699
0.00036227,7.4006e-08,737.4558427886346
2.1443,0.003271,87786.16424438822
1.1793e-05,1.6632e-08,999.8033080024211
8.6103e-06,1.1815e-08,769.5896932213343
3.2763e-05,4.7024e-08,12917.4604647259
6.7387e-06,9.3868e-09,457.26326106429497
2.215e-05,3.0166e-08,-383.386425846956
1.8978e-05,2.5764e-08,-329.2855299164413
2.7207e-05,3.5162e-08,4936.518234085608
0.00015807,2.6114e-05,2687.5393616028236
2.8688e-05,1.0879e-05,2304819.461447136
0.00018702,6.7823e-05,187051.58768063504
0.00077804,3.404e-07,1235303.7809736757
1.7765e-05,3.0836e-06,29841.69198468888
0.00025976,0.00037046,357329.35750127083
0.00086014,0.000699,878337.5937373163
1.9614e-05,4.4426e-05,-1463.9899548059989
9.3974e-05,3.2846e-05,122058.47986045697
6.9439e-05,3.1818e-05,76504.63473596919
2.1089e-07,2.025e-06,3862.664824937145
1.158e-06,1.1149e-06,10764.869204566481
2.9789e-06,3.3748e-06,955.2083640484873
3.3478e-05,8.9056e-06,988786.1625155557
3.9228e-05,1.0012e-05,1680373.2380755257
1.4877e-06,0.00012674,4423330.797734042
5.5173e-06,3.2771e-05,3574.4070258449638
5.9617e-06,3.6648e-05,3179.1972353216
7.8253e-06,4.1878e-05,8823.631309675678
1.2604e-06,2.0281e-05,31570.87674274403
4.2109e-06,6.3451e-05,7626.510347848973
3.9778e-07,2.1996e-05,21851.67310304318
2.6693e-05,9.726e-06,3510.1441409356353
8.2355e-07,4.4797e-05,428985.7443883764
1.0581e-06,1.0965e-05,736586.1467486018
4.8414e-05,7.1487e-06,292102.3729187406
2.7128e-06,5.6054e-06,14743.781025729779
2.7562e-06,1.5434e-05,2764989.6362755974
0.00092416,6.7688e-05,3439733.248450501
4.6246e-07,2.0495e-05,125262.01842492491
1.149e-06,3.4298e-06,23730.147640458224
1.3233e-06,0.00010901,7605753.783894071
1.1364e-06,6.2324e-06,4178023.407489499
1.5965e-06,5.4587e-07,4031356.615446674
4.3511e-07,2.8636e-06,623682.7584880143
4.3701e-07,0.00036078,1492907.5372543277
1.1823e-05,3.6567e-06,40613.03118647755
2.3576e-06,2.891e-06,9295.487153332844
3.7236e-06,0.020154,9015.720981133172
8.3693e-06,0.0011545,32877.92739227161
0.0013364,5.7321e-05,2756893.9632242
8.95e-05,5.673,2206202.179462524
3.8356e-06,1.3712e-05,11024.801554989588
0.00010574,22.81,25694.55165515785
8.6349e-06,1.3053e-05,13659.96351205526
3.5043e-06,3.0399e-06,21015.66501627487
2.5651e-06,2.8349e-07,4137.020176075549
0.05221,1.7885,509877.4218275616
1.8488,0.40249,222818.494239084
290.94,0.1205,970595.9001396957
0.00087281,30.875,9493.571722060213
6.6667e-06,6.3563e-05,84303.18715800949
6.3714e-06,5.4877e-07,9283.063303007266
3.9017e-06,6.1945e-05,111218.34657894683
2.4166e-06,3.3999e-05,47936.975342139085
4.2551e-06,0.029452,14686.224983583012
0.00055622,14.692,-129622.58521930221
8.6399e-05,52.166,374012.49496269925
1.2109e-05,0.00016094,68924.27939028494
1.9599e-06,2.0174e-07,10707.422576081999
7.0822e-05,0.19921,77181.62295301024
3.7596e-06,1.2514e-08,7623.347911213972
1.6489e-06,1.5358e-07,3190.689398022625
3.2964e-06,1.3363e-08,127.56698233388919
1.8995e-05,2.0386e-07,229.25238598718414
1.8423e-06,9.4122e-09,2670.8217812367807
1.0655e-06,7.7815e-09,22204.2071119313
3.5607e-06,2.4548e-08,689.3854679449306
2.7128e-06,2.6194e-08,6.694430045105922
3.4156e-06,2.0593e-08,296.7529595367181
2.6657e-06,1.1372e-08,18.419743431840804
11.588,16.274,14034.415024278156
7.3846e-06,3.5394e-08,5858.141566543058
9.7112e-07,4.0875e-09,65.24142443965368
5.0789e-06,3.9865e-08,15395.280383357205
0.63999,0.0034771,4968.171269663303
2.7213e-05,0.65422,149297.0075216308
1.9855e-06,6.1197e-07,5468.17692463031
5.3343e-06,1.3365e-06,12895.079262949874
1.5359e-06,9.721e-06,735876.1610427446
0.00599,7.9372,99148.48831745758
0.0011703,12.969,41829.411601932436
4.3338,0.023329,154492.55430418445
0.0019969,26.968,38363.85507005324
0.00057622,0.00026534,14896.014669843387
3.6286e-05,0.001706,3876298.497390283
0.04177,0.32876,106955.63842386696
6.3406e-05,1.3668e-05,75689.70051108714
0.0051162,0.00028337,8107.88413678662
0.0055795,22.709,400878.4937632425
0.0011069,24.477,339433.8865481031
0.00097807,13.217,751864.8183053894
0.43886,0.10154,3252161.093557261
9.0058e-06,1.286e-05,153244.244957414
0.0023208,2.6106,17365.78160623731
0.00020623,0.0052527,31855.176841475848
1.1836,0.24991,461785.32648557285
0.00062938,4.7906e-07,140586.9770516908
0.034518,3.2945,791297.6651404046
1.7401e-05,2.3832e-07,4323.749590429264
3.8471e-05,0.073395,4848.238575096741
3.3246e-05,9.3005e-07,52279.483898245846
2.8951e-05,2.927e-07,4377.2401020316365
0.037567,0.54187,5736.961186352051
4.3862e-05,0.00076745,90585.06963522521
2.3986e-05,7.5919e-07,47795.79139821969
0.00060707,8.3238e-05,54069.8775103892
0.00045605,6.4445e-05,12532.530688440193
0.00038713,8.8391e-05,4633.956065381475
0.00064833,0.00045324,11185.150305360123
0.00036767,8.9869e-08,2936.3246787936023
0.00032531,0.00046611,1986.5537061901232
25.69,0.046746,-12459.196849479617
1.4877e-05,2.2491e-08,-1248.0219495985393
1.6057e-05,2.6022e-08,-6663.2434691924955
4.246e-05,6.9076e-08,9366.959255053045
0.11647,0.00021193,765.8861365348477
1.3079e-05,1.6028e-08,516.593751642278
8.2989e-06,1.2692e-08,172.22209321308335
1.0786e-05,1.7633e-08,183.72522457940448
0.00016774,2.6541e-05,84723.8622299392
0.010378,0.00019601,9145.340410580611
0.0023656,0.012335,219546.27079865438
0.0010733,5.6493e-05,10207.016351598277
5.6188e-06,1.8612e-06,8811.52556140575
0.0037315,0.00014082,136706.89261403916
0.00095505,0.00024455,225569.25523015
5.0172e-05,0.00020769,104299.69834357567
7.1059e-05,4.3392e-05,292990.72099878045
4.665e-05,4.0823e-05,72983.19533703224
9.8102e-07,3.4267e-05,18846.555851084624
1.5675e-06,1.168e-06,18738.837574561217
0.0042165,0.00048435,3033.5254974127934
4.8176e-05,1.6464e-05,7815310.874765128
5.6604e-05,1.6825e-05,7381615.454688228
1.4313e-06,7.4908e-05,1670714.2956551544
2.131e-06,0.00026371,730015.6402763255
1.6391e-06,7.7237e-05,10606.030923105163
2.4716e-06,0.00053294,10279827.947348509
9.6952e-07,6.9823e-05,28341.12576465294
1.4106e-06,8.4038e-05,36113.358831865095
9.5902e-07,7.4525e-05,1038991.0125928186
4.586e-06,1.6415e-05,2787.747560413616
1.0507e-06,6.0749e-05,3459070.481592387
1.1726e-06,1.9752e-05,31034.50497194886
4.0413e-06,2.8387e-05,969411.1240669207
1.5891e-06,1.9029e-05,221640.78930347002
1.0786e-06,9.2396e-06,358145.54988116596
2.9705e-05,7.2648e-05,12694207.702147333
4.1478e-07,2.6897e-05,80847.79879069715
9.8442e-07,4.3401e-06,30904.73379369164
3.5877e-07,2.9104e-05,4234886.589922385
5.8362e-07,3.0206e-06,2009655.8251480043
6.5369e-07,2.9756e-07,1761151.5169621448
2.946e-07,2.1523e-06,161916.96515915988
4.7306e-07,0.00046745,695512.085903081
0.00039198,1.3956e-08,271704.18468007015
0.00024457,1.464e-09,-653.6261334593082
0.00042681,1.3095e-08,132514.8962333704
0.00029268,5.5831e-09,69374.08661640661
0.17255,2.8941e-09,54401.643934200314
0.0044825,0.0076572,567095.1279048849
0.00026232,2.2356e-09,50836.3643838399
0.00016438,1.0763e-09,17224.713114100065
0.00013574,1.4787e-09,16598.991051150373
0.00027224,3.1123e-09,54012.060869483714
0.00024451,1.3043e-09,68027.82700584391
0.00016036,6.6938e-06,223626.07017101705
0.016235,0.14436,143817.47087328447
0.0030111,0.00041162,107953.0047288126
0.001466,8.3043e-09,52506.37620403964
0.00057665,4.0912e-08,184011.75275717073
0.00034203,5.5029e-09,70820.66380870796
0.00046571,7.2955e-09,106935.65023072365
0.00029824,5.6641e-05,65301.655243819434
0.0011145,0.0048552,37813.06835338955
0.00046152,1.5487e-05,250185.93810710392
0.29638,0.0,34986.63066474591
0.14013,0.0,16534.123399583685
0.21033,7.3619e-09,577.5244755202044
2.5147,0.0014161,9709.501535435262
7.0743,3.6226e-05,22415.665245562664
8.0893,1.6987e-07,23195.346202205845
0.0025379,0.0,355.23736603137394
0.00046425,0.0,64.59161049428883
0.00034541,0.0,46.56230798223363
0.00046966,0.0,65.27900160870453
0.00049556,0.0,68.0571119883966
0.00033758,0.0,45.56799192699976
0.00039756,0.0,58.9128663523571
0.00047372,0.0,58.4634775991502
0.0012934,0.0,193.6588742523681
0.0021924,0.0,310.6083953294966
0.0029875,0.0,550.4799528485098
0.0014176,0.0,262.19463071740006
0.0,0.0,1531.9382140585315
3.3683e-05,0.00031256,225959.79606317697
9.7107e-06,1.6824e-09,71986.75066810024
1.3121e-05,2.2273e-05,473777.2179815247
1.294e-05,0.00016023,374966.4076840913
0.0021596,0.0083609,508540.52911033627
8.096e-05,0.0048014,185086.68405458448
177.08,0.0011951,239376.28142058512
0.0024711,0.092998,92357.77591075689
0.0014476,0.016761,136303.9488598959
28.385,0.00027084,110761.18966448048
0.00083338,0.056111,524914.3299471188
0.00011889,7.1834e-05,123450.11776858543
0.0003988,0.02236,138427.4590197517
6.8893,0.0010973,1630548.8198373471
1.8986,3.4112,1324576.3591978566
1957.2,8.0795e-05,370622.1768824345
4574.8,0.029348,841090.0404638957
0.00012498,1.8752e-06,336216.7364031823
160.03,0.0025097,310530.416037721
95.652,8.3524e-05,120251.07365972754
87.629,0.0042245,105305.29190271563
0.098012,1.317e-05,517315.78003348096
98.673,1.4901e-05,2129927.7769633676
2.8408,8.0406,145054.10819578727
204.43,0.00017844,258914.36140046967
0.28276,0.001471,103097.82433617431
0.60495,0.0031538,76648.42006491321
2.4696,0.012887,166334.90314270143
0.0016231,0.0041051,125725.30806087867
0.0087509,7.0099e-08,238761.10513170747
123.13,8.008e-05,142207.01031233423
136.57,5.1107e-05,206399.88113335808
0.0024007,3.9964e-06,28117.75169542394
1.8726,6.36e-06,50280.99275775529
0.0044988,9.9662e-06,30750.742602849936
0.16651,7.6969e-05,32509.26930513922
0.0003403,0.0,290.6324904639419
0.00023328,0.0,64.21631151405522
0.00039274,0.0,160.45724208307104
3.5339e-05,0.0,1.4823003332329003
0.00015935,0.0,7.111063729143703
5.8839e-05,0.0,2.837808248653699
1.9544e-05,0.0,12.382107557166458
0.00013372,0.0,33.32143997286298
1995.5,0.00099061,503722.48371127364
115.52,0.0012949,644567.8350884857
0.32779,0.00015666,454611.42312092136
142.81,0.0,184653.0713026189
0.00024886,0.0030064,562046.7035329129
3.0711,0.00021233,489636.7723970526
184.29,0.010619,487892.8233408458
54.332,0.0030205,2081298.4835565842
10.759,0.0044207,718770.9752524561
4.5686,0.10618,298055.2309739003
2.0725e-05,0.0058159,83232.18089920637
1.9407,0.00072741,112799.10630601889
0.59603,0.00022192,347981.68559735233
141.56,0.0039857,3207398.6989204115
535.39,5.2929e-05,4489323.893238655
149920.0,0.01737,8097405.892525197
229.89,0.0066689,1167879.268606771
245.0,0.018212,1150391.4794907093
27.376,0.020239,1266875.1108308553
1540.7,2.2149e-06,159385.1242529585
4702.6,0.0046229,194305.6862479889
871.11,0.002115,737169.0593371822
205.48,0.0028159,49910.02650623357
3585.2,0.0,1509530.4501180525
78.528,1.1807,409827.39215996687
83.555,0.02117,841220.5563668166
1317.8,3.6649,1340296.8255857553
17320.0,0.00098018,1520664.501496509
7299.6,11.122,4641372.79806457
3602.6,0.010067,1238889.1593925029
9.8563,0.10742,810268.4275142049
5482.8,0.075615,5605922.022935295
828.38,0.00081575,3309839.371995058
13.523,4.08e-05,4066626.114520594
664.47,0.18811,1060750.343721172
17.367,0.064074,1047689.8373940851
0.00020997,1.6305e-09,8491.791183146192
0.00012249,4.09e-10,2356.3814069131618
0.00019706,1.5236e-09,11819.620244325051
0.00021778,7.1999e-06,5075.87396743169
0.028052,1.3808e-10,8564.882853781817
0.00074131,2.8138e-05,27557.255481797707
0.00019286,5.4191e-10,4436.078426661374
0.00023694,9.7109e-10,6882.848212284715
0.00013351,4.5161e-10,3063.4163607026653
9.2648e-05,2.8191e-10,1982.4139748268012
0.00021814,7.5131e-10,69403.34231231839
0.029077,0.00035456,146044.73208239285
0.0001921,6.8079e-10,4254.072137144447
0.09854,1.8167e-06,7291.1056259112975
0.00046768,1.2332e-09,8481.798114236759
0.00029728,3.6528e-09,52285.9997922126
0.00044079,2.3792e-09,11555.800427343545
0.00038298,2.4667e-09,9280.332863870946
0.00023241,9.707e-10,5899.615861136097
0.00038873,3.527e-09,12318.852445155273
0.0002916,4.6376e-09,-6300.855468188789
0.0,0.0,-2.75244e-09
0.0,0.0,-6.722991999999999e-08
0.0,0.0,-7.206401430000006e-06
0.0,0.0,-1.763981660000004e-06
0.0,0.0,1.5515278160000008e-05
0.0,0.0,-3.6758232999999935e-06
0.00086967,0.0,171.44642357063984
0.01001,0.0,2266.5827081463362
0.001661,0.0,84.5534789730634
0.0045361,0.0,144.43056314499552
0.0016381,0.0,59.057166168658256
0.00072683,0.0,295.78255929883795
0.002752,0.0,105.19143819539957
0.0041635,0.0,114.81728683123731
0.0065553,0.0,1350.3951740766536
0.00098371,0.0,105.3037865672699
0.00062359,0.0,73.9276095956741
0.00091474,0.0,77.88652381329234
0.0,0.0,966.1563604635737
2.3469e-06,1.9606e-09,217313.00880495505
2.7257e-06,1.0449e-10,7369.68035949474
3.9783e-06,1.5933e-09,70198.03156708051
3.8811e-06,8.1303e-10,13091.29004243495
3.1125e-05,4.4333e-10,10781.590668065617
8.1492e-06,4.4476e-09,26957.7511573277
164.54,0.0024221,33164.40630000522
1.097e-05,1.7959e-09,20146.971687682693
0.0029009,0.00083844,112600.44979504713
0.17155,9.2445e-05,84337.92819454454
113.8,0.0020818,330702.1335327953
2.6197e-05,3.383e-10,23095.83076805646
1.8718e-05,7.0685e-09,29834.524497639235
6.5126e-05,7.541e-09,174119.52989164367
0.0408,0.00031976,98987.59147601877
1.7523,0.81413,358368.98966324126
0.24682,0.019659,285613.91902637447
0.0022238,8.8329e-05,468215.5897745203
40.244,0.18175,50507.48547327259
3.3885e-05,0.000106,9850.352402764382
0.10285,6.1843e-06,12171.268889016157
0.0,0.0,0.0
0.0,0.0,0.0
3.4776,3.4522e-09,5820.561545900602
4.0175,4.5803e-09,37142.156569389976
3.5826,3.9814e-09,7435.842265526497
4.4723,4.8306e-09,12019.33938834289
3.7315,0.0022701,7490.251308360875
14.309,0.0019719,95036.14698422326
3.9796,2.2857e-08,13879.213982253405
0.42207,0.0,225012.33172453582
22.644,0.0,725349.340025018
0.6609,0.0,16411.80187883718
0.064749,0.0,30194.169096808786
0.0054618,0.0,34821.44611726208
0.046442,0.0,105447.47320439632
0.016758,0.0,58380.49086295069
0.59053,0.0,21050.483716116636
0.24712,0.0,12909.93326929296
1.8316e-05,0.0,8913.889690174652
1.462e-05,0.0,21866.919780971817
1.8363e-05,0.0,14373.37771207872
1.5724e-05,0.0,9113.97259380249
1.3698e-05,0.0,6826.068640183876
12.08,0.020571,265010.8128343978
3.3341,0.0010748,1018978.232031989
0.6535,0.0,200785.9830587389
22.821,0.0,26357.279343927676
2.221,2.3064e-06,41121.07094922182
0.4798,0.0030641,102430.53407201826
18.18,0.0025946,37010.07262713809
1.8254,0.0015493,50630.86072330411
24.879,0.28994,191432.92281370494
13.471,0.00097998,150867.16743223392
0.00067816,0.0015184,43784.96080662341
6.6389,0.0014814,58699.185662785945
0.0014821,0.00011894,89212.45825433916
15180.0,0.034184,4323013.985197146
34082.0,0.11178,3859331.2211685884
129020.0,0.010621,5023024.713221711
2616.0,0.014664,341055.6585492188
2926.9,0.0077395,415478.836179338
1381.9,0.0097358,417101.14083179826
2.8857,0.0,105573.843229512
97370.0,0.01352,1400487.6036366883
1742.4,0.0001498,123605.90799270582
35.333,0.0073525,27028.794849470414
11514.0,0.0,1588468.1081373699
557.67,0.16759,513419.08048560447
16013.0,0.020857,1255502.8430742724
700790.0,1.4786,5925414.458270337
200410.0,3.5261,38155863.24616831
227.94,2.054,6229412.519226087
18384.0,0.03505,4971146.947256941
4.093,0.01152,440405.47319232003
339.27,0.028395,6395911.843944803
1424.0,0.0083762,2770972.154448664
1272.8,0.13201,6047223.701452003
447.55,0.049815,679396.5766222557
26.748,0.0024404,401675.226891405
0.0003007,2.2195e-08,145683.64656865216
0.00026269,8.0689e-05,2819.142788801828
0.0003255,1.2752e-05,29963.728738313228
0.00028596,2.6346e-05,27675.26909658464
0.12219,2.3827e-05,20856.574070466762
2.974,0.0025438,342646.6541959834
0.00023804,5.9172e-09,10686.421607765244
0.0002107,5.3063e-09,8574.741732817874
0.00012539,6.25e-09,7515.428833937819
0.00024585,7.0811e-09,13427.56154709196
93.345,1.8362e-05,19060.92546960677
0.042912,0.0016496,46740.71405759947
0.36058,0.0068369,61072.00875976116
0.0013527,3.8972e-05,31111.473620563633
0.0010807,4.3031e-08,62689.822711123714
0.00026134,1.0216e-08,22008.686034254566
0.00027475,5.4077e-09,12167.423149773844
0.00030533,1.8267e-08,35753.50075860235
0.00044133,0.0013839,69339.57948216525
0.00014916,5.0372e-05,6981.731055785258
0.053798,0.0061262,139107.2017912628
2.7209,0.19883,48432.93925555427
0.966,4.9108e-06,3578.9473022470493
0.00037976,0.0,-98.98706229460974
0.0013199,0.0,52.5722924794807
0.00086935,0.0,-15.677254108375696
0.0024128,0.0,-112.32548301725761
0.02344,0.0,82.3443110580115
0.024525,0.0,90.32683081732223
0.072335,0.0,246.8101401443327
0.02156,0.0,76.0537044105244
0.0024636,0.0,4.588313187531623
0.023724,0.0,85.01926583502197
0.055848,0.0,183.52247244660802
0.025136,0.0,83.45593470422259
0.032561,0.0,136.11988271029722
0.016584,0.0,189.43232942586292
0.015929,0.0,6156.110741642206
0.032341,0.0,338.2474437123511
0.0,0.0,77.887888908303
0.0010181,0.02388,80227.58412114512
3.8167e-05,0.00026173,19421.168215094334
0.0011975,0.029487,249604.3545312651
0.00016324,0.0059909,149730.28095374643
0.0068805,0.021787,113686.57598441967
0.00092697,0.071444,77582.90301776293
681.29,0.0058658,129425.455162023
0.00054142,0.010459,51531.45013810778
0.001732,0.0050596,54077.39251720954
8.88,0.00037112,51356.22415635402
0.00066377,0.023358,167393.3268981428
0.00063048,0.00066622,71524.36885425307
7.9888e-05,0.0016235,29311.654196415067
36.646,0.10884,1631021.47444363
84.596,0.00065048,482924.3430899945
57.456,0.00034305,48527.25720710235
667.9,0.00012216,225940.28358885986
3.0078e-05,4.2088e-09,34154.24075608183
307.14,0.00057338,494740.3536659536
32.829,2.1895e-05,43029.877263074566
28.888,0.037073,126936.26503391986
1.4046,0.0,2836.4918775116334
1.1307,0.0,1553.8135948882182
0.0039748,1.8649e-05,12815.27756504207
0.12131,0.0003225,10672.054173364708
0.019144,2.3666e-05,15405.308280485471
0.0045141,5.3866e-06,7128.283364185001
0.030551,3.7931e-05,12298.214924259137
0.072109,0.0047178,252791.56584401516
0.001332,7.7306e-09,84507.51637794959
37.939,0.0044745,26484.24407965093
30.485,0.00032294,46786.311346603885
24.652,5.696e-05,17607.343361711854
26.574,1.6464e-05,28717.873569531348
18.792,0.003383,13642.365444904883
26.752,3.4069e-05,58461.91766429818
0.01547,0.0,72.7775950711689
0.011786,0.0,204.3269858889152
0.013244,0.0,-169.23266266077678
0.0093488,0.0,-636.8772755111582
0.0084036,0.0,-528.9197202030184
0.0071817,0.0,-174.396040841268
0.0088165,0.0,-278.7281898837066
0.0058404,0.0,282.33810876625057
189.94,0.0003157,249241.64911826796
20.498,0.00049663,247348.96771376964
16.822,0.00026831,266751.565897225
29.626,0.0,72015.67393849428
0.00050163,0.16725,141703.963684084
7.8422,0.0010765,470048.1849939952
66.449,3.0945e-05,272978.78727294644
51.05,0.00036506,325757.2834715237
1.8446,0.0049299,550832.2074159306
0.78621,0.0021514,72012.47378186886
0.0003652,0.010784,43209.39968908759
0.0023268,3.8277e-05,202012.93852833743
17.736,0.0002349,72490.31952069582
0.6255,0.15013,2154442.705190602
6.0699,1.5091,2507036.287355203
47.936,3.0345,3622064.120997738
369.8,42.589,381752.81390743685
193.3,23.67,238144.1584917331
44.634,6.2808,517440.343844081
7.1915,0.0,64878.42905221874
6.9442,1.1052,248179.86742162248
37.479,1.581,126159.34140296157
4.2583,0.17921,20992.26020600558
95.649,0.0,881817.3893886928
1.8124,3.8932,164940.54736733506
211.52,1.8399,619981.5410687277
471.49,6.6402,554913.4251252036
278.5,5.0745,767963.7002133416
43.254,3.3735,4684979.972924487
1.7646,2.2397,465655.3812167238
63.091,1.2812,389315.3255503089
0.0082172,0.034416,3945104.404842906
6.2968,0.0027252,1967858.3764994175
7.3232,0.030847,2098167.9130455535
0.09161,0.033184,910355.9868184878
7.9805,0.0,539837.8428035066
0.00040579,1.7909e-08,715747.168973012
0.0019882,8.2833e-09,94762.7379677323
0.00040551,1.8361e-08,308194.985331601
0.0051717,0.035451,145443.9755069606
0.14135,1.0621e-08,99856.55822229192
0.0050446,0.0019485,4595550.040305451
0.00070353,1.9565e-08,354602.3560683749
0.00044697,2.6778e-09,44780.84838260025
0.00038397,3.6702e-09,49076.12112064358
0.00073659,1.3315e-08,98637.8685430631
0.00042872,1.8794e-08,431296.5773771863
0.018886,0.097658,2428921.5743004032
0.094293,0.71279,1339866.9472162155
15333.0,0.00010146,901166.0810820722
0.0073519,0.0085377,93928.11503072701
0.00066557,8.7122e-09,116478.91150567918
0.00041394,1.5956e-08,293141.4859732111
0.00025552,3.248e-09,28081.855911762337
0.00032084,2.3646e-08,458587.4242789736
0.001113,3.126e-06,163289.25141205848
0.00061128,0.00041687,84086.2329328556
0.015627,0.054785,703749.9336204618
0.00014111,1.871e-08,414354.1489852
0.00010058,0.0,206.75663850757584
0.00010828,0.0,-4.127951316970509
0.00040426,0.0,54.25746903484323
7.956e-05,0.0,215.55063754177135
3.0396e-05,0.0,-1142.0860108361123
0.00097414,0.0,989.9852573147027
0.00067398,0.0,4502.132458696171
0.0001756,0.0,-691.4203237316418
0.0002103,0.0,-2145.2527516378045
0.00016663,0.0,1377.163005311833
0.00091712,0.0,118.98386195784755
0.00038311,0.0,2265.638978583091
0.00010654,0.0,19018.61016021073
0.0012058,0.0,-5181.898603706127
278.27,0.0,48416.13446791535
0.00016071,0.0,42507.906976710314
0.0,0.0,185.0355536735176
8.2351e-05,0.0025113,1829089.5209842797
3.6057e-05,1.4143e-08,149207.38710494284
8.8922e-06,1.2799e-08,165421.98767994108
9.3036e-06,8.7292e-08,1151193.000188679
7.3754e-05,9.2213e-08,1595233.290281468
184.77,0.00025361,549533.4783460625
0.024726,4.453,2533964.1199797224
0.0010297,0.026424,877144.3986842815
0.00022792,0.0015742,117188.51732797516
0.001217,0.011561,129550.36344195416
0.020731,0.61409,352564.42592745024
0.14624,0.00012197,735585.0398746186
0.089614,4.2293,81767.32966032419
3.7095,0.075141,1653979.1230161113
0.035657,0.7185,659024.7228381373
0.00032199,0.0044223,1300753.5912671592
49.707,0.014575,3927648.368041878
0.00016957,5.0772e-06,1342713.8697127504
0.0021031,0.00025801,82439.44815755638
0.10227,0.34161,115979.37982382733
0.084237,0.0046815,211257.9156624324
1.1137e-06,0.0,779.1619518924027
0.0045793,0.0,15703.963667555416
0.0025053,0.026031,186655.47380383257
2.4443,0.0014206,1007107.5827078276
0.00029013,6.728e-09,72143.59429268083
290.27,7.716,74713.50331305852
1.9585,0.052055,56496.00727482113
0.016964,0.22092,1108910.5038439524
0.00039643,3.766e-07,662368.178263135
0.015719,0.00062911,188261.0648637205
0.0051013,0.00027207,230751.86732025063
0.0026925,5.5997e-06,32861.95428736645
0.0040928,6.08e-05,167610.97373806356
0.0034831,0.0019618,141664.3318058869
0.0033721,6.3615e-05,26681.467652038456
0.0010203,0.0,8717.287116846617
1.9315e-07,0.0,21616.478663541053
0.049677,0.0,8962.567729496535
3.4958e-07,0.0,3933.603993223722
4.0857e-07,0.0,57533.777872295475
1.0957e-07,0.0,113.47647097460217
7.4942e-08,0.0,545.0568382966537
0.00037988,0.0,8696.426142893873
0.003025,0.0001081,941462.6517297085
0.00014506,9.8863e-05,318928.51367001265
79.253,0.00097538,4921797.367207097
0.30033,0.0,693113.8765449582
5.8104e-05,7.3026e-07,164432.0883101767
0.00041057,0.00083983,383165.50248486473
0.021902,0.0069789,1897735.5149017277
0.042438,5.1502e-06,732294.1367240645
0.92579,0.0,944138.7824389512
0.49904,0.0,1471314.1859197589
0.0,0.0,271350.03516264097
0.0,0.0,78213.58695598444
0.0,0.0,65651.23643181102
14.403,0.00076802,9409664.448079186
17.458,0.00084168,11433297.505416416
6.2935,6.345e-05,10239757.515193218
18.401,0.02085,795236.9773098308
32.887,0.012181,353592.49073588365
31.741,0.019437,442250.2659050512
0.0040567,0.00041663,249117.09138730686
853.86,0.1027,815819.5887411891
28.863,0.023347,527226.3353610616
4.7061,0.0010038,30749.04024665456
7.6568,0.0,6452248.566736532
0.066458,0.00040472,494496.8434393753
214.0,0.046157,3817237.0047091944
182.09,7.3177e-05,722750.8603453403
0.0093981,0.09246,1739099.8822700952
11.686,5.4825,6277384.678780875
0.0022298,2.7087,1891165.108412635
0.19477,0.066682,1526380.8419090873
0.020282,0.0005704,17190338.181143347
0.033377,0.0,8227229.288733404
10.512,0.0,5785837.8377701035
0.011784,7.3664e-05,552782.611154026
0.0056735,0.0,1780955.182639658
0.00073805,0.15484,13937.638884482383
0.00028846,0.076373,14063.898126258495
5.1112e-05,0.029363,13443.510397760783
0.51272,3.4989,16682.592457352686
0.0011254,3.7983e-05,16966.271192711232
7.7706e-06,0.025,390736.0351526125
5.942e-06,2.547e-05,22344.872914780044
5.5822e-06,1.3916e-06,9102.590675200776
2.4397e-06,1.2383e-06,3494.2849943543624
3.1259e-06,1.0956e-06,4759.864046253576
4.5083e-06,5.8682e-06,145938.80394859632
7.1456e-06,0.0039539,44328.30183623366
6.824e-06,2.3138e-05,22659.221313373422
0.00016727,0.28424,27880.677441545824
3.6419e-05,2.4964e-05,16272.628773261069
5.5647e-06,6.7178e-06,8593.033280701671
4.4702e-06,1.2061e-06,8434.337248591008
1.7453e-06,6.3023e-07,2087.830134350475
3.8294e-06,1.4666e-05,15688.457494540338
4.3671e-06,4.4817e-06,6862.847542380754
4.5654e-06,6.4055e-06,7019.716207052146
2.1764e-06,9.8282e-05,42955.70455116801
2.5316e-06,1.1043e-06,1412.9588573884632
5.1297e-06,2.5398e-07,9442.866978813985
4.1062e-06,2.8933e-06,17732.275119610218
5.4726e-06,4.3648e-07,11856.978110980459
3.1003e-06,2.3066e-07,3476.506208740751
1.0327e-06,5.9435e-09,-17864.84071735811
5.6514e-06,9.9594e-09,167.21639453071376
4.2133e-05,1.5469e-08,78.77935407078417
9.34e-06,5.0343e-08,-68.16684463376856
4.9701e-06,1.9133e-08,92.85351179412868
5.7187e-06,7.8382e-09,45.77094967141508
7.6138e-06,2.4691e-08,-45.24076728497532
7.095e-06,2.283e-08,98.37932178518834
7.7409e-06,2.4748e-09,-330.24314641372223
1.3318e-05,1.1607e-07,-554.279324244519
1.7413e-05,6.1935e-08,-323.10249952624133
1.5822e-05,3.8481e-08,237.85608946002998
0.011056,3.515e-07,2025.7930251447413
3.8926e-06,0.0032566,19192.981350322072
2.0051e-06,2.7534e-07,4839.289369664892
1.7847e-06,0.00056686,36994.57919108224
5.8492e-07,2.695e-06,93985.43123186924
1.8412e-05,0.00035043,31938.621662395137
2.1101e-06,3.5555e-06,10157.236322399567
1.485e-06,0.011514,37980.175758046935
6.4978e-06,0.0016418,22722.622226970063
7.6352e-06,8.0692e-06,50113.67918158017
2.7122e-06,0.0043624,113583.71061039293
4.7673e-06,0.015018,88787.95929618568
1.5393e-05,3.1181e-06,17298.739262050247
0.0065174,4.8625e-05,24492.593406595453
5.2171e-06,1.2904e-06,231219.1843048008
0.00036083,5.0857,309591.28768410266
2.0005e-05,0.0021671,68692.81683307573
3.1181e-05,0.00037331,162715.29344444157
7.3315e-06,1.2895e-05,97552.07489171848
0.00054429,6.373,5936.798941989174
0.00012789,0.00011545,14234.138729455448
7.2419e-05,4.9677e-05,22777.942425594294
0.00010879,1.2463e-08,10177.927283949672
0.00046712,7.4401e-07,65453.69465479487
9.9677e-06,4.2204e-08,1772.3209267856207
1.3817e-05,3.8e-07,4748.49736821778
2.1359e-05,2.8244e-07,12714.128959855281
2.1623e-05,1.2534e-07,4637.226586683511
3.7719e-05,3.0296e-07,9691.657382022711
0.00096535,0.073733,30218.17227549954
0.0030338,0.0047198,5761.532931950129
0.00055728,0.0011578,11170.385821524573
0.014485,0.1846,6605.4433224364675
0.00028851,4.7008e-08,691.7660226805383
0.00092649,6.702e-08,2145.5385281434665
0.00034451,5.3324e-08,880.0737085554207
0.00023037,3.8569e-08,595.6190975505262
0.00079433,1.2266e-06,1858.0100683959374
1.6036e-06,1.7985e-09,1316.1965397802808
2.5887e-06,2.9261e-09,86.15080384551753
8.785e-06,1.2158e-08,921.4164483434105
5.6061e-06,6.8074e-09,1354.7925666569781
3.664e-06,3.9711e-09,93.10630982965908
3.7775e-06,4.557e-09,418.2508109762464
8.5704e-06,8.3574e-09,347.8333062155476
0.037632,0.14544,183342.44185935042
0.0030513,0.0030869,110340.55451119484
0.00016378,0.00071123,263141.1052425607
0.00027759,1.6317e-07,10969.99404187587
2.009e-05,1.1195e-06,32321.0082423399
0.0017593,0.0016148,154430.81540289012
0.00084366,0.0089973,49836.11738535219
0.0011741,0.00075605,59157.46832239498
3.004e-05,9.0014e-06,7492.228800308333
7.0063e-05,1.646e-05,12072.29607201598
4.204e-07,1.5472e-06,125.63881475876997
2.6144e-06,2.4727e-06,932.3688360982987
0.0041533,0.00097908,54374.81456101198
3.3039e-05,9.784e-06,1374865.3794888963
3.9485e-05,8.927e-06,1309795.6635623302
1.4357e-06,2.5006e-05,734309.9450280276
1.8285e-05,0.00021893,260731.9407272236
1.7426e-05,3.751e-05,56292.840955079155
1.2965e-05,0.00025422,317199.3591734993
2.7033e-06,3.3837e-05,44633.154505342674
5.3113e-06,3.1623e-05,62195.81668624601
1.1823e-06,4.1282e-05,160595.19253790454
3.529e-05,9.4224e-06,3325.4736238543624
1.5234e-06,2.5535e-05,468872.34029865765
8.3259e-07,1.0325e-05,625340.5777438217
3.2955e-05,5.3311e-06,68708.1104651685
4.9203e-06,9.717e-06,129924.15281645417
2.4761e-06,2.4569e-06,300273.7948547427
0.00070064,5.0366e-06,1783247.181264714
4.4459e-07,7.8973e-06,14905.540825766697
1.7721e-06,8.7024e-07,81615.97871039127
4.0718e-06,3.1201e-05,727207.9031513531
9.0441e-07,2.2449e-06,556150.5469696124
6.8786e-07,3.0652e-07,1035852.5737478669
3.4925e-07,1.7884e-06,112106.4170502392
4.5867e-07,0.0004023,137506.18164710086
1.847e-06,6.4739e-08,3364.6652614338886
2.6688e-06,2.5231e-06,8568.28924116735
9.8808e-07,1.792e-06,2260.5981151712776
3.5497e-05,4.223,46735.56155802834
0.0013259,5.3652e-06,631827.0711249235
3.7002e-06,0.0030656,111802.26176591757
1.3134e-06,1.8416e-06,4449.573053743296
8.896e-06,4.3829e-06,14617.243349150685
1.5852e-05,8.0032e-06,33183.03317745879
8.3386e-07,1.5408e-06,3452.120064286704
5.2971e-06,8.5951e-07,8567.7167784353
1.4568,0.20955,84214.28650787445
1.507e-05,1.9853e-05,81340.6441488323
10745.0,3.7347,1129996.1131137237
1.2438e-05,6.2668e-07,24151.94868546336
2.2615e-06,9.3391e-06,116395.10225632357
1.1168e-06,2.3627e-06,20787.485838479406
2.1909e-06,4.7124e-05,891084.7282673665
2.2033e-06,6.42e-06,7618.830158042897
2.3096e-05,3.1174,22216.27764456093
4.5227e-05,1.5465,494641.8461629279
2.8864e-05,8.0934,110321.5708100058
1.1943e-05,9.2551e-05,63204.49797366529
4.4913e-06,1.448e-06,136714.28363362802
4.4073e-06,1.0319e-06,52945.28071129231
2.9673e-06,3.4332e-07,8028.413150532032
1.7272e-05,0.00010515,15138.541180329697
9.2317e-06,7.5569e-08,3161.0693183144517
1.0929e-05,1.135e-07,218.93007760182533
5.6848e-06,5.8717e-08,135.43647860912023
1.6662e-05,2.7563e-08,595.238711547266
6.4848e-06,6.9906e-08,249.28307794256548
2.1239e-05,7.4568e-08,365.66492119942063
4.3267e-06,7.119e-08,45.40881086422769
6.0911e-06,2.6947e-08,80.6991560752847
1.6317e-05,2.1583e-07,2403.314446392591
1.0749e-05,8.0739e-08,489.7763378222685
2.7169e-05,1.1705e-07,3729.502630426787
2.0811e-05,1.297e-07,309.23072724480807
7.7654,0.039021,4915.818468310185
0.0005108,9.2201,109587.11577156615
6.8173e-06,2.5336e-06,25177.187731170798
4.3376e-06,1.0064e-05,55526.94700534376
1.6702e-06,2.9536e-06,93732.70850071554
2.1977e-05,2.7093e-06,62397.63109850269
0.0013039,24.452,111680.99441342942
0.00089385,17.301,49618.01366377031
0.00039101,4.1161,21269.105387642296
5.27e-05,0.16786,11890.457396178457
7.67e-06,0.0070776,45835.92243084494
5.2837e-06,5.3232e-06,158462.41401565814
1.1385e-05,1.6229e-07,7897.229251263975
2.3506e-06,2.726e-07,5877.374507461114
0.00019692,0.56338,131475.97368515315
0.00011825,1.5766,70475.10537107357
5.194e-06,6.2158e-06,103833.19953873836
0.0032794,0.092855,341873.4430018672
7.3986e-05,0.0022633,64113.99091217705
0.0026863,47.676,13240.639383685446
0.00027505,0.019,51804.20510064031
0.00022616,0.00026522,25482.588093263657
0.00016039,2.9861e-08,16874.252865964267
0.00021536,0.0012903,210413.33277513197
4.7777e-05,2.831e-07,13259.646788377899
0.0001643,4.251e-07,38028.199901746644
5.0805e-05,4.0366e-07,14784.61199223553
0.00088008,0.01125,8027.508076417659
0.0061544,0.081512,9250.096294474772
0.0015443,0.36161,41031.220571062484
0.00027712,0.00026719,24079.24189910762
0.00048811,0.0019821,13883.799896079905
0.00084662,0.010275,224505.85528003186
0.0010994,9.5597e-08,5105.450074972664
0.0014742,0.052148,8761.62596138099
0.00090728,9.8699e-08,4408.334984387273
0.0006614,0.038767,86502.87039523022
2.5582,0.0043013,2132.733683595623
3.1994e-05,4.8468e-08,1037.773945738972
1.5349e-05,1.6892e-08,1428.3059813921595
8.5797e-06,1.1266e-08,195.97736848475736
1.2942e-05,1.8732e-08,250.82860221982148
2.3147e-05,3.5196e-08,318.604141233596
6.4359e-06,8.8495e-09,145.94924463511958
1.1557e-05,1.7236e-08,1231.1082672211337
0.047357,0.0032216,93582.20919210018
0.045873,0.00011612,24245.873405707203
0.016232,0.82658,567973.0775657613
0.00035717,6.7967e-07,11731.217687212978
5.2471e-06,9.9161e-07,8325.066103094083
4.7769e-05,1.2896e-05,319516.23224517354
0.00037153,0.00053084,32658.729448105987
0.0017875,0.032773,68734.5351138537
5.1161e-05,1.8424e-05,56101.54922958514
5.2185e-05,1.7678e-05,21003.860776570185
2.6492e-07,1.1933e-06,2232.75609638021
1.6507e-06,8.5976e-07,44149.4058360233
0.04178,0.01491,5887.928030961506
2.3858e-05,3.5711e-06,609933.5379218935
2.7099e-05,3.9594e-06,966378.7592560878
4.6429e-07,1.803e-05,79136.11367479447
2.8832e-06,3.2406e-05,25410.04949771409
3.0269e-06,2.1444e-05,6823.549489060161
3.4746e-06,2.3464e-05,12853.641601091189
8.6609e-07,1.1776e-05,12971.691926201413
1.4309e-06,1.5148e-05,16236.353538163376
2.0267e-07,1.2758e-05,4341.852813324451
2.6263e-05,9.6329e-06,1819.002160511761
8.2377e-07,2.8608e-05,261946.8526712787
7.6909e-07,5.9397e-06,346663.37164202693
2.2654e-05,4.4872e-06,45027.4451384078
2.0955e-06,5.0353e-06,204587.68675969876
1.4131e-06,5.1617e-06,46728.97248677753
2.7767e-05,5.2213e-05,1930411.6341277773
3.007e-07,1.3836e-05,9343.394239017372
7.3113e-07,1.4527e-06,244419.48516057545
4.3781e-07,1.8338e-05,627948.9297954703
8.3388e-07,2.9374e-06,1035358.0668278482
9.9893e-07,4.3096e-07,1114185.276575658
2.7642e-07,1.895e-06,143211.05691508655
3.8284e-07,0.00028603,72441.40629114905
0.00045086,2.3448e-08,271765.7069137774
0.019106,0.34184,6561252.013789026
0.0013056,0.020136,395582.82792934653
12.706,0.17989,284441.35345623584
0.40411,2.8011e-08,422005.9425118238
2393.3,0.0015378,18303373.340860154
0.00070276,4.8309e-08,366281.49493926775
18.83,2.388e-05,207627.08009345588
0.00031161,1.1826e-05,189080.99918583367
0.0010035,0.0033682,493364.11023273604
414.53,0.00034041,1081349.4751901717
5520.3,0.0035089,6410071.378670533
156.88,0.00017907,134367.36629546012
16414.0,0.00016352,878053.5728550557
55.573,0.00032525,54212.13981705763
0.028395,1.1609,8228794.607485653
0.00020953,6.3681e-10,103336.19573958594
0.00063772,2.6769e-08,325050.17581095034
0.3025,0.10092,1757724.469290996
44.098,0.001974,243387.28629432662
231.5,0.0012779,6138008.741443629
2.109,0.0,1592668.1377969603
5.9895e-05,0.0,1053728.6007948604
0.0016913,0.0,21220.42905029058
0.00044361,0.0,-1479.5589036498782
4.9884,0.0,292793.4831892138
0.0044534,0.0,134417.91202859159
0.61508,0.0,41278.091541853966
0.00353,0.0,9255.471504191602
0.0058612,0.0,11555.943779887715
0.0018327,0.0,5407.749031816008
0.0028134,0.0,206432.73039067618
12034.0,0.0,13730.91138631877
11.7,0.0,10488.057499573253
0.0092575,0.0,20372.050555287267
0.27321,0.0,10557.344371119922
0.057844,0.0,72658.6416584262
594.38,0.0,100924.0947156886
0.27285,0.0,6936.789664613439
59.386,0.0,12260088.418375297
4.875e-05,1.2066,14405246.09581306
2.3752e-05,0.00027329,787855.2340219083
3.8365e-05,0.77903,11916085.436781205
8.4462e-06,0.022591,23233429.034099054
0.00084266,2.4061,5213039.988315074
234.22,0.55912,1969422.4791150806
8648.7,1.5025,5109986.798978511
1296.6,0.83107,1787513.4973348137
2605.0,0.8203,4615602.018325013
787.04,0.47524,1160783.0974534752
26840.0,0.2206,9065770.507923067
168.87,0.5922,2861197.647680569
486.94,0.11165,694724.4449319101
354.88,0.035743,22240439.58104534
13697.0,0.58564,19724074.634803265
4880.1,0.19285,3188316.6885567373
21279.0,0.0027085,10373320.222831191
0.067051,4.5566e-05,7181734.598235869
80.648,0.28842,1114163.0611298983
322.6,0.0074742,3801821.398472955
0.0010765,0.0012209,4326448.04851006
0.012076,5.2891e-05,2041025.043552029
0.006531,0.023413,21508967.78891734
16.288,0.31239,893053.7754704726
73.84,4.5002,7664180.481138192
0.012116,0.58503,390380.1458821335
0.0055388,0.071258,359222.4968684991
0.0047191,0.02543,395196.6167367724
22.035,0.0010466,17711801.556887846
33.373,0.27933,1942560.4906907643
35.242,0.00011651,3350640.496701156
65.277,0.00010873,7633369.721707967
474.36,2.2826e-05,371840.7744211014
348.12,3.8819e-06,701345.5043277664
284.55,8.9083e-06,914952.9008173815
385.74,7.5489e-06,2577900.601658855
0.44585,4.9018e-05,2120971.066150026
0.25484,2.8005e-05,106043.04474517252
0.013978,1.3122e-06,80370.03571732792
0.0050619,3.1388e-09,316244.30163851526
47.098,0.005218,398526.82714698603
3.7686,0.00041726,143468.0113435135
0.51906,5.7307e-05,58206.83522046275
0.027037,2.4884e-06,3318588.1605276745
34509.0,0.087772,11525066.992322419
162.39,0.00074161,23153044.00733167
14320.0,0.016101,177794808.2599274
61991.0,0.0018896,9663186.930300755
3.3171e-05,0.005864,4598363.610337642
2973.8,0.058135,69154660.94870414
36.549,0.017599,648904.070633036
537.75,0.0028066,14018928.57840025
0.00083525,0.035357,1600324.553002641
0.00044788,0.15504,4000959.9579678387
0.0,0.0,1337868.8107080762
0.0,0.0,4057996.0928141894
0.0,0.0,183451.8364025185
2.8766,0.0,113493196.2978522
2.9095,0.0,64039973.07910421
1736.1,0.023494,238873386.8996574
335.41,0.053191,13866975.926857378
345.29,0.031443,8484739.140616048
217.32,0.098559,66614524.33868251
0.56811,0.00075237,1628825.6057902623
36.478,0.0036356,7749453.433043764
0.55401,0.0016714,11211428.036124589
6.2432,0.0,2179709.4335689764
0.0073171,2.0214e-05,43068672.79470396
0.31737,0.011452,7768783.839691263
77.695,0.054112,30101167.057900984
1.9375,0.0043024,2725945.240867573
1.3194,0.00019228,79064884.80223373
312.45,0.00026708,178837277.23294073
40.967,0.13739,10797702.835113494
19.374,0.050924,6476226.506698009
0.0,0.0,80125800.00000003
90.323,1.6161e-05,55545473.92658315
41.483,0.0,59483870.55713705
0.8657,0.018302,6057714.260585682
70.838,0.0,23890776.91674079
3.8208e-06,3.3989e-07,34053.42494716915
1.7232e-06,6.4453e-08,5893.2953688348625
7.2841e-07,7.0926e-08,4342.922220275109
2.7287e-06,3.9728e-08,6206.957817971261
0.0017623,1.399e-07,16508.51345428092
2.7399e-05,0.0051451,434022.64219657227
1.7221e-06,1.1004e-08,9385.667236913101
2.2219e-06,1.4769e-07,19774.07608035461
3.0855e-06,5.7223e-08,9857.91399236909
1.5571e-06,2.6171e-08,4477.602460268791
2.0362e-05,0.0090013,54492.89642531999
5.2374e-06,0.0034043,55743.18615423063
2.625e-06,2.9262e-07,32540.355468400558
1.2589e-05,3.7633e-08,8943.367092148615
6.924e-06,2.9461e-08,4922.337343046996
1.767e-06,8.9802e-08,163273.44516951492
7.2906e-07,1.9518e-09,8531.128137025002
2.0854e-06,3.2354e-07,49615.91201148627
1.5621e-06,5.1046e-07,25721.515140650634
1.5917e-06,1.2807e-08,4172.002228778135
2.0518e-06,4.3513e-09,-17974.304060580373
1.9857e-06,9.5969e-09,1243.1090739971726
3.1369e-06,1.516e-08,3523.616128954218
1.0259e-05,4.2644e-09,29273.386467933757
3.1391e-06,2.7125e-09,11510.064061481353
2.1273e-06,1.0027e-09,6473.7792186005445
2.319e-05,7.6926e-09,63470.173076536994
5.4272e-06,1.1277e-09,2267.0388832212925
0.00018367,5.4313e-09,4402.702381255302
3.3232e-05,9.6554e-10,730.4498600497222
1.6568e-05,0.00051875,14749.489477150026
2.4266e-06,1.0609e-10,5880.071713776143
1.3735e-05,6.3573e-10,526.0803457911006
3.0705e-06,1.6779e-10,3237.03892352317
4.1713e-06,1.3784e-10,5830.212570441127
1.764e-06,0.0,19275.787496809742
8.3516e-06,6.4596e-10,2560.919398454292
5.3896e-06,4.4842e-10,12159.951042494284
1.0623e-05,9.186e-10,630.5935861903399
0.0010373,1.2347e-06,36690.04655449374
1.2119e-06,1.0198e-07,130559.27531292479
4.3599e-06,4.5549e-07,31792.7354817846
1.9988e-06,2.6519e-07,51334.782002163505
9.6094e-07,8.0601e-08,40647.472299830886
1.6324e-05,3.6636e-07,106089.18415935911
1.4996,0.0019868,6196.998387209378
7.2962,0.092434,52125.65180537271
2.031e-05,0.0042312,173245.5757484804
4.7585e-05,0.0015945,33827.29238662753
0.00084199,0.031656,12989.618258704237
0.0003176,0.11116,78005.61336453355
7.6871e-06,4.4763e-08,14828.121800289124
1.6446e-06,0.00030921,13312.944584435836
0.024026,0.018784,281655.6522400124
0.047795,0.00084087,308046.876296347
0.0012321,0.69292,177913.73336201627
9.2955,0.0036009,657632.1922693858
4.7369e-06,1.0377e-06,281364.8601474913
1.2931e-05,0.080601,100336.36389024423
5.9627e-05,7.7211e-05,411.2483996277455
3.8666e-05,0.2984,5361.654153361695
0.0003084,4.2068e-09,32555.825391593935
0.00017638,0.01367,17837.086400014538
1.6942e-05,2.2581e-07,3869.885695534391
2.1421e-05,1.2259e-07,4693.291161457052
1.9618e-05,0.099265,3720.28912022131
4.1631e-05,0.056244,8727.991617976493
5.0086e-05,6.7317e-05,11913.779683219629
5.0302e-05,13.627,187102.55029816076
5.7945e-05,4.5953e-07,13079.682435388875
0.00045246,0.00077702,14779.478569376664
0.00045211,0.0028593,21400.86768317669
0.00085002,0.0015437,35068.54951730985
0.0010668,0.0042811,10172.618551773314
0.00069172,9.5214e-09,62283.91428721483
0.00066117,9.0173e-09,26386.486858175995
1.268e-06,1.7879e-10,835.5589256794867
1.9454e-06,2.743e-10,-14904.323806616974
1.1161e-06,1.5737e-10,183.3298703446481
2.308e-06,3.2543e-10,5135.489178500021
1.3969e-06,1.9696e-10,216.74354352668672
4.4613e-06,6.2904e-10,2372.466772121453
3.9065e-06,5.5081e-10,798.792201717876
3.5844e-06,5.0541e-10,502.54990232814214
5.5941e-05,4.0179e-05,27292.39529750103
1.5047e-05,0.0031487,-92567.60683454666
0.00014263,0.068609,39760.81987483687
0.00057608,3.2704e-06,-841.8186492550864
7.3589e-06,0.00020033,3054.1980375849303
1.5108e-05,0.00069433,146836.90344621523
0.00041976,0.014284,-135575.3806993382
1.5651e-05,7.9256e-05,-61676.803974504655
4.2197e-05,0.001614,60251.555420007026
3.3043e-05,0.0054154,27284.49415103373
2.978e-07,0.010038,18107.91165556315
1.8833e-07,9.0463e-05,-56596.58002905185
6.7929e-07,0.00086454,1014.9376201728924
2.5011e-05,0.0013368,430626.1243584712
2.867e-05,0.0013912,495404.9263537416
5.5854e-07,0.00042367,1465343.2502462014
0.010457,0.039211,166371.93674382582
0.0080847,0.030318,109651.47389620103
0.017225,0.064603,222478.4242106492
2.1945e-06,2.4904e-09,34381.55991681829
3.7401e-06,0.0018044,28573.713423109915
0.0041347,0.0098038,86062.74337596151
2.0372e-05,0.046934,2220.061161415737
2.9311e-07,0.00059534,183158.52167298493
2.8526e-07,0.00067228,35090.050032264844
2.1806e-05,0.0091563,101525.50201910756
8.3993e-07,0.051092,96066.9073837958
1.714e-06,0.0003474,204180.6485473543
0.00033877,7.3908e-06,365210.69788782357
0.00051023,0.00205,435424.29201194935
0.0053328,0.0036475,75108.12135332345
5.3459e-06,0.0083032,273242.53532921965
6.9531e-07,0.0010183,590496.4233324192
3.02e-07,0.0024026,1074752.0213088964
3.9554e-08,0.00024121,211360.8873139278
1.0873e-07,2.4759e-05,492796.8949111192
5.1476e-06,7.6499e-07,8207.163503364543
8.2105e-07,7.7389e-07,17252.09627533681
6.5564e-07,8.0447e-07,3281.300913886696
1.9031e-06,6.8876e-06,45366.6620188212
0.0016805,5.785e-06,132893.51923057946
3.827e-06,0.049869,128276.7257013714
8.0369e-07,7.6691e-07,1293.3360860915002
5.3339e-06,1.2697e-06,8413.29849609574
1.5138e-05,3.6017e-05,167366.94296416614
2.0634e-06,8.4901e-06,16689.15014559811
3.7054e-06,6.6881e-08,5902.366011651825
8.9675e-07,0.00023716,109007.1939899426
7.1737e-06,1.9257e-05,16172.586500273
0.00081626,1.704,14498.032666255225
9.0543e-06,1.1916e-06,12799.865845236862
9.0455e-06,3.2895e-05,118642.69890411467
9.6493e-07,2.4655e-06,20061.389376639472
2.7524e-06,1.5959e-06,4077.1873195889125
2.0419e-06,3.2183e-06,7706.7162109772635
7.089e-06,0.0073877,10638.410258000069
1.0519e-05,0.03255,8965.293011480666
1.4255e-05,0.64185,118017.50624331347
2.2112e-06,1.8849e-06,1350.21442187714
1.0816e-05,6.4567e-07,30841.167817592064
7.0551e-06,7.3152e-07,18887.957227362374
5.4556e-06,3.9499e-07,14096.942767876779
5.125e-06,3.8864e-07,13092.195546941455
2.5006e-05,1.627e-07,2281.7131419086186
1.7477e-05,1.2123e-07,270.7916496893505
4.485e-05,2.2741e-07,769.6295481090864
2.6256e-05,1.0614e-07,456.7158306185118
6.8202e-06,7.3461e-08,91.49443832314246
3.4244e-05,1.1395e-07,587.4094156222205
6.2517e-05,3.1654e-07,1072.4805417858463
2.6105e-05,7.648e-08,498.85524959257623
1.012e-05,7.9416e-08,205.83812781187794
1.0217e-05,9.6705e-08,456.3780636119467
1.78e-05,1.1781e-07,364.2577229573333
1.8082e-05,9.6209e-08,307.5420147550742
0.0044708,7.6863e-08,411.7931090050982
2.7054e-06,4.2218e-06,178297.1993091475
3.0297e-06,6.6956e-06,140484.14356265854
6.4548e-06,0.073827,33924.33501247062
1.4271e-05,0.15686,192365.40435652755
1.4658e-05,7.9293e-07,90703.60791887784
0.00016843,4.5342,116852.54371414146
2.4308e-05,1.4848,333213.4589337438
0.23027,0.00035406,1777.8525490103366
0.0008465,1.4126,5425.9832390902975
0.0037065,0.014928,20631.324612830922
0.00025036,1.26,16060.872861177153
2.2563,0.0011174,92059.12015128596
3.26,0.0041331,30263.261171231516
0.004626,9.5146,699826.7885928421
0.046721,25.7,250479.37609897606
9.8691e-06,3.657e-06,56716.23562030255
0.00010298,0.002242,248127.35539836896
6.5437e-06,4.3735e-05,402368.98682409583
0.00030518,2.6302,258666.2388606586
0.00015696,0.0050341,45579.011769485536
8.4428e-05,3.815e-05,28455.230995766604
0.0003606,5.3415e-08,37889.30188802341
0.00076897,0.020541,924623.8836509169
9.5183e-05,9.9743e-07,33644.51493695667
5.4288e-05,2.5569e-06,155651.82859860043
2.6822e-05,2.6314e-07,6783.273684161547
0.0097256,0.12149,6575.735087862636
0.049096,0.61448,5648.107967592893
0.00016638,4.6192e-05,417913.84844551387
2.8231e-05,5.0432e-06,108931.85044272112
0.030706,1.0763,496618.4468172768
0.00096512,0.014755,152141.09461682828
0.00091368,0.15396,39194.5232357135
0.0029057,0.42879,10815.678886031892
0.00034451,1.3123e-07,135281.7582238871
0.00044609,1.2816e-07,27604.67788855156
6.716,0.010603,743.0953665299586
6.7724e-06,7.6567e-09,868.9702415429471
1.0915e-05,1.2204e-08,1711.363016605157
4.0358e-05,5.791e-08,105664.12751811599
1.7885e-05,2.0857e-08,2375.1197158410164
7.6817e-06,9.7461e-09,125.51830981488338
8.0663e-06,1.0159e-08,210.6386921299941
1.4248e-05,1.6951e-08,1804.6083993188606
0.028309,0.0001692,105427.6550450289
0.034152,0.0071856,1029932.133541228
0.087067,1.5794,995740.5784191993
0.0051143,0.00036148,431422.4522153112
2.2024e-05,3.5604e-07,30996.45600466168
0.23914,6.2413e-05,845576.2258492726
0.0013314,0.018462,508289.3990343513
0.00027434,1.7817e-05,257415.09995328606
0.00011231,3.3721e-05,114541.17752597532
0.00036519,5.0092e-05,67388.19045089671
1.9933e-06,1.347e-05,23032.24427625145
1.768e-06,1.5245e-06,52.09557913974502
0.006017,0.0012784,11138.999954366256
4.1983e-05,1.0416e-05,300928.84264002176
5.6627e-05,1.3311e-05,1110951.2284171025
8.7337e-07,2.9083e-05,174315.5505732443
5.642e-06,4.6758e-05,15940.284665577085
1.0763e-05,0.00012974,65927.74749971784
9.9849e-06,4.4557e-05,22108.062332826197
2.133e-06,2.0206e-05,31455.68444536483
5.9093e-06,4.4674e-05,67279.82171135035
4.4412e-07,1.9667e-05,37457.11279660039
7.7807e-05,2.4501e-05,4586.895068066999
1.0228e-06,2.6124e-05,268180.3566351125
1.0345e-06,7.2467e-06,98413.05025102242
2.3728e-05,1.3102e-05,352358.86163819005
2.9238e-06,6.6016e-06,62968.20393817098
1.8952e-06,6.4365e-06,82106.77836043348
0.00044629,9.8712e-05,1822258.0339277454
5.115e-07,2.1191e-05,26104.536498274934
1.0893e-06,2.0907e-06,33779.86508175721
6.0869e-07,3.2162e-05,1504943.356155186
1.4103e-06,5.5315e-06,1007405.8873862328
1.5777e-06,7.1082e-07,1327122.3195424108
4.2649e-07,2.6767e-06,181972.13082963804
6.5026e-07,0.00040601,553732.8989752734
2.4399e-06,0.0,9025.585658801752
6.8338e-07,0.0,6276.890674444666
5.8408e-07,0.0,2973.45646225446
1.2178e-06,0.0,4273.681581181518
8.6863e-05,0.0,4912.562596134877
1.3706e-05,0.0,107077.02660462589
4.132e-07,0.0,1348.3537455744083
4.5552e-07,0.0,1564.3829828142475
4.4738e-07,0.0,1448.6645943810422
4.4877e-07,0.0,3962.876344657719
5.0598e-07,0.0,16846.006751197627
2.0356e-07,0.0,24465.205358261028
4.0103e-07,0.0,1245.84664407534
3.3333e-06,0.0,6157.489102892859
9.0539e-07,0.0,11071.653472677628
3.8467e-07,0.0,2060.5628832963152
7.4149e-07,0.0,2699.0041583494417
3.6098e-07,0.0,2230.5957243814237
3.828e-07,0.0,2640.397676064048
1.6386e-06,0.0,9985.76874438266
2.3908e-07,0.0,1159.363746648882
0.00016405,4.8087e-07,116777.11413528796
5.2803e-05,1.2208e-08,37645.73272444981
0.0,0.0,-20.412950610967492
0.0,0.0,-15.59952288517031
0.0,0.0,129.91292590998003
0.0,0.0,-32.1328445792321
0.001873,0.0,40.0963813583673
0.001173,0.0,27.379661704541096
0.0013155,0.0,49.340603822214014
0.001505,0.0,54.56162086954154
0.00046392,0.0,527.9554461947907
0.0014739,0.0,29.74708575683835
0.001206,0.0,7.2709365872965765
0.0010885,0.0,193.80361615032618
0.0016881,0.0,645.5612731258759
0.00032298,0.0,4550.274254418495
0.0012973,0.0,127.52498348846119
0.00064403,0.0,88.14297403009233
0.0,0.0,-2516.812095388353
4.4697e-06,2.3866e-05,23937.173628929166
7.3133e-06,3.1124e-10,1103.2728520269668
5.678e-06,3.8476e-09,66239.6605849271
1.1806e-06,1.3872e-09,60189.04908129267
6.7736e-05,0.00015145,23173.252284678532
0.00010948,0.0049306,44482.79370466093
136.46,0.00028298,21934.889837847983
7.227e-05,0.00094848,16598.58991302358
0.23339,1.1591e-05,13364.592336713285
81.448,4.3511e-05,86193.03454177159
8.9092e-05,0.0033354,11562.823774911063
1.4572e-05,1.0087e-10,643.5006976734119
0.00088759,0.012911,3396.1117579632855
4.6839e-05,0.00052545,212405.01530936855
0.021329,0.00015349,460283.68963392853
13.528,0.00011458,17149.675871590847
9.7101,5.517e-05,293401.02072326647
4.2357e-05,6.8962e-06,36993.89538554189
0.075803,0.0,956.2555877578285
5.5446e-05,3.9785e-05,9331.019266291149
8.2177e-05,4.3037e-05,54887.43781856355
0.0,0.0,11.680520206063308
0.0,0.0,-1381.9438679633058
0.090834,3.41e-09,261.64389250442434
0.063396,2.4462e-09,4080.6426663550287
0.13669,5.252e-09,977.0634844936369
0.025984,1.8088e-05,154.17042690059935
1.055,0.0023045,2532.5125045921836
29.007,0.00052943,135217.63555994196
0.29556,1.3396e-07,3491.1848016436693
5.7178,0.0,11049.388747884459
5.4405,0.0,9307.121815126147
0.1741,0.0,2494.876996435485
0.576,0.0,7916.471088146904
0.38371,0.0,5266.684152680047
0.090154,0.0,20253.233110871693
0.0,0.0,-797.8219173924758
0.0,0.0,-279.0396296428281
0.0,0.0,-42.91334645785481
0.0,0.0,5.476124517538789
0.0,0.0,8.691539560519002
0.0,0.0,8.215413642001893
0.0,0.0,1.2525751225508392
0.0,0.0,95.53727960778913
6.9703,0.00043922,26549.574834702926
1.1142,0.0016812,42563.04698639641
0.0032742,0.0,6838.457980735976
0.17402,0.0,166027.34100462522
9.2788e-05,0.056378,51328.60607540047
5.5239,0.015395,339742.7156728213
3.2239,6.6213e-05,35706.859988449454
1.7516,0.00030526,272617.96924577066
0.0,0.0,50126.8509190235
0.0,0.0,53354.9873985726
0.0,0.0,20217.819828398024
0.0,0.0,9539.709765627482
0.0,0.0,38535.40774038418
4.8853,0.005631,727936.6243964355
6.0491,0.074744,800091.8426836791
1.7385,0.47016,1184459.4957458267
0.20427,0.031149,73308.21250108728
0.023097,0.0050156,47293.452279989215
0.0064128,0.0019166,47200.52165542013
0.65227,0.01878,117719.28439797458
6.6046,1.8932,386719.937238589
20.606,0.89511,146347.81900668237
0.0010641,0.0055804,39517.37899622098
0.24156,0.0,1548372.0365865617
0.49114,1.2472,145062.5247092535
44.571,0.16767,298311.7268314606
2455.8,10.314,609981.4315411353
540.54,171.86,5125755.446831552
15.816,0.10055,1361175.756615191
5.8079,3.736,389943.1439741773
1.7183,1.8212,290866.6496005159
0.022311,0.18145,1552780.1842831266
0.020285,0.068829,1051895.831451654
6.2149,0.005026,1630544.1097293722
4.355,49.178,7067935.366896415
6.6599,0.0043594,278639.6393775241
0.00015935,1.107e-07,2870.1111836118157
0.02162,0.40298,161748.56029341617
0.0001917,3.0234e-07,4238.888426963283
0.00016225,9.1426e-07,5486.580319439153
0.075247,1.7415e-07,1692845.0572767255
0.00041763,0.00017414,645317.4311250706
0.00032343,3.236e-07,24410.442633887145
0.0010091,5.7368e-07,38379.26974682448
0.00075738,4.3269e-07,18945.61434697026
0.00012387,2.1214e-07,3308.1104849968883
0.00048477,2.9522e-08,26762.344408734367
0.0006174,1.3641e-06,313271.2645048835
6.3694e-05,7.6499e-08,8465.32816692871
0.47546,0.46489,603767.4189240996
0.0002762,0.00016067,257267.62914732538
0.00081056,3.3774e-06,1442238.233676735
0.00075097,1.7923e-06,20301.199791706265
6.2834e-05,6.9365e-08,25423.41395530573
0.00021939,3.7435e-07,5148.007707285264
0.00011264,1.3161e-07,2215.55808125259
0.00036459,1.8616e-06,3972228.5452058706
1.2044e-05,3.2929e-05,863039.5080999325
8.091e-06,7.905e-07,129024.48314668615
18.327,0.079931,6571.1181210836185
27.472,0.095782,94544.7181468877
12.651,0.030181,9155.232538966156
37.851,0.13904,315222.4798022475
0.0023536,4.5177e-08,99.29582689403702
0.0082325,1.2787e-07,9.943817179620922
0.011451,2.0886e-07,339.9741606103319
0.011158,5.2331e-08,236.99315212848742
0.023717,1.253e-07,1244.6079168999531
0.01672,2.2176e-07,3479.272274383794
0.0056468,3.3982e-08,6178.160251469776
0.040508,4.7377e-07,8686.036126206945
0.026656,3.2086e-07,49714.34514468305
0.73165,0.010507,70467.04889792291
0.016092,2.4834e-07,650.5989934285947
0.019143,6.9113e-08,536.722278959247
0.0025151,0.0,6831.150446779011
5.6319e-05,4.9144e-08,48058.498980269294
2.7428e-05,8.9418e-09,14993.992648717674
3.9227e-05,5.4014e-08,109158.79134065621
3.3746e-05,9.3771e-08,87852.72951454317
0.00015824,7.4657e-08,308024.1896153546
0.005453,0.12961,1034675.0729829376
0.02047,0.68034,66705.85611793758
9.7416e-06,4.2336e-08,5911.086065292625
6.2622e-05,4.7906e-07,109689.36042928019
0.23017,3.5214,13053.042187382
4.4532e-05,5.5519e-05,338481.25901487266
8.8064e-05,1.7433e-08,4642.055278769854
2.3401e-05,1.9557e-08,15279.463667193537
0.00014116,8.6604e-08,374166.90903550637
0.034168,0.24201,82906.52966145457
0.0010705,0.0094712,1451854.6392536587
2832.0,0.16317,2766373.912087626
0.010501,0.00016002,891266.4955628358
0.012082,0.00076166,277850.66916671855
0.031994,0.0044206,274662.5332366899
0.036476,0.00073416,6696.778141341402
6.0547,1.4567e-07,17313.256701489987
9.8529,1.2914e-06,635550.2486615895
0.10378,6.9208e-08,88940.97773113698
2.2165,1.2742e-07,20306.772379906703
0.25942,3.8788e-08,4744.927206391318
2.575,3.2599e-07,13970.751561299125
173.85,0.022068,32984.62838257407
0.011134,0.2382,634449.2701647682
0.63339,8.5868e-07,13080.848170856154
3.5267,0.012954,188760.20889143654
4.7388,0.024208,42755.16398246055
0.055617,7.0795e-08,28678.751812514336
9.324,22.13,68356.35757228476
0.046952,5.1865e-08,46160.08782994073
0.034222,0.0023574,115355.03796061319
0.014553,3.2569e-05,89596.74899614169
47.048,0.10529,806.8674501416187
4.8838e-06,9.8577e-09,-485.8100093064186
5.811e-06,1.0979e-08,163.68716507915195
2.2088e-05,4.5322e-08,218.489584827598
1.9568e-06,3.5344e-09,2420.9307335891767
1.7987e-05,3.7353e-08,1171.0740143879768
2.0282e-06,3.1385e-09,252.6368147253177
0.05593,0.019676,451065.3567030346
0.14704,0.0020025,701121.9080545425
0.036769,0.00022666,1427460.8605541687
1.0109,4.9261e-05,297675.9072516913
0.00018812,3.2603e-06,4768.714319861737
0.67187,0.063034,945411.3820623932
0.0049793,0.0053714,549998.5143996675
0.10325,0.10104,1471524.4567401137
4.0656,0.034173,111241.54430263895
8.6273,0.032367,41668.362879145665
0.18514,0.00060695,30373.904728259535
0.99336,0.0018224,23575.607906918478
4.6863,0.01086,36989.3637578722
60.958,0.21391,3425342.294471705
63.454,0.26983,4083646.094074896
6.4888,0.0241,5782626.5003195405
12.996,0.0045326,633826.1109576883
12.399,0.0041138,478702.8807348774
17.392,0.0056137,373330.3791792016
0.0072706,0.0070242,916669.6112224578
269.43,0.13249,1018472.9182140316
15.679,0.012346,316455.31973374536
0.76141,0.00037271,50140.793285484964
0.78407,0.0079782,3277091.634633081
0.47424,0.037502,580655.9479267724
82.321,0.061116,2390543.9415263934
146.52,0.013191,250485.78186219276
0.73071,0.045135,622557.827077773
75.32,0.25545,1828349.8117318475
0.032704,22.328,555142.5496852623
21.173,1.7792,279578.14282302756
58.445,0.40028,3688895.6281930627
0.045605,0.002416,1841807.8944794564
0.012472,0.001521,2823444.7360147657
0.10965,0.30315,443178.11767825973
0.018886,0.086283,793513.9363628795
4.651e-06,5.8452e-06,7304.913115979877
9.2072e-06,3.3558e-07,4544.915914275578
6.7056e-06,3.7788e-05,41928.44773792426
5.3378e-06,4.4961e-05,255897.6345461825
0.0008293,1.8303e-07,2638.083583974874
8.9028e-05,1.8226,249665.75800582708
1.2345e-06,1.8657e-07,2377.644717247145
2.9829e-06,6.2067e-08,4034.7601484391043
3.4786e-06,1.3216e-07,5064.7978397463785
4.556e-06,6.1624e-06,19660.75619347661
1.6995e-06,6.4974e-08,2501.0940446523673
5.4059e-06,2.2411e-05,43194.83183380776
7.8195e-06,3.1387e-05,33956.825667714955
8.9549e-05,0.16459,17564.155258273313
8.3603e-06,1.5281e-07,2974.420745010756
2.1865e-06,5.2505e-05,29329.753083317533
4.064e-06,4.3712e-06,16831.481933175197
6.3716e-07,9.0774e-07,914.7729665369541
1.8757e-06,4.8289e-05,14705.226082498273
1.5216e-05,0.18419,-3320.458943192349
2.1131e-05,1.0464e-05,38546.99899752697
4.0319e-05,6.5988e-06,23062.264971299017
8.1256e-06,8.1215e-06,4644.821453781838
1.6364e-05,1.68e-06,810557.7698833233
9.3821e-06,5.958e-07,25072.29646026382
4.4855e-07,2.8407e-08,1984222.5690265668
8.4094e-06,7.0182e-07,21569.172609858382
1.7903e-05,1.4179e-07,44665.56112712303
5.8757e-06,5.4164e-08,571.7910955595901
8.2043e-06,5.163e-08,171.15053220624284
1.4226e-05,9.8724e-08,209444.8075373178
5.9337e-06,1.4038e-08,353.9045576746849
1.4488e-05,1.3372e-07,18535.666383046035
7.7609e-06,8.4183e-08,141.66854262371024
1.8077e-05,1.57e-07,569.7438957697794
1.1341e-05,8.1162e-08,1816.6058690604802
1.0828e-05,9.3921e-08,762.4679978458049
2.489e-06,1.9735e-08,15226.071756134977
1.8508e-06,7.2771e-09,32859.77005754289
0.011425,2.5596e-07,299849.5787510744
2.0275e-06,3.5334e-06,262799.6028400138
0.0019126,13.584,298052.91291323386
9.6979e-07,1.9603e-06,5542.545195659296
2.6472e-06,5.4623e-06,37943.30357103552
4.5386e-05,0.014133,807261.1484606974
1.4896e-06,0.0026891,3670.165615054379
4.3407e-06,3.007e-05,82024.11729162712
0.20722,505.24,57194.94246200754
3.2556e-06,4.1815e-07,23724.689207496987
0.0014305,2.586,4376.305756993308
0.00030793,0.61587,32993.40684373008
1.9435e-05,1.7435e-06,28320.119694708214
2.3891e-06,4.7078e-07,6141.725681633995
7.6237e-06,2.4656e-06,340223.2267047662
0.00045128,3.5889,312453.5389975741
2.9915e-05,3.3042e-06,88460.50786911408
0.044579,0.80439,344219.71586004086
7.2142e-06,4.3026e-06,157294.30917723206
0.0012226,11.637,7217.079469719804
0.00010226,0.0040377,2658.833184544034
0.00016524,6.2244e-06,9968.159092971364
0.00040335,3.4226e-07,75798.79670809857
0.24805,0.32755,51648.5219420322
2.5389e-06,7.3293e-08,442.3214489825465
1.8983e-05,1.4899e-07,4124.577750385477
2.25e-05,7.7924e-07,27512.194868930463
2.9735e-05,1.8184e-07,6858.218699732083
0.00040007,0.0043789,6958.100314254992
7.6102e-05,4.7321e-06,35525.73483712355
0.0001789,0.00014449,8209.834090346512
0.0026995,0.038282,15369.727994683313
0.00031135,0.0013463,5591.380548082615
0.00022114,4.4194e-08,979.9939096809564
0.0013135,0.0045558,11728.051546982188
0.00017937,2.0544e-08,1192.5092432333372
0.00018814,3.0599e-08,3884.5557803599904
2.168e-05,2.952e-08,17566.68424908546
2.5426e-05,3.6632e-08,-15.270643571674366
1.925e-05,2.6464e-08,976.5605809960208
6.3965e-05,8.9972e-08,630.4726972336614
2.669e-05,3.5607e-08,226.2440487158417
5.7397e-06,7.2667e-09,80.04304947616323
4.8744e-06,5.4869e-09,38.183665864521984
4.4859e-05,6.499e-08,413.4096386793042
0.00028092,0.00028626,2717.8473511719626
0.0375,0.03126,23403.381411067974
0.00062383,0.0035672,61751.47269896189
0.00092167,5.264e-07,16103.144347402
1.6851e-05,2.0614e-06,24671.055181875425
0.00089251,6.019e-05,116926.84442908839
0.00043364,0.0014263,23256.499044495205
0.0029079,0.16616,44039.21486216953
0.00010525,1.9384e-05,17897.45105358096
4.464e-05,1.3944e-05,6678.307709369751
2.9247e-07,1.1224e-06,8243.884249261637
2.2518e-06,2.2164e-06,2949.3358253816214
6.1913e-05,6.9257e-05,8907.70159518714
2.9443e-05,6.795e-06,960227.1618289177
2.8797e-05,6.9547e-06,1356226.075346842
7.9962e-07,1.4257e-05,255751.8007754587
1.464e-05,0.00025231,150456.94736889456
8.996e-06,0.00010364,34200.23776529835
7.0962e-06,0.00038624,278310.35017208837
1.951e-06,3.6057e-05,32368.20254675666
4.1675e-06,0.00021725,85182.20740968795
1.1951e-06,7.0543e-05,98803.82465127928
1.9215e-05,9.2704e-06,1290.8829833081736
1.0744e-06,5.8105e-05,322624.9847528628
7.5924e-07,5.8256e-06,282242.70988483523
1.8868e-05,1.931e-05,282508.5287309764
2.7162e-06,1.1642e-05,145938.32417150057
2.6131e-06,7.2416e-06,328412.51794550294
0.00074304,4.7288e-05,347303.31496610475
5.0911e-07,1.7692e-05,27501.26387066233
1.3845e-06,3.4608e-06,398315.83524555044
1.0705e-06,2.9715e-05,1068568.761045531
1.099e-06,4.4587e-06,638633.6576049716
9.494e-07,3.3662e-07,434028.37192325987
3.8658e-07,2.3202e-06,70976.8855160469
6.6624e-07,0.00066312,104374.94228455382
1.2156e-05,4.2335e-06,18559.03762633481
3.8865e-06,2.8533e-06,44803.94491243442
4.774e-06,2.466e-05,39877.2471335012
4.1721,1.4222,83041.26449247109
0.0029067,0.022765,89137.36691512908
0.00025838,3.989,496879.54670887935
1.4646e-06,1.8907e-06,2413.47196971079
0.017506,190.63,88846.51483091958
1.0439e-05,9.2578e-06,29315.000080622496
1.3913e-06,2.681e-06,5991.282630973063
3.9873e-06,1.6035e-07,6368.492724537696
0.11203,0.010305,68994.86865867909
4.3033e-06,2.325e-06,8994.159323462285
0.0010099,1.5133,50576.79622700002
3.0597e-05,2.0786e-06,14687.245890018405
3.0302e-06,0.00011802,90587.31092917491
1.5627e-06,2.1381e-05,9125.529538126364
3.0639e-06,0.00012111,3819793.601734622
1.1705e-05,0.36134,11900.041130526562
9.8492e-06,1.8007e-05,21599.138911651207
1.9831e-06,1.1174e-05,522513.51151940395
1.3893e-05,0.227,196979.08334353426
1.1545e-05,0.0001734,107240.94139513536
8.8391e-06,6.4917e-07,800210.7028734487
1.6251e-05,1.629e-06,43804.16481121022
2.5747e-06,1.5449e-07,63091.105742098676
9.2049e-06,7.7928e-07,1030639.780286885
3.1215e-05,1.0467e-07,874.5761488372806
1.0529e-05,9.9195e-08,93.41074006254335
2.0523e-05,1.0678e-07,375.2505009220434
7.2987e-06,2.8982e-08,-6.373052504199104
3.1792e-05,6.5264e-08,1260.608285092626
1.9365e-05,2.4338e-08,1312.0583446268736
1.5544e-05,1.8842e-07,209.6521068968429
5.5685e-05,1.8179e-07,1335.7299613094576
1.1261e-05,2.9438e-08,659.4131374916473
0.00013434,0.075895,1747.078488028946
3.1947e-05,1.122e-07,2648.322361063628
7.5744e-05,3.9992e-07,1269.5362199848335
4.482,0.019406,1811.200754712684
1.6343e-05,0.057758,36576.55275316005
5.6709e-06,0.0032049,28193.462199065583
6.6124e-06,0.012497,60667.9865501289
1.8869e-06,0.0030026,43540.627423642036
0.0067012,6.8657,35395.18407647341
0.0048218,23.02,102230.705999093
0.0023786,69.162,205180.44518040647
3.6041e-05,0.14931,3082.593201955117
0.00038938,1.2582,87114.58761532334
0.037811,65.222,44613.09397690732
11.911,0.0302,126520.26052344464
0.00021916,0.050504,20283.838804415856
0.02882,175.42,26592.851670007673
0.00074991,0.98738,42699.76123206329
0.00095047,4.4409,68284.4746497912
1.5222e-05,0.0023062,42304.28123622445
0.24059,0.011836,338918.5951397834
0.00094822,0.029176,198420.38499491964
7.5937e-05,0.027031,18148.421136262597
5.4901e-05,0.00010699,45347.61849211314
7.2304e-05,1.0525e-05,34296.30265198699
0.00043909,2.9438e-08,176523.52303997957
0.0022096,0.082284,74318.51004005683
6.5569e-05,6.32e-07,25113.25059763231
5.0396e-05,1.0768e-06,25550.032324769654
1.5866e-05,1.1518e-07,3481.3676947880967
0.0013359,0.015125,4753.276167512005
0.035531,0.40848,6852.934923901735
0.0001073,0.00065956,41666.15772401227
0.023999,0.03404,11660.92916656795
0.00031384,0.0040619,40302.54369252971
0.00097371,0.013634,18965.283404891477
0.00039508,1.1666e-07,10863.83798292663
0.0010614,0.11573,18412.458004345703
0.00086711,1.4034e-07,11294.172374857393
0.00044245,1.1541e-07,14783.477821828048
3.3892,0.0049163,16764.80977692026
333.68,0.48404,1031.428890429223
0.24741,0.00035889,29829.18574103567
1.0724e-05,1.0595e-08,12988.810000476069
1.9002e-05,2.3126e-08,775.2363581249506
2.2382e-05,2.9441e-08,397.55951743924345
1.9201e-05,2.5401e-08,353.5868075363227
1.7674e-05,1.5939e-08,12658.662709316204
0.00012418,1.2231e-05,17942.655904714244
0.098864,0.0010061,117092.15834482334
0.000272,0.0016814,350865.12989872164
0.0011597,3.4041e-06,295215.2718628603
4.9891e-06,9.7155e-07,8425.78740923133
0.2835,0.0014476,158138.79791217437
0.0050154,0.05391,20375.913424842194
0.038469,0.1606,200239.2521367527
9.8045e-05,3.7532e-05,60359.602671601046
4.1902e-05,1.8099e-05,12208.075723388341
4.0678e-07,4.2729e-06,5151.271011422311
1.2466e-06,9.2707e-07,11929.060326651419
0.05167,0.010269,86176.91956863929
4.3331e-05,6.7923e-06,1243230.4873308467
5.6488e-05,1.3477e-05,2565322.8520551384
5.8246e-07,2.8067e-05,122847.09243038911
4.6452e-06,6.8685e-05,45745.19459995733
4.2198e-06,3.7343e-05,10357.896509982698
3.4046e-06,4.4773e-05,22392.074428069176
1.8342e-06,2.5863e-05,28137.967190143794
3.3864e-06,3.9781e-05,39852.380730042714
4.7508e-07,2.7741e-05,15228.373944217396
2.0437e-05,1.1414e-05,1065.58015718398
6.1203e-07,2.1833e-05,134701.6161701056
6.3316e-07,7.098e-06,176448.4067336625
2.5065e-05,6.5387e-06,174164.8754275663
1.2765e-06,5.246e-06,52950.233462943455
1.1544e-06,1.1358e-05,308848.2841460597
1.2607e-05,0.00010287,2834849.5196407298
1.751e-07,1.0217e-05,6818.6363997669005
9.0981e-07,2.5339e-06,65151.08692001901
4.4917e-07,3.304e-05,1907129.2023638545
5.1233e-07,2.8102e-06,622907.8777823539
7.8815e-07,2.8483e-07,679076.7292555374
2.4656e-07,1.653e-06,95692.88256372923
3.509e-07,0.00022348,189332.37619836727
2.0662e-06,7.9683e-07,3050.259068407142
9.9913e-07,0.007133,475.23832329779657
7.181e-07,2.7523e-07,1417.7607813935053
3.6542e-06,0.00068519,5468.274411241169
0.00037026,2.8316e-06,110510.7551337385
8.3041e-06,0.014614,48368.104434937835
3.111e-07,9.5657e-09,784.4302144264259
2.1412e-06,2.2702e-07,3219.4500885745247
3.0406e-06,2.5761e-07,4475.677409972938
5.7721e-07,7.163e-08,980.5164552824457
1.7233e-06,5.5804e-06,3199.1022764794056
5.9967e-06,0.040063,55236.893617658854
1.0283e-06,9.3615e-06,26043.881832050807
2.7946e-05,0.00082906,28575.717230735758
6.2321e-06,3.4651e-08,2682.965905103722
5.701e-07,4.9778e-07,1141.6026877656977
6.3865e-07,7.2748e-07,4506.41551654952
5.8084e-07,4.2293e-08,1145.7508548739402
1.0594e-06,5.7066e-08,1871.3646906923536
4.695e-07,5.074e-07,2066.5255216293367
5.3689e-06,1.5015e-06,8593.804753132674
5.1252e-06,0.21456,23261.936253485823
9.3333e-06,0.0001148,72707.487056404
8.3889e-07,1.5982e-08,2096.3005788552327
3.2436e-07,1.1952e-08,775.1438887491768
3.9014e-06,3.19e-07,154697.94364014693
6.339e-06,4.1486e-07,16528.7981517245
2.1914e-05,1.5233e-07,9562.019184215242
1.0001e-06,3.5331e-09,278.856360222504
1.1179e-06,2.2467e-09,851.014292485324
1.7721e-05,1.5505e-07,576.4749110387743
4.1699e-06,2.0889e-08,1450.0813246886887
2.5019e-06,3.5703e-09,939.9118541210771
2.6869e-06,9.2937e-09,735.2486484163304
1.0819e-06,3.0185e-09,613.1969008785774
2.4506e-05,1.1534e-07,612.966648537513
7.6423e-05,0.025797,8226.557927338003
2.632e-05,3.6632e-08,808.6930430972018
4.1167e-06,1.1965e-08,3175.863719847176
0.001115,1.7998e-08,54521.88471526119
6.19e-07,1.6945e-08,1762.1039603332533
1.1959e-06,3.1625e-08,2864.208351213174
1.1716e-06,3.7722e-08,2748.0730448624927
4.9985e-07,1.1169e-06,32566.095434336814
2.4668e-06,4.009e-07,144040.04925005717
0.0018246,7.841,161897.82917134577
4.1815e-06,0.23653,37866.749916193585
5.0525e-07,1.8945e-07,922.5623405890478
3.8878e-06,8.7482e-07,11497.044367146002
0.0013122,17.426,12676.888968210096
3.4045e-06,0.0029585,18780.728068760698
0.020152,15.273,54943.12632797608
2.9372e-06,1.8432e-07,7500.774108897879
1.3162e-06,3.0997e-07,334836.689099085
1.5967e-06,1.016e-07,10163.821465150868
1.2267e-06,3.2572e-08,2953.933254571111
0.0016501,0.00023405,249119.54010285225
1.3065e-06,1.4579e-06,51298.1707712936
5.1069e-05,6.0447e-07,6528.151957385062
0.00013502,0.0031734,56863.921499687436
2.0087e-05,8.1854e-06,17314.74226470705
9.098e-05,9.5997e-09,9436.162989088363
0.00030656,4.1802e-08,182172.3334731714
1.9005e-05,1.3215e-07,4345.838177792349
5.4104e-05,0.0066559,13008.135137742907
3.0491e-05,1.1823e-07,10417.774366683301
3.5473e-05,2.6623e-07,8493.232390705425
1.232,15.765,6900.272521119726
2.4343e-05,1.084e-05,80586.80611184993
0.171,0.23929,27782.169315047784
0.013383,0.17065,7338.842074405054
0.0003514,0.00021481,7193.780928844829
0.0004081,2.7212e-08,1479.797265092266
0.00058418,3.905e-08,2435.7995749365396
0.00031003,4.3203e-08,26795.018407150976
0.0004612,3.6208e-08,2065.099588888628
35.937,0.057977,494.12601475340944
2.4319e-06,1.9645e-09,137.9371531814686
5.5757e-06,5.0269e-09,411.66630307195175
1.3609e-05,1.6996e-08,620.5943170269476
7.4292e-06,8.8792e-09,298.713900993119
1.8499e-06,1.0863e-09,187.2788954861901
4.1002e-06,5.5811e-09,196.07579868952016
4.2506e-06,4.764e-09,441.27140529276187
0.00011483,1.2206e-05,15219.596356525148
0.60233,0.6151,762555.2648568352
0.00059924,0.0073533,75426.85097788557
0.31588,0.012786,69825.82140634274
1.4399e-05,4.8044e-07,21086.43866595647
0.56805,1.198,122038.47049608295
0.00034403,0.00017885,29538.8942438421
2.0127e-05,1.1119e-05,93627.77265019025
4.4217e-05,8.2116e-06,25095.146087299825
6.928e-05,2.3881e-05,66205.13874831531
3.4928e-07,4.189e-06,19744.071920920873
7.7963e-07,3.9917e-07,101345.78194667332
7.7271e-07,6.437e-07,4972.077249283292
5.0571e-05,6.2996e-06,649059.04783462
4.9534e-05,6.4282e-06,711685.4702958063
4.418e-07,8.4088e-06,78918.9241701384
4.2716e-06,3.7665e-05,45222.03348713662
3.5458e-06,1.0703e-05,8303.579495144671
5.6464e-06,1.4722e-05,13385.846208735646
1.6683e-06,9.7955e-06,24299.539098810543
2.2646e-06,9.6661e-06,24452.093884512862
2.0722e-07,1.0795e-05,2792.7438360451265
1.7693e-05,2.2309e-05,54887.45584385991
2.9534e-07,4.7458e-06,52039.4585565533
4.0317e-07,3.5922e-06,162089.14497825628
2.0978e-05,1.8924e-06,37000.50813924967
1.04e-06,1.767e-06,12089.798508143549
9.4123e-07,2.2196e-06,61216.2568547132
0.00014384,3.3243e-05,935202.7392425475
1.6652e-07,6.0133e-06,4465.985826191975
4.7718e-07,9.9752e-07,23136.40878521814
2.269e-07,1.2494e-05,922533.9205372923
3.6632e-07,1.5363e-06,365444.476226462
4.7697e-07,2.2185e-07,732221.0878375043
1.116e-07,7.918e-07,45042.459888342084
2.3729e-07,0.00021406,43413.13326222162
2.041e-06,5.9021e-07,3002.1192941860218
1.3453e-06,1.4263e-06,405359.00812849833
1.0765e-06,0.011057,3208.7384343661097
9.3171e-06,2.0752,324417.0400051102
0.00098531,1.6205e-06,11603.469270439395
1.0068e-05,0.52906,524835.5490666239
1.5602e-06,4.3357e-07,2283.044370514643
71.854,0.19605,53883.507185685674
8.3988e-06,5.0787e-06,17654.099506832074
1.6216e-06,9.6113e-07,3441.880810268888
6.1501e-07,3.9688e-08,945.7463276916353
4.5338e-05,9.9982,347331.9984639372
3.6079e-06,3.593e-06,20538.382913431196
0.00025402,1.3556,32865.56228354175
6.6786e-07,1.3113e-07,602.498304149878
8.6784e-07,5.4065e-06,224509.80623459083
1.5484e-07,1.8149e-07,412.25491518723237
4.939e-06,1.0399e-05,10168.228667819578
1.111e-06,1.8773e-05,180913.04674966785
3.0332e-06,0.072153,87427.49859972022
4.5377e-07,1.989e-06,257765.2666414838
5.1172e-07,1.0418e-05,101441.24845747587
5.5548e-07,2.8511e-06,607.1444492909905
1.183e-06,1.2428e-07,46670.54211485803
1.8894e-06,4.0908e-08,4635.878585153116
6.8621e-07,7.5473e-09,-876.2563695364022
6.5206e-07,2.114e-08,691.5493895157051
3.0306e-06,7.3012e-09,-368.49255690346223
7.1976e-06,1.3755e-08,-30.14445740214691
3.0755e-06,4.6035e-09,-21.01205565211997
7.03e-06,1.1359e-08,-167.6914107500972
5.813e-06,1.4332e-08,-123.08218928483174
5.1564e-06,1.3846e-08,56.31274653347338
5.0814e-06,1.0415e-08,-212.6470212236545
5.5972e-06,1.1647e-08,-174.26915343964075
2.1698e-05,2.0447e-07,883.2003736678168
1.5129e-05,7.6798e-08,1376.6864361919977
9.7997e-06,1.6557e-08,-31.15696061341665
4.3236e-05,6.3624e-08,630.4893656500859
24.559,1.2432e-06,9305.77777253626
1.1877e-07,9.2891e-08,21998.349501907807
5.8642e-07,4.6595e-07,3548.6673979103844
5.5645e-08,1.1994e-07,43662.77461273187
1.2712e-07,3.6914e-07,34405.21444855532
6.1692e-07,4.9446e-08,24099.135788408603
4.4904e-07,3.8193e-07,12337.293378549639
4.4887e-07,0.00048679,28121.419731754006
3.6329e-05,0.78536,10086.895165424437
2.7008e-06,3.2728e-07,6751.322645165754
3.1067e-06,0.012501,9697.050910245993
0.00061567,11.072,188129.7775225572
6.2731e-06,1.2821e-06,48204.85833294864
2.9695e-06,1.0916e-06,8020.118658916615
9.7005e-06,0.013511,50362.02133920148
1.4245e-06,0.016825,1313386.7366634784
2.6772e-06,5.667e-07,116249.31203251376
0.00026538,0.0037809,363700.15004417667
3.006e-05,0.0005695,65572.15471151282
8.2894e-05,1.0791,39295.66018312942
8.9992e-05,0.0023031,66633.60822192999
6.6996e-05,8.933e-05,78282.80396085918
3.5607e-05,2.1992e-09,3409.8172818638895
0.00013439,7.8828e-09,80477.2908577532
8.4141e-06,6.2249e-08,6258.464490087956
1.9266e-05,6.0812e-08,4845.382564850437
4.7397e-06,1.5489e-08,1012.5900656130656
3.1507e-05,8.5455e-08,6821.675724307042
2.5593e-05,1.2334e-05,5747.805500275368
5.1385e-05,0.00014495,25305.23338933601
1.3661e-05,3.5968e-06,10894.325118670306
0.00045999,0.00023282,9137.8686749711
0.00022787,0.0010537,102590.91101937476
0.0013769,4.6686e-08,3990.844584364008
0.0036895,0.0054276,12307.458598294119
0.00022044,5.2659e-09,614.8786736031158
0.00062456,1.762e-08,1611.5679069368427
1.7992e-06,2.4892e-09,2596.6173710654843
9.5631e-07,8.0356e-10,189.69555531852657
1.2177e-06,1.3086e-09,63.5128720411289
1.458e-06,1.6048e-09,25.18884640016616
1.5091e-06,1.8319e-09,59.97730029270712
7.0999e-07,7.0435e-10,-4.199783382654695
1.0533e-06,1.0326e-09,40.25218913980753
2.7393e-06,3.3484e-09,3607.216854736712
0.00033359,0.00061397,259624.43762011649
2.5655e-05,1.7598e-05,84437.25519637561
0.0027605,0.019171,33009.033061222675
0.00019094,2.1125e-07,11756.114441508666
3.96e-06,7.8088e-08,11459.512105515358
0.0004744,0.00028464,170309.40916296293
0.00017364,0.00031106,20498.892999209365
0.0065154,0.030112,40564.269013323654
3.1754e-05,1.7148e-06,11072.32763101627
7.678e-06,9.1866e-07,1138.490169735185
1.3192e-07,1.2332e-07,766.6167585175856
1.1335e-07,4.3606e-08,164407.7628772201
0.0046326,0.00098718,1344.9405396994416
6.8692e-06,4.2338e-07,174094.65126434332
9.5567e-06,4.7997e-07,332617.8540219562
1.9563e-06,9.7915e-06,1481621.0052246873
1.2903e-06,2.5382e-05,157662.0028372266
2.278e-06,7.583e-06,6305.133093012403
2.3189e-06,1.8251e-05,37583.78362343879
1.1187e-06,7.2289e-06,17369.53679434546
1.1474e-06,5.2406e-06,13311.880368412953
2.0405e-07,9.1826e-06,16922.326401777773
9.0225e-06,1.73e-06,1115.9617236315444
2.1949e-07,4.3408e-06,183709.64070320668
2.2306e-07,1.1011e-06,196996.12681111833
4.611e-06,1.6135e-06,331890.64841897483
3.4184e-07,1.1716e-06,82257.45519523472
1.4053e-06,9.208e-07,138561.9848265298
0.00029775,6.2546e-06,1032235.9698233787
5.7129e-07,2.1663e-06,28999.48124854408
1.2614e-06,2.0238e-07,44424.02075088529
4.7124e-06,2.8936e-06,556540.7007000513
8.2168e-07,3.4421e-07,637203.9347177037
1.9445e-07,1.0689e-07,490134.8265176496
2.2123e-07,1.7301e-07,250624.33476339586
1.2563e-07,6.0174e-05,93723.03991972278
9.5416e-06,5.273e-08,27954.050735804045
0.0001983,0.078639,16688.74312696345
0.00076981,0.0026379,41311.258175773684
7.9447e-06,0.0013397,434849.86432426795
0.00085943,3.095e-07,4796380.454788011
0.00047911,0.14939,2588666.8757646787
7.816e-06,7.375e-08,21640.694523705275
2.1604e-05,4.646e-08,64834.523718332566
4.3437e-05,0.0025677,121388.86127428693
7.3496e-06,2.1991e-07,42497.369575416975
1.2265e-05,1.1961e-07,40538.509646308776
0.0007049,0.015621,1382878.067570044
2.2741e-05,0.0050776,47064.10284640899
83.448,0.00013592,556970.5591642791
0.14974,0.07056,678659.3507107107
6.8134e-06,3.7862e-07,338918.2649604624
3.9947e-07,4.679e-09,-6023.106851233314
1.3237e-05,4.0009e-07,73520.4762238094
1.3238e-05,0.0048079,1694679.640858582
0.00059683,0.61683,498419.4412292871
24.813,0.0013164,1000093.0223637134
0.0036623,0.0086664,2104753.8901867038
6.12e-06,3.8981e-08,1225819.0557562655
0.0085841,0.0,144671.30137660736
0.0052189,0.0,179915.50117940872
0.0069518,0.0,26335.380626170918
1.1098,0.0,7639.830807743128
0.0004377,0.0,1384.2230825588756
2.852e-05,0.0,73.90356524576823
8.8601e-05,0.0,191.82967156810778
8.7467e-05,0.0,574.4001033926855
0.00014876,0.0,259.38531877390693
0.00032222,0.0,592.7968647426412
0.00012338,0.0,232.51687467854
0.00015072,0.0,152.8270069372337
0.00026869,0.0,863.4445633142715
0.0013503,0.0,857.4876881943414
0.0002071,0.0,731.6154445510161
0.021438,0.0,1407.8260490361263
0.0,0.0,8050.499580257271
0.00046053,0.34712,453436.5723193896
9.7378e-06,3.9864e-07,182606.54359733168
0.0023507,1.8398,1803077.8543882442
3.4153e-05,0.042141,12488327.1393477
0.34274,2.0588,817762.3174661631
80.907,0.06939,1631284.2455801235
2539.7,0.01203,939944.2396546456
0.020213,0.00032117,118817.19858681264
0.0002941,0.0016239,400876.21069450554
0.019546,0.0020913,219759.42310743107
1.5858e-05,0.0030795,1126814.562337895
3256.4,0.0029894,514774.50705877284
22636.0,0.0019131,6363914.501792587
13508.0,0.0026718,3882860.25702074
227.41,0.0062207,1559243.2879853898
0.0032566,1.487,1007260.9542562781
2692.5,0.020421,3162939.4711359013
0.00020137,9.2006e-06,494452.3344698081
16.956,0.0020701,585209.7163692337
0.38893,0.00032235,2023168.7383237425
6.5919,2.3499e-05,2258480.6789616975
0.0030902,3.6878e-09,141750.8133478391
0.0071592,7.668e-08,9450536.797573457
0.072803,0.065873,221737.86110618568
0.20215,0.23403,503821.5121416028
0.090294,0.00045788,265208.0875516634
0.011728,4.2894e-05,44440.06837401275
0.0055827,8.6206e-06,121420.6267869309
0.0020085,3.3299e-06,741382.8722813769
1.6762,5.483e-06,1519874.213947943
44.338,3.7345e-05,855485.662550049
20.608,7.1317e-05,2634845.057206289
0.0080371,6.1196e-06,586323.0453633774
0.012414,2.5718e-06,39458.560082472504
0.0054853,1.9004e-05,18277.754559750763
0.0034545,2.2036e-06,7030.426969498271
0.010135,1.0866e-06,42911.66435959107
0.0025978,2.7852e-07,3586.2323976946714
6.357,0.00068159,3820.358265871104
3.2488,0.00034833,6288.842595639877
0.0023183,2.4855e-07,8565.174023797737
3.8672,0.00041464,10968.682463387671
58.544,0.006277,5469.524841184631
0.30837,3.3063e-05,11853.733223370711
456.68,0.00062433,1734654.0720278108
61.335,0.00023137,4915382.232042438
200.9,4.3265e-05,6139267.94735309
59.338,3.099e-05,5121844.786394967
8.2174e-06,1.8829e-05,880367.4969245478
642.57,0.02576,33360964.306909
39.237,0.013948,3350897.916183616
52.391,0.00090546,2998742.5060400437
0.0055773,0.0,3274913.1138134613
0.018248,0.0,1558883.324834788
0.0,0.0,81067.10194642932
2.12e-10,0.0,918110.8708571822
0.0003989,0.0,628275.3444953054
1.1404e-07,0.0,16443343.161023594
1.3504e-07,0.0,19704061.421027385
0.06604,3.8932e-06,32397802.40493777
2.9363,1.0587e-05,1126242.5654811175
1.7183,1.4337e-05,1352517.3231068675
2.2058,1.2379e-05,441600.30871701444
0.00019478,4.1724e-05,1766874.40288087
2.191,1.0928e-05,1860049.961000308
0.0057484,3.8077e-06,3868703.6587080904
0.58856,4.4695e-06,318113.2664626573
0.0092291,0.0,21242232.23906144
2.7049e-05,9.7438e-06,2521822.269348546
0.7215,9.8453e-05,18547226.25077031
0.079157,4.5521e-05,5579350.921490886
0.0002569,3.2395e-05,11154200.391542347
0.026672,8.854e-06,14271008.107120702
0.00032723,0.0010414,919771.8669154411
0.070436,6.2541e-05,2099155.8777168854
0.0,0.0,25093678.80000005
0.0006039,0.0,19425579.03094292
7.927e-05,0.0,10969226.581309121
2.7728e-05,1.2901e-05,5617307.914893413
1.5166e-05,5.745e-08,32062515.183121227
3.1947e-06,1.6967e-06,5805.9734598009345
2.8035e-06,5.4243e-06,18214.58163541101
5.8036e-06,0.044658,38733.972681077605
1.8712e-05,1.8118,3522.3299424063603
0.0021965,0.17825,7946.313858296465
0.0071634,25.204,87798.75499888569
1.2294e-06,0.0020351,2272.9256075750586
1.24e-05,4.4678e-06,18199.635818953124
1.4989e-06,9.4925e-08,2121.4234881780667
2.6166e-06,0.00012426,35306.15021100679
28.532,0.091466,51942.64623816266
2.1251e-05,2.1539,27545.27382375534
2.4642e-06,0.0064744,4056.2524182068523
0.058038,1.4579,27372.343371575254
3.5923e-05,1.5677,79472.16397354657
0.00014164,9.9692,42527.880918882445
0.00017094,12.452,30443.72131341516
7.752e-06,5.2472e-06,19912.040549853267
6.8848e-06,0.086032,32693.122888612983
6.5685e-06,0.1805,53085.048556141126
0.00074338,14.267,24870.786503445455
6.5841e-06,1.4045,6847.315195115485
1.9211e-05,1.4464,33746.72606369427
4.0607e-05,3.2651e-06,138427.82767866834
1.3871e-05,1.2026e-05,58929.774586572756
1.8677e-05,2.0297e-06,243429.60552645856
2.96e-05,3.8748e-05,178767.54225817637
5.5648e-06,7.6369e-08,9363.66079695645
1.4929e-05,1.4367e-07,6225.241224225381
7.6309e-06,8.6497e-08,391.1101194334511
7.7703e-06,9.1534e-09,216.14759676850016
5.5345e-06,2.1423e-08,2326.745841955784
1.5402e-05,1.9005e-07,369.7011738672142
1.1852e-05,2.6808e-07,630.5945651467504
4.7418e-06,6.2573e-08,262.5983055590515
5.5445e-06,1.9975e-08,134.19714939951123
2.5259e-05,0.016713,82619.30963438246
5.0295e-06,1.7179e-08,181.42818768345848
0.00067965,0.0007702,1427.6478358824536
0.006819,4.0244e-07,2866.0433123284947
0.0002007,1.4177,17518.52162764541
0.00014989,1.3737,13394.86363569211
0.00031144,0.37672,5842.737728053407
8.0096e-05,0.37512,11922.354077364693
3.3972e-05,0.016521,22849.354372488866
0.0016685,25.633,25637.484288617186
0.0084288,273.1,51027.411540262925
0.0036541,23.68,12118.294261019091
0.010314,47.601,27925.19189064262
1.3895e-05,0.022903,20928.10864644653
1.3413e-05,0.15076,6919.496336990236
2.3052e-05,0.0061426,11236.83875822415
0.00015923,5.2754,4041.4137414842507
0.015384,34.794,27994.23571736064
2.4673e-06,0.00024131,18897.843339555464
0.39917,0.13694,16647.871833323934
0.00010111,7.0548e-05,92327.56799294158
3.8468e-06,4.7541e-06,62779.6546574514
1.5791e-05,0.003369,-1416.9910672776393
8.8196e-05,6.5612e-05,3149.159600783151
9.8498e-05,0.00013322,5397.331181425003
0.00011543,3.6062e-08,14591.972294497527
0.00093679,3.443e-05,129716.13527477586
1.3314e-05,0.039669,2220.593378334479
5.3428e-05,0.23356,4175.976615792459
1.5762e-05,0.00012289,1708.9220580423207
0.00011661,0.00083246,10401.846350306438
8.8483e-05,0.00078355,5924.357634089483
4.9494e-05,0.00023686,12680.61101611972
2.8491e-05,3.6881e-07,6259.369325616328
0.00040827,4.9317e-05,7756.861857182632
0.00018066,7.7513e-05,3498.661920314718
0.0017483,0.0017672,4260.476788973597
0.0031547,0.086392,10253.478897873545
0.00051382,0.00070456,562.2707970628053
0.00088953,0.32252,631.6481545163718
33.623,0.051388,741.4054701498482
0.03334,5.0952e-05,222.53180485477074
0.16641,0.00025433,1961.3484733495138
4.0784e-05,5.9228e-08,46.49917502128368
11.36,0.017362,2258.805015218256
8.5146e-06,9.5654e-09,466.77439611809643
1.6251e-05,1.9891e-08,473.5287243982482
0.021462,3.2796e-05,1634.968319316925
0.0001327,1.0599e-05,149607.0098897323
0.00010648,6.9996e-05,7760.29996431921
0.0004509,0.00030898,19680.864385443176
0.00081212,2.2215e-05,49191.27176917182
1.2692e-05,2.0296e-06,36369.72701501965
0.0022732,0.00029557,76681.45980235472
0.00042242,0.00097379,19946.77883251023
2.6201e-05,0.00011172,7412.940099504553
5.9999e-05,5.9139e-05,51298.77068705166
5.7706e-06,0.00016576,36281.37586337634
1.8157e-07,4.1851e-06,1553.1722108633132
2.3394e-06,2.4573e-06,62.77968149843508
0.00022301,5.2467e-05,9189.60738646317
2.8408e-05,1.0856e-05,477701.2328812576
2.8824e-05,1.2979e-05,825926.9087654821
1.6586e-06,1.812e-05,843599.4948218553
7.9644e-06,0.00019299,37911.35683101144
4.562e-06,4.9195e-05,12505.92901986416
4.0026e-06,0.00034659,55332.476629080644
3.0046e-06,4.483e-05,53814.38756621387
2.9967e-06,4.3845e-05,39922.52265269396
1.1275e-06,7.8009e-05,75232.9503378255
1.0442e-05,1.9726e-05,3178.449546927696
8.8304e-07,1.0458e-05,261608.783116311
7.6131e-07,1.0433e-05,13005.56412838927
2.3975e-05,1.8759e-05,81056.43550637281
1.9302e-06,6.6896e-06,19125.769552178514
1.9176e-06,2.7356e-05,181940.5345321663
0.0003059,0.00010688,1282306.2274260437
3.8773e-07,1.8351e-05,20910.432542598133
1.904e-06,2.0544e-06,72131.40404214278
2.9807e-06,7.1558e-05,2194299.808217685
1.295e-06,6.8844e-06,595080.9545239299
1.7827e-06,5.5185e-07,503832.9866084909
5.1283e-07,3.7141e-06,336189.34417668724
8.9619e-07,0.0011117,229733.93330554556
1.9769e-06,1.1754e-07,2976.5495487212124
3.75e-06,2.8037e-07,2174.5212171252565
5.109e-07,5.8522e-06,2591868.1769305705
6.5888e-07,0.0010795,504129.9912360475
0.0010789,3.4616e-06,167863.69048169703
1.2053e-05,0.068672,3131312.2157792537
4.9195e-07,5.3497e-06,88976.27977108941
3.1597e-06,8.2966e-07,4623.281483549773
8.0275e-06,3.4444e-06,11663.42110227707
1.4585e-06,2.0591e-06,19173.390597054356
7.7889e-07,8.5215e-09,1237.3945398138235
3.6044e-07,0.0007905,55485.23507440442
2.0063e-06,0.034814,46449.25986786917
3.2693e-05,0.018456,259360.03620960494
8.6802e-06,1.6177e-06,9174.099657626288
1.2923e-05,0.35677,59539.57066750843
1.6286e-06,1.6981e-06,2539.532392822407
4.967e-07,5.0502e-06,824439.5788684125
1.7305e-06,1.356e-06,4165.584155811058
2.8471e-06,3.0237e-06,167662.57116682592
3.1446e-06,0.00024531,4586.200851201902
3.8244e-06,2.8742e-05,17045.947363878462
1.4629e-06,4.8585e-06,3011.041248515699
5.0863e-06,0.00034878,14403.848831708618
7.1752e-06,4.0795e-07,38985.69891788739
1.3913e-06,7.8798e-08,17208.8637622051
2.9863e-06,2.2734e-07,137142.71329900372
2.5086e-06,1.3329e-08,6099.153590654868
2.0647e-05,1.7323e-07,32977.73176826354
2.1374e-06,1.0597e-08,1938.6778122235971
1.9084e-06,1.336e-08,2244.7181377015468
1.9118e-06,1.0754e-08,2273.943123285358
1.8789e-06,1.1162e-08,2130.537273952963
1.8876e-06,1.0001e-08,2225.9681052039487
1.5183e-05,6.9666e-08,2095.2199030335323
2.1704e-06,1.2762e-08,25659.873192150662
0.00030355,0.088115,10.282075740066274
4.1108e-06,1.3438e-08,16.97103395102923
1.6272e-06,1.4697e-08,236685.1347353952
0.0028654,1.3167e-07,67773.21938765413
3.0727e-07,3.5532e-07,76287.666570597
5.4033e-07,3.7216e-07,35351.851200869016
8.8439e-07,1.7691e-08,2035.9143533429158
4.5512e-07,3.8636e-07,17781.721233183358
6.3228e-05,0.04643,58428.72670186119
1.2907e-06,0.00050786,3999.4578285203797
3.372e-05,1.5163,50862.22998087334
2.6361e-06,0.0009953,2450.8690574809643
4.6316e-06,2.5885e-07,11466.899805809922
0.00030348,1.0444,4617.97528183895
5.8539e-06,0.0030856,16191.673675979591
9.3196e-06,6.6224e-07,12428.609547051048
3.3239e-06,0.0023272,11470.166068864868
0.00019023,0.53343,167960.90273358682
8.8198e-06,0.072861,5937.418889688122
0.0003453,0.89625,55113.456575870565
2.6497e-05,0.00046367,225399.39309697147
2.4454e-06,6.3093e-05,34076.68728781779
3.5674e-05,1.3533e-07,4246.3333634226865
0.0002875,0.016975,4749.83454064416
3.5766e-05,3.4853e-05,8184.977463186254
0.018505,0.0026069,4173.83944830916
4.6099e-05,8.0505e-09,231721.7887999652
7.1777e-06,1.3213e-08,1535.9766232965228
1.0064e-05,4.9295e-09,2063.775545022699
1.4273e-05,1.1249e-08,3262.865507233646
0.0017964,0.0218,36642.42661616073
0.002587,0.031474,693.5832101360473
3.8048e-05,0.00040346,14987.657223863029
0.00012105,0.00016546,4269.157631696023
0.00023721,0.00052911,3638.381159745806
0.00058704,0.0048492,4793.576303363234
8.1742e-05,0.0077027,135.4118214272489
6.492e-05,0.0012955,18218.477760695892
0.00015383,1.4039e-08,384.2958330647862
0.00010999,1.4807e-06,65.5098296092401
7.6674,0.011782,382.4056427883956
3.1294e-06,3.8388e-09,114.89860117307622
6.3411e-06,8.3624e-09,165.70861279560864
6.5122e-06,7.1222e-09,21019.4990986513
2.3219e-06,2.404e-09,129.00656999926665
1.359e-06,1.327e-09,80.08470722789143
8.9698,0.013783,100.18701807901844
1.2545e-06,1.5195e-09,36.11205309430808
4.1618e-05,3.59e-05,26314.42326462385
0.0049361,0.0043935,4297.492731413957
0.00019229,0.00024904,21242.863446369618
0.00035783,3.2101e-06,5013.625477797787
4.7653e-06,2.8029e-07,9100.972940577409
0.0002156,0.00010085,11582.697807826207
0.00052461,0.0051336,8586.282794938114
8.1146e-06,4.2472e-05,65237.66103880049
1.0207e-05,4.332e-06,81378.8596694001
2.7072e-05,3.5658e-06,20616.428661262238
1.0575e-07,1.2165e-06,12754.942660402556
1.9675e-07,8.0916e-08,104094.54670462506
0.06777,0.015355,247.54385366285726
8.606e-06,1.7488e-06,485402.15253981116
9.8051e-06,1.9398e-06,909516.2481414854
9.796e-07,1.1449e-06,1401698.5701967797
1.2602e-06,2.8713e-05,159902.04224974161
6.6534e-06,7.015e-06,66745.23951103262
9.9718e-07,2.3655e-05,110584.48848962234
1.9054e-06,4.7374e-06,62874.27889133821
2.2322e-06,3.717e-05,49327.18636278809
1.3071e-07,4.8066e-06,61302.23856929445
2.7882e-05,1.4881e-06,7557.569692575402
4.6927e-07,1.5859e-06,157457.9350199742
1.7619e-07,1.1341e-06,15172.326460848937
2.9988e-06,2.0978e-06,153268.09137669828
6.7127e-07,1.7381e-06,12123.11514421763
6.8728e-07,7.7008e-07,78357.66720832647
2.846e-06,1.4025e-05,834187.3940400608
1.1897e-07,2.7076e-06,42699.29146230126
2.3145e-07,3.023e-07,29949.329039229302
1.4909e-07,6.8622e-06,899900.4490482938
1.737e-07,4.8249e-07,210886.85514878793
1.1919e-07,6.2516e-08,271541.3972777654
4.8502e-08,2.62e-07,25527.20331623173
1.2799e-07,7.3856e-05,339920.52886260144
0.00023647,5.93e-09,124046.28416264385
7.4247e-05,2.3011e-08,814462.2155360571
0.00022129,0.0019967,3248357.070716391
1539.3,0.00034538,1338546.2452197804
0.04065,5.7049e-08,1653820.449562673
0.10256,0.28548,3996815.679053091
2.83e-05,3.8435e-08,206045.12533652986
0.00011757,0.00033729,31519.813297076482
1.1717,0.26743,161365.95564938494
4.524e-05,2.7358e-08,21572164.51966469
4.5994e-05,1.3974e-10,17866.050930720365
141220.0,0.00010769,2969592.9468682753
0.0002518,1.1187e-05,226457.73328420945
1285.6,6.663e-06,2214603.8253167574
3.7281e-05,2.3129e-06,11317.174073315668
3.6795e-05,7.7192e-09,16148.31587986303
8.8095e-07,0.0,-480.50996986632066
3.033e-05,0.00011698,9163736.08842303
3.6726e-05,4.958e-08,411139.8765503886
0.0065263,0.011592,21519.012547187256
0.044712,1.157e-05,21850.605273728186
0.16402,0.0,3876333.699452176
0.82062,0.0,211956.89862439453
0.019083,4.54e-08,162627.50757340892
0.038258,2.4014e-08,151131.29495378566
0.87542,3.5321e-05,336454.8543256891
1.1097,4.6201e-05,156698.29806774575
0.00075955,0.0,585.4602670700191
1.3531e-06,0.0,1475.906367314314
1.218e-05,0.0,3424.3790906222907
19.265,0.0,274.930847476736
8.8549e-06,0.0,11408.619318498279
0.00058107,0.0,175.18412859572405
9.2489e-06,0.0,4735.110119723464
0.35398,0.0,320.35885746945064
2.6347,0.0,145.0890312269198
0.00015021,0.0,1194.9413295034838
2.5008e-07,0.0,191.68674312585756
7.3078e-05,0.0,9.161430581726107
0.0,0.0,12.655272605766847
0.00097976,2.5018e-06,2114188.171683401
0.0016606,2.769e-07,1802360.63867538
0.0011474,3.454e-07,364824.1485311396
0.00062467,0.00054922,715733.5630826764
129.18,33.147,1234694.1009704897
0.001366,0.0013465,294012.65611315274
3583.7,0.0012117,1638587.9835735683
0.151,0.0045849,943072.8535499282
0.025414,0.00041134,377640.05760992767
0.069448,5.8179e-05,261442.61534473932
685.14,0.00050517,692977.5224363758
0.0036057,4.7992e-08,709467.1143418389
1.3669,4.1103e-06,251880.51028520288
12.454,4.9232e-05,610930.3123095063
5.114,0.00049839,555491.5100922685
65825.0,5.2535e-05,1290895.0828444483
34.961,0.38691,4909352.208203902
0.0043879,0.00084803,10851851.224043736
41.876,0.00065847,845705.5095360535
0.00063551,2.3186e-05,33325.9357165392
0.0002936,8.1798e-06,701845.9489642957
20609.0,0.0,44266.344972714985
2.4863,0.0,1511883.7342827877
0.85703,0.91587,207999.55914348314
0.024889,2.8221e-08,30316.00298066109
667.0,2.4973,22052.002875113747
182.27,0.68241,12227.976522416251
0.0025202,3.6487e-06,640.6607944151095
0.0045678,0.0014651,452425.32707011007
0.0010245,8.5541e-09,328090.5843413962
4.6805,0.0,570627.7106579583
172.97,0.0,349039.9715649074
0.012573,0.0,97777.10241357796
0.020343,0.0,2000801.659190422
0.22264,0.0,1949082.243615582
0.023129,0.0,85721.84053472283
0.00031273,0.0,51949.310012839764
4.6418e-05,0.0,688.7556985555216
0.00034026,0.0,139.61490427724416
4.0034e-08,0.0,238.01405979712476
0.0051184,0.0,3698.9173949223527
4.1623e-08,0.0,3586.853357865775
1.7773,0.0,669.1235981653753
10.574,0.0,3445.80200998515
19.152,0.00027085,1106275.960432736
0.044267,0.00010098,243184.1599154594
0.00055874,0.0,92408.89608291349
0.032068,0.0,50898.05689506388
5.8991e-05,5.4187e-07,10088.20450609013
0.00018493,0.0,36195.999616363944
0.028141,0.0,43518.60341391975
0.0042797,3.8488e-05,4970196.898400173
33.269,4.5628e-05,1434181.4691325652
1.2646,7.0824e-06,4318.599790268675
0.0,0.0,85591.49202782672
0.0,0.0,-6.2657844075
0.0,0.0,455014.8696642453
0.0,0.0,16484020.002291115
0.0,0.0,31638000.010816697
19.881,0.21625,52559566.43903575
4.0154,0.011633,135966.12132346732
3.9152,0.0072714,88058.47993372787
1.0358,0.093522,5072129.908228287
0.00080686,0.0,64563.32560638739
176.8,0.24693,1051676.154515735
16.586,0.035082,50260.9314948311
5.1145,0.053617,147725.48882066776
2.042,0.0,5473427.855687959
2.8279,0.014945,4222405.052334005
11.878,0.0041291,10345680.733814392
3.6298,0.00033589,29207534.434231766
19.924,0.13831,11967650.403297935
4.5659,0.14541,35078944.87557082
7.2211e-05,0.0017382,5660311.169307834
0.013638,0.0023015,78894.11723877894
0.0,0.0,6164372.000001164
0.40937,0.0,8553954.88783309
37.425,0.0,2800219.8681011233
6.1297,0.0,872201.9572965645
10.862,0.0,15517213.622379169
1.9165e-06,3.3107e-07,2628.341682193569
7.5472e-06,1.7694e-05,104735.84129457067
1.1911e-05,0.11019,26966.797160451886
13.595,0.080635,44451.752584840775
0.026364,1.0673e-05,483123.5776324147
0.00058121,18.167,445778.04610835406
9.5464e-06,7.8404e-06,14007.300766269596
7.519,1.1285,29045.87741770794
1.1099e-05,6.1252e-07,16824.222268487116
4.9305e-06,3.2503e-05,20477.711167280282
7.1674e-06,1.0083e-06,11684.845543026811
5.0792e-05,3.2352,116161.17638585814
12.751,0.10994,71526.17637430914
0.00018438,0.048791,149989.73624974937
0.0054684,69.528,14041.673971861312
5.6151e-06,6.9322e-05,376595.2051505698
2.2026e-06,2.0502e-07,3031.9631411934124
4.1617e-06,1.0233e-05,6958.630060765912
1.2319e-05,1.3297e-05,33348.371742224146
2.2143e-05,1.3845,17331.24271123658
0.00020773,0.025555,19202.715166244016
0.00012075,13.625,12053.140725036108
1.9004e-05,0.074422,72345.64882274756
6.0749e-06,7.1605e-07,15228.718070593153
4.5411e-06,3.286e-06,370633.7333436903
7.4256e-06,8.0278e-07,31199.748563723213
2.8163e-06,4.2624e-07,48207.049567682756
1.0063e-05,8.9306e-08,146.29095439004456
1.1776e-05,8.1156e-08,-96.78185267456493
1.0278e-05,7.177e-08,172.95522980565624
3.3758e-05,2.1517e-07,376.8861404394158
1.9675e-05,1.3902e-07,495.24556933455966
6.6162e-05,4.395e-07,890.974157773975
6.8364e-06,4.5863e-08,-284.9687294707553
8.9829e-06,6.8813e-08,-187.0421405586197
2.3535e-06,1.5367e-08,14246.029493995835
1.1882e-05,1.3193e-07,46.5022518561221
2.1087e-05,7.2216e-08,326.19451543925146
2.4502e-05,1.3802e-07,364.6228883634332
0.0061797,2.8655e-07,70594.81705964866
0.00026825,1.4473,269628.71404516586
3.002e-06,5.9383e-07,7567.602691591737
3.764e-05,0.13638,43046.97944753837
1.3899e-06,9.1519e-06,429634.2119439294
2.7616e-05,1.32e-05,56246.27761159222
0.030154,0.0020199,21913.51298897422
127.94,0.062214,53861.2886758048
0.0033828,14.214,12697.767991431243
6.4064e-06,0.00028705,17156.8496168085
0.00061031,0.011222,18387.447358750203
56.245,0.12327,338280.6316827254
0.0010201,0.59142,166287.7557037803
0.0031177,57.742,46153.45786756949
0.018712,0.00058552,612150.159431172
0.45103,0.002025,299383.3597670514
554.72,0.42832,108682.72225309974
13.138,0.0090157,192475.28532423414
1.9043e-05,0.00049125,103447.2756895189
0.00015894,0.0059129,10162.181100884267
0.0073996,0.22037,8858.883131812543
0.00013927,4.3902e-05,104589.60140309407
0.00023348,2.2946e-07,39527.97814036096
0.00026384,0.00014143,319123.3616289906
1.9892e-05,2.0066e-07,4237.273263764155
3.2915e-05,9.882e-08,6695.841030858882
3.4689e-05,5.2401e-07,9957.119547357388
3.7372e-05,3.2718e-07,8260.463164711711
0.00010726,0.00066619,11552.15220519687
0.00010452,0.00012552,50440.571984880335
0.00011857,3.9439e-06,19560.991794206104
0.00061856,0.0040165,6850.901957457046
0.00031786,0.00052723,15384.771745861253
0.001033,1.1911e-07,3600.607818599238
0.0043191,0.0012289,3658.3163101588307
0.0039611,0.93526,981.3233013303153
0.0010937,0.059026,2032.9365641848071
13.826,0.020999,7813.236939013108
0.047559,7.2234e-05,123.2641333482437
0.03825,5.8094e-05,155.30840974829687
0.77189,0.0011724,328.32665618487243
3.038e-05,4.1904e-08,493.1760904420333
7.23e-06,8.2783e-09,163.3941824275159
6.8253e-06,7.7926e-09,139.3865236960857
2.6189e-05,3.6054e-08,682.5940864530169
0.021225,0.077487,23926.868581055864
0.76366,1.0953,83216.83217079652
0.17699,0.00027288,458733.0124801412
0.61703,0.021332,50952.34118583186
1.1168e-05,3.0164e-06,17472.236073487187
0.0014641,9.5335e-06,55921.05351409476
0.047087,0.66909,440091.49782952183
0.0033942,0.00094222,65889.94485731947
3.0737e-05,7.2245e-05,130405.35900442112
2.3183e-05,8.1869e-05,187245.0857975213
4.7894e-07,1.9763e-05,16207.400947826656
2.2919e-06,2.1257e-06,64.64015755588521
0.0044478,0.00094847,1179.1501881204567
4.4254e-05,1.1162e-05,1146071.076501796
4.7618e-05,1.1186e-05,1566641.4073005756
1.1069e-06,3.9223e-05,206956.63260819076
8.181e-06,0.0004383,540402.2589619227
9.9798e-06,7.5086e-05,24657.76067309986
7.71e-06,0.00037768,222274.58020376976
3.4316e-06,6.3606e-05,56240.6537353576
4.524e-06,5.169e-05,52351.20664306407
1.0259e-06,6.1705e-05,21119.66231752917
3.1057e-05,9.9848e-06,2941.0501946688323
9.5894e-07,3.0217e-05,340567.9686839614
1.4791e-06,1.9847e-05,69226.10298027491
4.8674e-05,1.2201e-05,268351.97867556557
2.7635e-06,1.0152e-05,74836.57293105255
3.1321e-06,5.4525e-06,169358.88818180643
0.0010675,5.0584e-05,555077.7973620128
7.5221e-07,1.5876e-05,28987.72552572166
1.8124e-06,2.419e-06,95008.69008666862
6.0515e-06,4.9154e-05,1299062.268857477
1.2414e-06,2.9389e-06,996072.2802032479
1.0727e-06,4.6601e-07,898817.3323929235
5.7192e-07,3.5018e-06,341435.5027891218
7.7531e-07,0.00065918,383186.35219576635
0.71112,0.00043443,361706.67834074737
0.39696,5.6832e-05,99028.00421451153
0.24648,4.4003e-05,328920.78471891664
22.608,4.17e-05,478725.96043565904
5976.1,8.8997e-07,179957.4371665675
10966.0,9.8273e-05,9955508.610685144
0.00077206,0.016102,570894.4084660717
6.2214,1.6075e-06,167980.4745397636
0.061547,2.3609e-05,146710.97747750182
48.337,5.5856e-06,365274.24835015903
1179.6,7.7696e-06,899231.6909958796
305.34,9.6706e-05,2862332.155388614
1.1612,1.3421e-05,147371.43656616958
164.96,2.1325e-06,516796.4094582529
32977.0,9.0403e-05,780830.3880811563
19.739,7.4154e-05,574898.9217049861
2.2373e-05,9.9252e-06,113020.57309463015
35.253,0.00014144,663041.4345939711
279.12,0.00012403,793882.3210769964
3.4457,6.4083e-05,650081.0326457854
4262.2,0.0011184,995429.2075672136
709.39,0.00014138,207048.8749645035
711.85,9.1781e-05,197447.8866523391
0.0,0.0,-467710.00024453935
42.557,0.00013704,663901.1457574379
2.2846e-05,1.2074e-05,254397.24586903508
0.00028265,0.0001512,1398412.7017169103
0.0053257,0.0,31147.250860591463
5.4597e-09,0.0,4706.678283346804
0.0096499,0.0,10941.078871505468
4.0417e-06,0.0,4035.8339607526864
1.9051e-08,0.0,17240.65810702244
7.1688e-05,0.0,31448.525078485898
4.3193e-09,0.0,3835.1150681205063
2.2817e-09,0.0,2072.975980555772
0.26472,0.0,98443.18384252879
0.00089773,0.0,7013.434849978879
0.0016753,0.0,25778.70482694205
3.2599e-06,0.0,27620.3713253703
0.0,0.0,373196.1066782934
2380.4,0.55818,4065327.0140949925
152.91,0.0098159,1420834.331749751
38916.0,0.032212,4383316.57218119
3051.9,0.014618,3412131.1898576757
39278.0,0.0068705,2296169.522867305
2105.7,0.0081167,1714864.5662472986
25791.0,0.056024,1325679.6568727924
9963.5,0.0075008,2233082.0430335053
21.035,0.0031903,3017796.439870295
455.79,0.012128,1390365.8207654965
18186.0,0.013176,5084822.600389807
8.0265,0.0029531,3389955.9208808974
13881.0,0.001796,1376279.2432748764
563870.0,0.0018181,16387792.837535426
259450.0,0.006656,10250959.881538546
32698.0,0.001367,3570008.045653262
21035.0,0.056809,2701099.5862219683
2.1695e-05,2.4313e-06,1964537.627013906
13999.0,0.00078686,908530.9805738743
2396.4,0.012353,1356782.9421770044
82487.0,0.024504,2145151.9245016607
0.28932,0.026289,5324756.935627018
145.9,1.2816e-05,11031645.433487736
53.813,0.0010412,1436877.9821359408
125.32,0.0013368,1625955.4777969096
0.0044488,0.0012821,2171626.7053554673
0.006352,0.0019467,1657382.598801172
0.0051363,0.001499,2114730.4824590995
66.206,0.030881,5963008.832090472
202.8,0.0085173,3881686.9261550196
4246.1,0.061595,1631368.0512038283
4470.4,0.012986,1463908.1121480023
16.188,0.00015458,276332.3116713874
573.72,0.00019304,361095.45548630366
163.84,0.00011277,267213.5825045461
6.9773,0.00020712,366571.82992393465
0.0020924,0.0,93622.0931482568
0.0020734,0.0,17116.31954107759
0.011557,0.0,4679.202457054988
2.6835,0.0,18800.05982927194
0.0024103,0.0,16187.25871940066
0.23247,0.0,2949.161121642656
0.0018684,0.0,901.8304171084911
0.019308,0.0,23226.03671053107
185470.0,0.44688,6498354.179212008
2965.0,0.017082,29303740.43548971
20977.0,0.0046246,17948724.944847763
6266.9,0.0,9646630.049747977
102.62,8.2,3248670.4097852986
164.18,0.0084283,21167296.395079892
946.01,0.73979,4691619.531513764
14142.0,0.02083,8940223.113999203
409.12,2.2887,5427934.153197137
86.474,0.44331,3449191.2550083525
0.60826,0.25991,1429134.8658892696
0.498,0.7213,1321148.8885715678
24.655,0.0037426,2516092.0815315302
199.17,0.30201,34506070.49652634
2549.6,4.209,54098825.175676145
101670.0,226.68,105932158.08475478
3044.9,75.732,5939979.194289898
731.93,17.723,4112249.137206554
172.85,4.2982,4417365.545583992
562.35,4.4754,4118173.3442480033
1339.2,46.811,6699128.629464708
28269.0,145.0,7679277.346593081
32.875,88.898,1690285.1393552825
219.07,9.1373,30957122.1921725
2740.9,251.42,8197130.906469787
272.58,24.857,9540165.972885687
10960.0,327.11,22605136.541267216
399750.0,0.34688,34925333.58171918
9793.0,8.7647,111371767.43499541
22491.0,0.16702,34738242.12635673
50807.0,920.71,20420600.21880921
815.34,29.881,104286723.91146062
1012.0,12.338,54209766.82277288
488.8,4.441,120166899.59132442
398.49,59.594,11294145.273943743
4309.9,1.452,14846297.972153008
0.73862,7.2272e-10,82407.22779722359
0.35696,1.7692e-10,2758.1840732402397
1.06,1.9875e-09,119769.37736073651
0.35476,7.9929e-08,34382.47138371481
272.33,2.6562e-10,62458.52927820955
1.2802,0.00011838,617869.1797798377
0.3545,2.1137e-10,5987.3193684716925
0.26677,3.9661e-06,29613.738938042035
0.58519,4.3967e-10,13269.849093415967
0.81288,6.4269e-10,62841.25885153939
0.28661,1.4527e-05,201238.5762359817
0.31832,9.4119e-05,289196.0626095388
0.33853,2.4805e-10,37560.54771924664
0.99856,5.1711e-07,197437.43561732565
0.23499,3.9999e-07,384458.6552272055
1.2102,9.0292e-10,134430.6291481667
0.64254,3.7639e-10,71304.94565887756
1.1778,1.3033e-09,128837.73601695745
0.67806,8.5248e-09,75002.59589181199
0.95321,9.0976e-09,104521.6167265307
1.2442,0.00083477,516913.89819477807
2.008,0.0018154,1877465.5115845199
0.011969,0.20879,2005157.6508584805
8.695,0.22443,1855975.6974450888
0.036539,2.1363e-07,631127.7177273077
6587.3,4.7208,8920735.563872386
0.19928,4.4598e-06,2490991.397537295
2.4371,0.0018543,18074.102416816077
5.4878e-06,0.0,4589.137484798141
1.7413e-06,0.0,1208.6073075390293
7.7817e-06,0.0,3707.4186866866858
9.9246e-06,0.0,1379.0368179961265
2.3623e-06,0.0,34043.70426005186
1.3985e-05,1.3358e-10,5740.889960395048
3.7672e-06,0.0,674.2524481699227
36.417,0.02771,19861.815361688794
4.1656e-05,1.4662e-06,211222.36413406098
0.001813,0.0056529,101676.54393366305
1.211,0.00092141,7155.822211658285
0.0,0.0,371478.13937099493
111.16,0.0033613,821927.4386039213
0.0027373,0.042792,717689.021744269
0.012648,0.3917,885764.9251272627
0.0081174,0.48985,1314005.9237805915
19.605,0.93532,517189.2538102366
6449.5,0.0017574,1714050.7196554681
85.825,0.01492,169572.46409765055
0.0023015,0.059231,132262.65986661726
0.00027554,0.0076832,432799.8632839472
0.00055196,0.013846,784060.8969206836
0.00062929,0.035947,494650.0644124553
0.0016865,0.00023986,332059.45793116355
0.00046824,4.7263e-06,165284.88075482412
0.0032401,0.020597,4069852.9183735168
3.7318e-05,0.00024527,1645018.3727851855
0.0017419,0.03799,387264.70284373633
308.09,0.00086148,563701.2225963373
1.4001e-05,3.3702e-06,234190.52641034193
1.0029,0.0064835,339146.8154997977
2.4311,7.0333e-05,299884.73780921573
0.0055776,0.0016137,192458.24820478825
0.070921,1.0382e-07,827808.0163260517
140.48,0.08829,1810399.401967045
0.00031197,6.775e-05,144142.63306896697
32.139,0.0026497,462598.59008090914
1.6037,0.074233,396620.7846234725
0.010211,0.00045306,191578.6601702817
0.0022209,8.152e-05,197689.03049732844
0.36301,3.1383e-05,1109867.9519301488
0.0047405,8.3832e-07,277048.3002134274
0.13294,1.3409e-05,96630.78468570238
2.3696,0.00069667,183272.91974646455
0.0011915,2.5107e-05,110798.61194063576
2.8683,0.00010189,212464.27544077428
0.0012925,1.9899e-05,134066.51841729358
0.001885,0.00026303,263186.4322810187
0.10347,0.0,64325.18671381812
12.572,0.0,69581.18692723442
0.0012042,0.0,101910.78501717161
2.6647e-05,0.0,28119.82124235301
1.8135,0.0,33839.827106093864
3.788e-05,0.0,42979.90047676298
1.145,0.0,15950.59529192189
1.841,0.0,44683.86130765629
64.11,0.0015564,1454595.6983407799
37.993,6.9918e-05,2461904.6817608327
13.092,0.0091614,835254.4794186178
42261.0,0.0,6582481.395566303
0.0095503,0.0014447,860556.1773529018
59.219,0.0039232,1749420.3369698126
62.715,0.0040526,1134304.458952746
24.585,8.9142e-05,1249681.2992203464
66.15,7.7504e-05,2953032.6229845234
6.5919,3.2679e-06,333882.17178803467
9.9137e-05,1.5758e-07,871548.4580618445
8.1761e-05,4.2362e-06,678901.3212974404
0.0086928,0.018325,1180522.1426207118
0.019296,1.0244e-06,17203710.691344555
0.022568,1.4126e-06,25943642.443805955
0.000547,4.4815e-06,24706005.033578847
2.1722,2.4761e-05,1993187.3524244248
1.9926,2.3957e-05,1686240.630498028
1.7396,2.103e-05,1389258.161094826
0.024263,0.00042599,5101745.888574209
0.29169,0.010357,1795598.898857587
0.014199,2.6652e-05,3498403.720601201
17.45,3.2408e-05,113803.31853293465
1.3137,0.0,7957077.010890095
0.031994,0.0016229,2791318.6006300123
0.9637,7.7359e-05,3927058.537289283
0.21925,6.8348e-05,6089494.723294096
0.17679,0.00031648,8561988.424716553
107.79,1.4876e-07,36090362.66039426
0.0012949,1.3634e-05,11735016.654584477
0.014106,9.5435e-05,3337859.6583162923
3.1547e-05,2.6928e-06,38755057.72119003
0.0095942,7.7474e-07,22048458.21555929
0.1439,8.0913e-07,50892925.430433
98.275,0.00024144,5504981.1014494235
31.975,1.913e-07,5002946.568940603
4.1841e-06,1.3222e-05,392848.8568743554
2.4139e-06,2.0218e-06,100357.96285683617
1.9402e-06,2.4318e-06,16550.740568248923
1.731e-06,7.7223e-05,35611.8318813241
0.0024952,1.2084e-05,1010060.1173739887
4.623e-06,0.010503,1738519.3275860902
1.6374e-06,8.0374e-07,4235.1363066098165
4.6323e-06,9.2653e-07,8182.186739877393
7.4347e-06,2.4364e-06,12900.174838338624
1.6418e-06,1.5964e-06,8309.521375952621
8.7773e-07,3.5138e-08,1388.491222667058
3.025e-06,3.1709e-06,374495.4607833535
6.5022e-06,0.0072581,59273.53995722596
0.0050296,10.487,545446.1803933652
5.4978e-06,2.486e-06,1838.104580768163
2.2455e-06,8.5337e-06,55503.507742678004
4.6792e-06,9.4926e-06,43806.27356606019
2.4272e-06,3.3714e-05,6916085.724091688
2.1109e-06,1.8752e-05,130713.40802547631
2.3336e-06,9.3954e-05,4657.314881316365
2.7936e-06,5.4031e-06,149436.59652396123
4.581e-06,0.012302,472368.7600878209
6.8673e-06,0.00014781,34797.043068593375
3.7837e-06,2.5534e-06,713903.8191605426
4.7601e-06,5.5524e-07,82893.64604494465
3.414e-06,1.2196e-07,9105.067236263352
5.4726e-06,4.1045e-07,14099.650433106344
5.6611e-06,2.9682e-08,58.939087784290216
9.4459e-06,3.8928e-08,116.20417542497351
5.4506e-06,1.2254e-08,27.57079554021657
1.7108e-06,4.3198e-09,8440.47521136652
1.8066e-06,3.6793e-09,12084.460185374024
7.815e-06,2.6294e-08,1540.29209113666
2.6835e-06,8.0314e-09,8787.653020683123
1.0062e-05,4.8751e-08,205.51172847847778
5.3451e-06,1.3406e-08,144.0214904839592
1.393e-05,4.3898e-08,398.9265578663151
1.5471e-05,2.5828e-08,500.42401119187036
0.00075572,0.00064921,264.3705665637941
0.0089112,8.5174e-08,1066.1656932552614
0.0011102,12.237,137382.88005725495
4.7871e-06,2.3238e-06,177332.14013762862
6.6671e-06,2.1614e-06,16898.51163435634
2.3713e-06,6.3445e-06,444203.0807950551
2.0787e-05,2.3572e-06,245938.43784915342
9.6002e-07,4.1174e-07,5127.608469935178
0.00014978,8.6053,239187.75123707711
5.1088e-06,0.00012757,11778.69658461324
1.1775e-05,9.4161e-06,35899.89277291293
3.697e-06,0.012998,26199.072261228725
9.5785e-06,8.7547e-06,208302.9503294976
5.2706e-05,1.6167e-05,80401.55298745881
4.3134e-06,0.035162,102974.08392033952
1.5104e-05,2.9124e-06,1471253.8491680697
0.00018439,1.6668,669648.4432534762
5.6671e-06,0.0177,431420.5257369881
0.0080478,0.11941,1115102.0833593751
0.00025658,0.0034686,286290.6517107102
1.5229e-05,0.0023977,217405.6732499853
0.0027643,0.040931,100083.51117542725
2.4513e-05,9.8531e-07,83941.12181302792
0.00029059,7.3572e-08,42780.801456452
0.00041261,3.7665e-08,177764.69529600558
1.6304e-05,1.1613e-07,4014.2573148075426
9.4506e-06,3.4951e-08,2183.1791291580653
3.7667e-05,2.7037e-07,13286.918661735583
3.5832e-05,7.9661e-08,10113.999436991126
4.5844e-05,6.019e-08,9756.72081742707
7.3387e-05,0.00023401,821174.8943549686
0.00012916,8.5048e-05,97732.72592578594
0.00089644,0.00043363,29941.519874098794
0.000807,2.8891e-05,307201.58270647685
0.00078983,3.7272e-08,262174.22462813533
0.0012326,0.0014607,38288.18733612057
0.001048,3.4031e-08,556488.3804454244
0.00063182,0.0016318,186992.86495618612
1.1776e-05,1.0853e-08,109227.96092562973
1.5274e-05,1.5355e-08,17374.210331325776
2.1662e-05,1.8098e-08,8677.015090197045
1.2328e-05,1.0227e-08,8906.726299233784
2.6726e-05,2.6258e-08,10251.476286851765
1.2639e-05,1.2721e-08,3042.6337409318494
1.0007e-05,8.3692e-09,263.50846006799395
9.7802e-06,9.1494e-09,4687.097141342923
0.001742,0.00011035,1045961.4796169043
0.0010767,0.00067357,79303.76514574695
0.007646,0.048026,56155.71756655969
0.00029796,9.3377e-07,63404.4566750025
4.4941e-05,8.6081e-07,530820.908804158
0.018651,0.0004211,273366.26647631364
0.0015212,0.0022142,169816.9715767323
1.5587e-05,1.3772e-06,227391.01298368184
5.2359e-05,1.028e-05,91217.74799387988
4.4776e-05,1.4929e-05,189260.75735669493
4.349e-07,8.7782e-07,6123.299047927094
1.1902e-06,3.5642e-07,29959.576625960337
0.036721,0.0094741,17183.716563851558
7.6665e-05,3.7556e-06,3379253.49429355
7.2946e-05,3.7189e-06,3835388.5259399517
7.4099e-07,9.6794e-06,135754.75840590755
2.7618e-06,1.4793e-05,40740.24590138912
2.5983e-06,7.1547e-06,5359.46247628359
4.5446e-06,9.9448e-06,11098.713058754824
1.8531e-06,7.2596e-06,25685.486720104684
1.6228e-06,8.6235e-06,20499.574094284206
3.0239e-07,7.7693e-06,71038.30424769278
4.0983e-05,4.6112e-06,2613.3978010692713
1.0024e-06,1.709e-05,725105.6263260656
9.6081e-07,3.9267e-06,792123.5166595345
3.1022e-05,4.506e-06,779183.8428153994
3.1891e-06,3.0319e-06,98583.98915297854
1.675e-06,1.5045e-06,111196.2208011797
6.1378e-05,1.2587e-05,547146.526283642
5.4949e-07,7.6826e-06,47700.24536016777
9.4054e-07,6.3787e-07,46135.72243111655
3.2614e-07,2.9339e-06,1147208.8829357726
6.2476e-07,7.5539e-07,2056276.1034045387
5.4559e-07,3.1278e-07,2427171.579540403
4.1811e-07,9.2416e-07,675136.0469254577
4.5018e-07,0.00018713,433016.6651423738
0.0023284,2.1649e-08,33928.30627423129
0.040431,0.067238,31650.562177681313
0.0043299,6.5676e-08,59087.86193793886
0.024982,0.042669,41368.000724442994
0.1107,1.7621e-08,61446.86290923467
9.6111,0.011762,3434933.955674836
0.001433,1.3631e-08,17967.329188958094
0.002679,5.369e-09,24995.294522142452
0.00077406,2.3295e-09,19521.23161139303
0.0032956,8.8397e-08,49380.96107172863
0.025236,0.014549,387343.58236794994
183.86,0.0019038,1949913.1274310674
0.001938,1.9922e-08,22050.59585626788
600.93,0.65683,117669.15218367353
0.066432,0.028617,523467.4074200886
0.0080523,0.015561,111835.8682340069
0.0029114,1.1411e-07,39392.99765711734
0.0026103,3.1471e-08,23841.688921535475
0.0045439,1.6341e-07,68770.30450905027
0.032221,0.00064665,169376.43632149207
1.6292,0.72442,73635.09211624552
0.43801,0.081614,674526.0319878593
7976.2,0.0019053,653862.6127778653
0.0028101,1.4504e-07,72284.77322897407
0.0027975,2.9788e-07,139367.51921485658
0.0044509,3.0332e-07,401384.75337797246
0.0015745,1.0512e-07,8951.922188083161
0.0092467,7.0893e-09,68160.82998121298
0.0021021,6.4722e-10,97.73900096728168
0.0023615,1.112e-09,183.55874950721613
0.0017572,7.1695e-10,194.57265129557578
0.0089555,5.5689e-10,323.7164887923286
0.0012283,4.1234e-10,3165.4785431209134
0.0018006,5.684e-10,192.30319286430992
0.00088603,1.2234e-10,1155.5359211237464
0.11626,4.7159e-06,6084.077646101212
0.52962,0.0049825,74908.97279993568
0.55147,0.0051641,619.6081458250587
0.0052726,2.8666e-09,6258.083500320801
0.73096,0.016785,102535.57694105196
11465.0,0.47065,1948884.485645951
49782.0,0.27035,2286649.323163997
0.00029335,3.1583,503803.522550187
3.0959e-05,0.18226,1975740.8428456343
9782.6,0.38726,770248.48776919
8.5972,0.61884,399219.01510897686
20.366,1.0758,380666.0934941941
6.9052e-05,0.027408,195539.08914042704
0.00013796,0.019626,139084.34481739486
5.7236e-05,0.0088354,35262.4482185821
0.00047958,0.011526,96970.71740525628
0.00018788,0.028404,50883.20990730393
0.003477,0.0025813,24819.90282155764
69589.0,0.032285,10418635.154282302
321.25,0.068971,1916092.5176071946
0.00051167,5.1427,114824.0627955705
818.66,0.0007428,941345.368505593
4.3816e-05,6.6456e-06,216452.59694838602
6.2959,0.88717,334060.72366899025
12.863,0.0019026,983598.5482120141
21.732,0.00084314,212213.24691299658
4.3454,2.6077e-06,389116.6717347968
8.7582,0.0042585,1650581.5101289311
0.52217,0.00056846,7132.434908317572
1.1031,0.012214,223043.30499898552
0.79326,1.7521e-06,6738.9689565202925
1.5977,0.0025084,8013.421245899536
101.6,0.30751,15763.647513915339
5.0949,0.032858,311379.14915296464
5.8098,9.94e-05,150523.24274551243
0.55515,0.00213,379296.68016468093
1.3421,0.00018691,466796.37476896495
0.17749,0.005272,5860.288785962632
0.055737,6.4634e-06,148846.59145299363
0.21098,0.0085436,228404.22048028468
0.078574,3.8067e-06,479434.7876320964
0.0013917,0.0,47912.130162380345
0.91025,0.0,3858.05031039574
0.0021392,0.0,2282.9020536552903
5.699e-05,0.0,2154.469522429482
0.080978,0.0,2181.485557413292
2.9641e-08,0.0,3010.2850821542925
0.0054793,0.0,2555.3083140242898
0.0070879,0.0,11395.87407328294
1293.5,0.00019441,738101.4972448342
20.09,0.00017043,1558806.1650021675
35.806,0.00013804,1708855.8606776246
1097.0,1.0411e-05,1381048.8292197704
2.5287,1.9129,794559.206246386
19.349,2.9546e-05,1411241.962660463
0.76521,0.00053341,995076.2512562086
115.32,1.3448e-05,1806022.2891812464
11.536,2.2853,2423636.24300812
26.804,0.38454,414472.5728798557
0.00036201,0.031506,237457.0726755828
1.0337,0.46847,203431.18918488122
6.3867,2.0692,293691.35363383323
427.55,1.945,15030305.431022892
3882.9,16.963,16691193.761109268
152160.0,179.52,22646081.494334348
11073.0,7.3346,755722.3440162417
4179.0,3.0748,566767.5991683011
1193.8,0.82265,306224.64696444623
1360.0,0.24006,179084.39013152456
35373.0,34.52,2437275.3450838258
3719.6,1.9607,753594.6356122128
1737.9,3.1962,69395.36521609295
28568.0,11.886,6854293.339096847
28622.0,69.847,1504947.733306962
3981.7,11.115,3047612.1049634567
13111.0,34.792,3331031.159640788
74569.0,163.1,5986640.016472691
35836.0,0.099244,46841421.0003853
20896.0,24.94,3702254.829349782
24798.0,38.187,4607376.820918015
0.19015,0.65173,17435691.87753754
10220.0,14.515,13274786.427826313
2852.9,3.8068,25068538.936769623
19577.0,274.82,3744392.218211977
4243.7,0.23858,3499667.009408656
4.8538e-06,5.3487e-07,50124.527983674125
1.7449e-05,6.7791e-07,180364.7777753046
8.3311e-06,3.2596e-06,12624.193481257922
6.0775e-06,2.3863e-07,59173.496019071914
0.0029967,2.0988e-06,88393.33224382669
1.582e-05,0.20404,1086827.959708168
2.3503e-06,6.8803e-07,2531.03679454008
9.1781e-06,1.0714e-06,18537.587053592342
6.1485e-06,6.0199e-07,10068.420279809327
3.3516e-06,1.1642e-06,4444.298846630976
1.0316e-05,3.767e-06,28678.4855940489
2.332e-05,1.9225,413979.34367801034
7.4347e-06,2.3556e-06,12715.627127401725
0.00011702,4.8929e-06,104455.30534004023
4.9829e-05,0.58019,6458.09802291312
2.1563e-05,6.4743e-06,35158.712537057225
1.4002e-05,1.6401,8626.465598623929
4.8676e-06,1.1238e-07,6851.676426386719
2.2774e-05,7.0763e-06,51522.49765132116
0.00013335,13.293,55296.58747492464
8.463e-06,1.0131e-05,16284.407821374492
0.00043347,155.74,77561.30425552139
2.5228e-05,2.9522e-05,21985.84454768213
6.4545e-07,1.386e-07,2509480.543837047
5.5941e-06,2.336e-06,203627.02631439187
7.8378e-06,1.0742e-06,53728.26513663615
1.2009e-05,1.6994e-06,59219.129768115556
2.2202,2.5562,-915.4872785625804
1.3174e-05,1.1484e-07,-1251.4900809100197
2.4125e-05,1.6393e-07,2708.9467155597213
2.693e-05,1.0247e-07,15183.714796954124
9.0536e-05,4.7419e-07,18910.84972540491
6.8229e-05,9.1299e-07,44842.68262684283
9.7737e-05,2.8242e-07,16532.413950414135
2.8824e-05,4.9734e-08,773.0938098396074
3.5942e-05,4.3222e-07,197317.19410623578
1.5211e-05,2.7005e-07,3183.348445119453
1.4345e-05,1.8649e-07,46837.76108396707
0.00011838,1.7504e-07,1629.4761152072153
0.04114,2.6498e-06,1272280.5741402581
6.9929e-06,7.3462e-07,22002.07744213829
5.4589e-06,1.7942e-07,13721.6105708835
3.1699e-06,2.0532e-07,7539.267013382715
7.5083e-06,6.3788e-06,86640.38303133438
9.7441e-06,3.5847e-06,553654.5908522984
0.0096601,144.93,591714.1117264776
0.00010144,7.5059,153827.70155400393
5.1335e-05,0.23903,98170.64858865112
0.00054328,2.5818,42909.01696199854
0.0014155,10.587,69333.38272061141
0.00016181,4.0655,74917.30466413073
8.9202e-05,5.0243e-06,182932.86501039166
7.2232e-06,6.9242e-06,314105.7405703831
0.028901,71.113,978725.63245404
0.0025609,40.148,185945.17519989
1.5298e-05,1.8822e-05,47393.15109013286
0.0026486,0.090031,560121.1384957769
0.00075364,0.031489,143043.00022158408
0.00027658,4.8086,42401.960126435566
0.07178,32.525,29965.731517642653
0.0002523,0.00014607,18110.86134761469
0.00047528,3.6505e-08,123803.66304888023
0.00052723,0.0034846,500482.08306037536
8.0552e-05,7.5858e-07,191918.80038276553
2.9042e-05,3.7301e-07,33521.360367185465
3.9918e-05,5.4825e-07,212471.17594670274
0.15541,1.8385,19598.230674008533
0.027327,0.32303,6852.354842864629
0.0095699,3.1894,237773.39435607556
0.0014816,0.0018381,64819.383654149104
0.017393,0.37313,23216.95868171769
0.00062607,0.00028093,42183.179332047985
0.00095151,1.7365e-07,30989.337465834
0.058599,17.268,60470.44802281906
0.0061115,1.4876,59374.808394447966
0.053774,13.99,140597.0385276405
11.711,0.017471,17620.093589574724
57.832,0.086272,4050.6271919725123
1.0883e-05,9.0564e-09,31333.932444135382
1.3833e-05,1.4981e-08,56481.033538420685
2.3206e-05,2.1146e-08,8285.024018744418
1.1589e-05,1.2307e-08,7249.785705897894
8.056e-06,7.4413e-09,3607.204453476051
0.050518,7.5355e-05,25596.82837305064
0.00013135,2.1469e-05,166328.13703169572
0.018923,0.030734,114195.19748658036
0.011121,0.25663,562884.7753039369
0.0027226,0.00013463,-82981.23417342798
1.7254e-05,1.1604e-05,34001.120475926175
1.8642,0.0027526,180088.19820542182
0.00043237,0.00013737,217380.77535713575
0.0066981,5.6727e-05,321847.3310905613
6.6096e-05,5.9489e-06,7199.668456586931
0.00014998,7.2902e-06,91471.10695200812
1.2691e-07,3.3082e-07,24.33867746789059
1.3755e-06,1.4274e-06,3367.8557539494323
0.00011819,3.6617e-05,61778.569887716374
4.03e-05,1.5717e-05,10160229.99754002
4.3773e-05,1.7428e-05,12544272.715562379
1.4195e-06,0.0002753,6604693.864886793
1.2465e-05,0.00015779,39984.588518162534
1.1625e-05,0.00013484,31866.082600226116
1.4656e-05,0.00011114,35598.678560230306
4.1337e-06,0.00015622,472846.90119636536
1.3261e-05,0.00042634,394021.3956398464
1.2954e-06,7.9314e-05,323246.4019896916
3.2171e-05,3.5631e-05,48570.81621212408
1.2333e-06,0.00015113,5236582.454288619
1.4669e-06,1.8133e-05,292656.3093561961
6.0664e-05,3.5438e-05,1318548.9682760944
6.6564e-06,2.8067e-05,105241.99120114736
2.8525e-06,2.6925e-05,2312062.747791656
0.0031471,0.00015189,1313196.363851987
8.653e-07,5.2442e-05,2489416.6581779504
2.1507e-06,8.0255e-06,76199.60802345136
1.6807e-06,0.00012846,17631085.297510143
1.8211e-06,1.0694e-05,5359975.222624984
2.2028e-06,7.2663e-07,4501993.212216308
6.8493e-07,5.2022e-06,822806.2091567694
4.6682e-07,0.00046624,3405374.6365952156
8.7582e-05,1.1577e-07,15153030.07966359
0.00045807,2.4611e-07,1123330.5196161314
0.00011047,9.6488e-08,1041150.9412455878
0.0015711,0.070539,4887791.080223294
0.94818,0.033171,1526927.9870632612
0.00067614,0.002896,6958547.233314454
0.00010445,8.317e-08,1006208.7479451038
1.2944,0.0033619,279944.79359863274
0.67184,0.00020781,271853.741345553
0.0002674,1.5851e-07,405827.0780902259
0.001408,0.034361,189519.33901448952
0.00058224,0.0028101,1183873.912169408
4.5729e-05,0.00050043,2147589.5302137737
927.35,0.00035004,1570009.4768895318
0.0013388,0.015311,1213535.0580667015
0.00018021,1.7649e-07,11242579.851132046
0.00011464,8.6193e-08,2500016.253937747
0.00015574,1.1851e-07,147505.82638366206
5.5264e-05,1.318e-07,1319087.6624661738
0.0045068,0.0055536,244403.47532474707
0.0013556,0.014172,142522.56046769963
0.0022454,0.018148,2767456.2481983104
0.00062088,1.8679e-07,486941.31663062546
0.00052388,1.894e-08,7435.616973030805
0.0015114,6.6234e-08,72163.35599604942
0.0010761,9.1896e-08,109303.55829518852
0.0011552,3.2162e-08,10555.920251720378
5.9588e-06,0.0,46.2756277717913
3.6965e-06,0.0,1.4778962922127081
1.7109e-05,0.0,71.25854022798464
1.2371e-05,0.0,17.298489183970887
6.1724e-06,0.0,191.81336169656356
3.6019e-06,0.0,311.8118393472194
0.00016043,0.0,214.0235369299583
6.8519e-06,0.0,547.8842312618978
5.7692e-06,0.0,1625.4974045906004
0.0001337,1.9253e-05,53758.56542388185
1.4373e-05,2.4915e-07,2986.6919367268897
0.079913,3.3846e-05,287.7845340176121
0.036174,0.00011901,79184.31414031227
0.00018632,0.022418,2622023.5752961775
2.3921e-05,3.2483e-07,372587.64951981854
0.014411,0.31373,42071.03943693243
6.9554e-05,0.012432,1440553.3125299804
0.00010448,0.00033973,98949.19644693978
0.0029126,0.31452,162442.9603795231
997.19,0.10052,2470746.2548660687
0.14777,1.6574,118200.75208274333
0.042569,0.023798,177043.89284619945
0.042655,0.03013,47788.79406421121
22.708,1.0676,1299731.7574836991
0.00034274,7.931e-07,915304.1772871696
0.18026,0.015079,24212.265626558587
0.0046621,0.10209,10882923.172286343
102.37,16.408,249796.666229216
416.75,0.53319,1487150.7785117328
57054.0,1.7051,22802180.750060897
56.811,1.9289,2489047.802987985
0.0049927,0.053851,412643.04583889956
0.059847,0.0010109,242130.29067805625
1.5835,0.00014284,1478357.6544737194
0.0072437,7.1086e-10,304352.77785128995
0.0025039,1.1854e-05,2655347.3796744444
0.00029397,5.9119e-05,239839.9090939467
0.0024391,7.0372e-08,138294.86979494448
3.7864e-05,4.7102e-09,12949.38603693612
0.00062664,2.6016e-06,27557.951534813506
34.442,0.92133,40103.60111775315
0.0026103,0.0011118,1435631.3443596652
0.0014959,2.4743e-07,2238005.2145462404
0.031779,0.00058281,113838.96137865899
0.5631,0.00030631,667594.763065375
0.0015026,0.00040643,11222.688783560527
0.0048502,9.3963e-05,84740.8213408234
0.027952,0.0015146,1907049.8998348056
0.0027712,4.0439e-05,140137.19865942575
0.00027391,1.5475e-07,35261.89518050793
2.2574,0.0012754,58280.69453707945
0.01136,6.4183e-06,2081.6995858301843
2.4678e-07,1.07e-10,15141.223771443709
0.0012613,7.126e-07,4050.1909644058405
0.023877,1.3491e-05,6437.79990819457
8.7807e-08,0.0,8271.327640111394
0.0063948,3.6131e-06,9691.188781072964
64.502,0.00042007,1188255.2161277297
35.725,0.00094657,1813908.6882590647
7.9462,0.0067621,3667760.3277494777
0.00034129,4.3039e-06,823217.5780750548
0.0015968,5.3114e-05,967880.0569460877
0.68137,0.30786,2103033.1060512285
0.029495,0.012142,1254734.3108745234
0.33053,0.00033103,1317987.6026330274
7.3057,0.048595,3866244.0489006503
13.563,0.042051,989582.5311449926
8.8888e-06,0.00031138,284320.62386286136
1.7479e-05,4.5023e-05,2059865.6230183025
0.02425,0.010952,316484.7108095611
4.4923,0.0064459,2552142.658158311
5.8414,0.01008,11085750.544143904
5.337,0.11702,37129208.39957906
3.5418,0.046533,4422035.6308079865
6.4076,0.049162,405328.933440894
8.5075,0.043851,318685.94577774464
0.0063292,0.0020448,2054596.7878612946
268.5,0.2801,2262098.087776483
17.294,0.036159,969638.7692588877
3.1433,0.010531,434037.5924871353
0.9729,0.0042519,12487493.538481902
60.726,0.15443,2699739.080451839
324.73,0.34961,7173502.341001872
787.68,0.061961,752764.5341807824
1.2063,0.006559,4276332.78307636
16.194,0.091203,17662467.76155421
0.00067954,0.091302,2149091.6762354104
0.71023,0.022033,855017.4812332327
40.517,0.071539,25243345.5103996
0.25043,0.001829,9415760.037521748
10.449,0.0014408,13722291.95035468
20.447,1.1597,2396966.3623224916
22.848,0.00056238,4918723.299079514
5.4631e-06,1.6193e-05,17270.99643281712
3.5865e-06,1.9345e-06,14593.373978424846
5.5396e-06,1.0473e-05,13827.96692249772
7.0501e-06,9.3876e-06,51694.20570965828
0.0019697,5.1205e-05,72373.31979444384
1.2751e-05,1.6702e-05,193527.390214772
1.1262e-06,2.7144e-06,5744.951449892324
4.2029e-06,3.4093e-06,6710.126612546403
4.142e-06,5.6741e-06,15466.57861041955
7.5168e-06,4.1168e-05,18855.79086196182
5.8637e-06,2.1938e-06,20939.792372449538
8.4014e-07,0.018985,115850.63875392212
4.9959e-06,4.8663e-05,46295.708176201944
1.1612e-05,3.1913e-07,42915.0865301711
1.4771e-05,7.5805e-06,34186.40067311932
2.2441e-06,3.9263e-05,359965.58766531624
9.7186e-07,1.9396e-06,2021.5822243455332
2.2776e-06,2.2119e-06,16465.054602091965
4.286e-06,5.58e-06,10766.62005283492
1.2825e-06,4.694e-06,23009.09395088496
1.8699e-06,1.075e-05,80025.35336453692
7.029e-06,2.1016e-05,15974.334037373566
2.2371e-06,0.00038734,19573.351402651464
2.0195e-06,1.6241e-07,4075.2049194346396
2.4944e-06,4.7645e-07,6269.418629725154
8.1026e-07,5.8201e-08,1674.3100795631117
3.3789e-06,3.8884e-07,7174.40438375089
8.4141e-06,6.1236e-08,1391.2286240110534
5.5052e-06,5.7332e-08,275.31246164638355
8.7584e-06,2.2514e-08,156.37023021915678
6.698e-05,7.4086e-08,4816.344593895572
4.3562e-06,2.0673e-08,44.567373294628446
8.8351e-06,4.9062e-08,109.87292555935836
2.6293e-05,4.8356e-08,450.7508420907648
4.5256e-06,3.6371e-08,393.6271643119716
5.6845e-06,8.407e-08,168.49477211636133
1.6485e-05,2.8121e-07,1706.8053603820715
4.5001e-06,3.58e-08,204.3037112767318
4.1008e-05,1.5528e-07,867.8822031650951
0.88749,3.6828e-07,384.5972906866962
0.00075773,12.754,106334.38636822715
3.4512e-06,1.5266e-05,615900.9323595247
1.8291e-07,8.3665e-07,24630.656308561047
7.14e-07,3.2298e-06,74406.95260695522
1.8165e-05,4.9027e-06,165611.30105024631
3.5719e-07,3.0907e-06,7098.413302945391
8.3925e-07,3.5794e-05,61187.133536947935
1.6484e-06,7.5117e-06,87020.0839464137
7.2221e-05,0.044076,21070.230276560465
2.4785e-06,0.0036151,6556.373881009699
1.3566e-06,3.0086e-06,18785.1392969013
2.1877e-06,1.7216e-07,13038.268681780359
8.4376e-07,1.453e-06,18653.17821726371
5.0861e-06,2.912e-06,381975.8295139768
2.107e-06,4.358e-06,88513.54087959667
6.7747e-06,1.8624e-05,130926.68903219372
9.2558e-06,3.4614e-05,176841.8242818353
2.0349e-05,0.00019265,174557.72681482122
2.3768e-05,0.004755,6102.360323144807
6.5312e-05,0.00010615,10255.512183909292
0.00011093,1.6272e-06,5359.258956705894
0.00010706,3.9695e-08,11647.73743997693
2.2546e-05,1.9899e-09,104918.36456963379
1.0399e-05,2.6613e-07,2726.647414894705
1.5223e-05,8.9703e-07,12635.414438048958
2.5767e-05,2.514e-07,5475.210698004337
3.4107e-05,1.221e-07,9401.783926802382
3.0807e-05,2.1045e-07,13623.018669519066
0.00025345,0.016314,131191.36803585847
3.5785e-05,4.4955e-06,42896.263706725935
0.00040039,0.00036649,11282.635776452122
0.00096979,0.00028125,24912.858884046287
0.00084761,3.713e-07,3789.462128001824
0.0012638,0.00051832,11688.032604762719
0.00040564,1.1766e-07,4162.223314410616
0.0013255,0.18161,19248.082603228628
1.8237e-05,2.3626e-08,4949.528863532282
0.38017,4.8813e-08,1293.1324830979277
0.32997,1.2103e-08,2210.3570058585638
1.2535e-05,1.3715e-08,56.03029487084428
0.67697,8.6063e-09,617.3359492500053
1.984,3.9483e-08,1230.1831997415231
0.89978,2.1014e-08,954.0524245168367
2.4837e-05,3.5853e-08,10950.003456873814
0.00019713,8.7175e-05,367059.2773807713
0.00038879,0.0005907,24130.577514133714
6.2167e-05,3.7281e-05,14328.546105573256
0.00020614,2.5605e-07,8417.294304681158
1.1033e-05,3.1863e-06,17407.055408365202
3.6973e-05,1.74e-05,55688.200971459744
0.00030001,0.00094887,31602.940482169273
0.00069576,0.0060221,241553.53144260249
0.00010265,4.1055e-05,20274.522912573822
6.6626e-05,2.057e-05,13273.423943001084
6.4521e-07,3.226e-06,230.5312051856136
1.7658e-06,1.3723e-06,1383.8612149368346
0.00017267,0.00018293,5685.57733434105
8.27e-05,1.255e-05,1288906.363429018
6.7273e-05,1.0049e-05,1320234.429649266
1.4375e-06,0.00026509,3458228.993084602
3.0586e-06,2.2386e-05,11917.575087468214
3.7667e-06,2.4759e-05,10439.649442685713
3.7298e-06,3.5012e-05,8938.77531718249
2.0031e-06,9.0871e-05,61760.84393332908
2.397e-06,0.00011438,44833.40622025226
6.701e-07,3.5086e-05,43329.64338132189
1.5775e-05,1.314e-05,1304.869960317907
1.3187e-06,0.00014943,845668.5321346703
5.0362e-07,5.3586e-06,12088.579025439687
3.2942e-05,3.2681e-05,519262.6672585636
8.4981e-07,5.2057e-06,4801.0065207896705
3.5292e-07,3.6053e-06,72370.878394346
7.7448e-06,1.3233e-06,3809.074130898258
1.9823e-06,8.619e-05,1693564.0744728514
1.7018e-07,3.6198e-07,54877.04595170438
1.5316e-06,8.5391e-05,2720641.484258089
1.5502e-06,7.2255e-06,848303.6551675751
1.8188e-06,7.5748e-07,1017708.8901017889
1.2696e-06,8.2991e-06,452948.66363965784
4.7599e-07,0.00040192,833820.2214678245
0.0022939,132.94,22600.02773594897
0.00019327,0.38459,22214.3475362375
0.00015354,11.708,118544.25895984587
0.00060093,0.0037473,3852.8495292734597
0.0062919,5.5059e-06,693441.5175112743
0.0016947,0.10795,460688.4774788147
5.6858e-06,3.5026e-06,55426.14621346495
0.56487,5.5082,17820.56126763209
1.7885e-05,0.0106,23148.157296120735
0.00014678,12.963,14058.451830557246
0.015449,2.6538,18792.928148251573
0.15294,0.80641,285752.1831613201
0.35142,0.010532,32372.92572007767
11.073,0.022592,35259.63330634165
4.6497e-05,0.0096125,27461.150373858236
9.14e-06,5.414e-06,93390.47921248224
9.2916e-06,0.40263,16178.107615007873
1.0169e-05,0.12443,19354.135074663478
0.00014902,0.0086259,28389.3524502017
0.0038075,10.584,316108.3851733624
0.7163,0.088386,26669.51081661122
0.79788,2.8336,60933.39021283893
0.0046599,966.94,34090.93824081679
1.1219e-05,0.00012049,33058.92717911109
0.0015139,0.5892,37855.9842566823
8.1686e-05,0.00063845,191328.72757694958
9.4885e-05,0.00071745,42375.150059034124
0.00019033,0.00021542,-7328.806423196542
1.5147e-05,6.5404e-08,30.201675004862853
0.061338,0.073762,-437.10626214076274
6.7789e-06,4.859e-08,419360.82663731533
0.13771,0.16571,329.3898692020236
0.00014581,0.00014743,1.6192289135561124
5.5812e-06,3.0566e-08,195.7024895620904
3.6808e-05,3.128e-08,303.15754421891546
0.095994,0.11552,189.70081508515557
1.9965e-05,0.001086,479.0377887749899
0.0073461,1.7175,61.12913062181452
0.80977,0.97465,26.736685594328613
2710.4,12.645,32526.65623749919
1242.4,0.72775,524545.095023668
0.00024461,0.13418,13366.151125559503
0.23086,310.69,123262.46420671597
30.458,0.11468,3581102.502835951
265.24,0.64146,112588.68806204032
1442.9,0.081009,142626.333727815
128.28,0.036185,300327.2730340896
11.115,0.031299,96349.08417357614
15.211,0.01391,46447.03629565374
0.068075,0.0034058,23319.569877319154
2011.3,0.064456,402624.215656254
1077.1,0.11888,256469.23805824236
22.733,0.012106,108306.39638159571
2065.8,0.10545,791967.9530011642
4482.5,0.015158,455212.51544597774
31424.0,0.031958,390888.0143299252
17916.0,6.8005,821256.3862362794
0.0082672,2.4842e-05,153592.70904395427
0.04733,0.0017224,25896.814326301646
2.129,0.0072967,61731.121394044814
14.589,0.0007643,38017.45655109841
0.0064505,0.00085645,51512.64018938391
0.0044222,0.00057331,309899.1401819143
0.26821,0.063419,37179.174120419295
0.12164,0.0069078,30728.10192389982
9.0716e-05,0.00061447,456815.7874642514
0.00022608,0.0022343,20984.31522207664
0.00032945,0.0035133,-109301.67179256331
0.019745,0.0024447,464654.1679618362
0.069712,6.1275e-05,84234.3097042718
0.0012551,0.00014576,72250.7080746451
0.039875,9.575e-05,324034.19087452476
0.11059,0.000686,7162.963262943309
0.31793,0.0003047,86928.55981324088
0.0016469,0.0073651,845014.3843891439
0.0015092,9.0726e-05,307035.9273653434
0.028648,4.4677e-05,5990.857716545674
0.013413,2.0916e-05,23597.089393856826
0.027451,4.2811e-05,11707.447816054979
1.7299,0.002698,276.4822879396548
0.0014406,2.2408e-06,5004.116423720099
0.096958,0.00015121,1778.9742177763508
75.623,0.11794,1953.4083188462882
0.029981,4.675e-05,5803.787833314824
0.16659,4.0019e-05,158182.46131183015
89.271,4.4102e-05,220765.78060093633
40.56,0.00016434,309261.17695424706
0.017348,6.3882e-07,257414.6926717086
1.3241e-05,1.0745e-06,36255.98109992889
803.04,0.00051878,283183.14287550806
1.0529,0.00099025,157880.07439806339
0.23604,0.00060158,161372.02958316656
8.4933e-05,4.34e-05,14539.998174772147
0.0001204,5.3963e-05,36488.62490549346
5.9985e-06,0.0002214,2179.9564975893813
2.2762e-06,2.1039e-06,453.42710181765085
0.022195,0.00058275,17411.15034222344
3.242e-05,7.0497e-06,8568945.075460251
2.2176e-05,7.3982e-06,8147864.403870214
3.86e-06,0.00036029,12420955.26951119
1.0971e-05,0.00026053,157510.82387665502
2.115e-05,0.00026705,117455.83649728406
1.6687e-05,0.00032341,111499.76639383641
7.5072e-06,0.00041105,221479.18878855015
2.0951e-05,0.0002825,278983.78176192316
1.4131e-06,9.5748e-05,24390.922813199413
5.8324e-05,2.1167e-05,36467.9525636501
2.5786e-06,9.8937e-05,1095251.6491421405
2.3085e-06,2.7793e-05,343568.61643794563
0.00010682,3.3435e-05,1748380.6670369557
9.9513e-06,1.8539e-05,354736.79300306784
4.448e-06,9.0861e-05,1410212.1713692164
0.0015189,0.00011037,499874.0533661749
2.1476e-06,8.7295e-05,3047340.764872732
1.206e-06,1.748e-06,42591.26036617369
2.3835e-06,9.3659e-05,3357259.0501895593
1.8762e-06,8.4989e-06,4009972.742444846
2.3554e-06,9.1777e-07,4923748.531177831
1.4656e-06,9.0612e-06,869350.8419279263
1.056e-06,0.00079373,2111635.8979086736
0.00098151,0.0011055,200521.91139066542
0.54184,0.0014094,149902.3686012383
11.051,0.0029653,267609.50752235553
0.010243,0.00044006,73682.82261478502
0.082833,0.00010779,2508646.8465563427
260.99,0.00073319,4274239.924576882
0.00037981,9.467e-08,135561.7481260081
0.00032685,7.8314e-09,74796.55872614756
0.00019749,1.2258e-08,51757.27995903552
0.00035747,7.9258e-08,126801.16500040429
773.33,0.00024022,897094.4317562963
78.577,0.0013282,1816354.8596440873
0.0058556,0.17482,514489.9234409449
1322.3,6.326e-06,391756.82588335866
904.22,0.00031231,167899.94828533623
0.00039055,1.1657e-07,99090.96885206581
0.0050202,0.19529,50005.07036541321
0.00028712,7.4634e-08,73713.74073126378
0.00029509,0.0078082,812368.4636368963
2.5412,0.020125,82394.34574773541
84.2,0.0030908,543829.7018653086
1.126,0.16561,1540816.084469309
5.0709,0.00097253,1083.9398756603625
0.00032332,2.3257e-08,31864.849547833343
0.0003458,2.7526e-08,84271.96456731769
0.054513,0.00016181,2886.3612411637
0.00081643,4.6507e-08,6301.456390118488
0.037661,1.1743e-07,1947550.7834783585
0.00069913,0.0,141634.3515442329
0.0036555,0.0,89974.24544149796
46.469,0.00017285,126098.06215277429
0.0048098,2.3249e-10,1055563.0031096013
161.86,0.00060213,232788.8053680753
0.0012362,0.0,73006.91516106692
0.0026605,1.1493e-10,123543.9549090143
0.14879,5.461e-07,128594.16467320443
0.018076,1.3831e-05,82504.62235780634
0.10529,0.00016825,413030.3138731874
0.0095975,2.4398e-08,114202.7875162861
0.40082,0.0091536,81504.5297201473
0.0017015,0.095616,704256.5039132602
1.4629e-05,1.4868e-08,92725.72834898722
0.0010419,0.04704,361532.4281766542
0.00022745,0.017838,3747705.055853769
0.15702,1.0875,908692.6388322928
1020.9,0.0010635,787558.2872922535
2.7517e-05,0.0050501,861896.8580788717
10235.0,0.034793,1055431.3732296964
373.07,0.014316,1549671.3148300326
9770.6,0.0016923,475213.82404597074
0.0003538,0.017943,1096776.2320071352
1.0482,1.0208,727061.9854563607
62.583,0.0025803,123420.75727775706
6164.3,0.0014562,2426772.280060511
2544.9,0.0010412,2077772.0463844992
346.34,0.0049058,113400.2602205153
1715.8,0.025815,3104395.6463156072
5.4556e-06,2.3816e-06,823833.0169585336
0.037005,2.2975e-05,25806.121977973973
0.0044049,9.1275e-05,419877.2113234216
0.0015108,9.902e-06,809618.1932655448
0.006731,1.5316e-08,80695.09521999303
0.018398,0.00046021,2341608.9827536815
1.9385,7.9748,16655.452207833136
0.22787,1.0199,48378.19220236139
0.00060417,2.2388e-08,9524.691956456361
0.0012844,1.2547e-05,11885.693895093824
0.0035482,7.1149e-05,24559.023983660063
0.0050825,8.0863e-05,780372.3628424787
0.00079058,3.783e-07,1817166.4366116899
15.099,3.2944e-06,157676.07067348884
16.624,1.1219e-06,351870.9051572621
7.4088,7.6153e-07,56627.348921276585
3.4638,6.0484e-07,153793.86443719035
0.033257,4.3582e-05,155039.50382449833
0.015092,2.5174e-07,42595.037932465806
0.063051,2.9796e-05,8345.750379805275
0.036681,1.7335e-05,87398.3890320027
0.023967,1.1326e-05,7875.482870944671
2.5563,0.0012081,1077.6712204336902
0.00063089,2.9811e-07,13972.157334549174
5.3683e-07,2.2602e-10,112477.72462909821
1.4639e-06,6.6525e-10,22694.093038641648
904.94,0.42765,31842.93337148422
1.4522,5.8559e-05,1257194.7693420288
3.5044,8.5733e-07,992361.117362152
2.8483,8.4032e-05,1537419.5436836719
0.0081145,0.0,713932.5662292979
3.2788e-05,1.1149e-06,-2730685.804593344
0.043658,2.1784e-05,319219.0917077783
0.54761,1.69e-06,543946.9217687257
6.2849,1.452e-05,4493535.690614032
0.00040794,5.1243e-05,1698555.0083748444
4.8883e-05,4.9373e-05,1020702.8340305279
0.0,0.0,331277.9340484591
0.0,0.0,300987.4941136636
0.0,0.0,146702.582
0.41743,0.018863,13370166.551222654
0.4095,0.016991,17325283.857666314
12.926,0.12125,22245273.162987605
1.5945,0.019474,420309.24244426435
1.4823,0.010714,66601.16339444488
1.187,0.050299,3875294.4652094436
0.00023571,0.0,70017.13917209212
134.88,0.00094692,691063.9623118072
200.34,0.055155,565828.9374882703
1.0999,0.00225,28331.175078155786
15.835,0.0,14871689.528551374
15.041,0.055904,538072.2046077423
28.621,0.02368,8851218.177284572
0.13416,0.0,221451.27964349877
0.1018,0.0041784,8095476.200384914
12.517,0.011125,9647287.586167457
3.3117e-05,0.89338,694922.0815059278
0.20857,0.1028,778708.6052320288
4.5279,0.048948,20477853.10704946
0.070429,8.4688e-05,16615234.009251904
18.904,0.0,14668072.077320125
13.705,2.4685,2122055.8239234304
17.009,0.0,5065802.212614467
2.4194e-05,2.7497e-08,23238.12220315737
3.9963e-05,3.5417e-07,558518.8971540179
7.175e-05,0.0032698,16293.485859002689
0.00040108,0.011566,69740.16938747097
0.019942,1.313e-06,8825107.557296244
0.00015459,0.0024593,4919247.515692538
3.2394e-05,1.412e-07,5116.036897190236
15.752,0.00021993,296754.55668766703
0.0011622,0.12733,63309.108146718056
0.00011086,1.7588e-06,128389.44965526967
0.00032228,0.021967,22394.392064954358
301.89,0.0013997,4810228.993788041
0.82884,0.12887,147500.1019155032
371.78,0.00010081,380963.93418055563
0.0036239,0.12978,62089.01409949539
0.014906,2.1142,1960461.4793224046
0.00013464,5.2093e-07,24847.356134152476
3.5058e-05,2.8315e-06,142930.51922422674
9.6154e-05,0.00019984,1006333.878490602
0.01315,1.5108,3390836.651067618
0.05023,0.079867,46119.598362615056
8.0904,0.10595,7450228.126914907
0.096944,0.00036952,498261.78116318665
0.011244,1.0461e-06,4465.566330918917
0.018637,3.1174e-06,7380.089092367359
0.021,3.0099e-07,4683.065620840897
0.017865,2.8431e-06,76945.87306620277
14.951,0.0014073,3980.6879210271873
1.9358e-05,0.0,1264.024945699522
8.5962e-05,1.2775e-10,566.0195934089065
0.0011257,8.6086e-10,4792.879026319251
0.00025981,2.2019e-10,67122.09567535606
0.0004997,1.0686e-10,962.4500755903383
41.293,0.0038867,1407.909574078039
0.0016925,1.9774e-10,1901.352406834322
0.00021977,1.9165e-10,40141.87402622652
0.00022492,0.00018833,9049.926710957388
0.00046637,2.2569e-10,12564.758920653881
0.0015752,1.3766e-07,289.62248486846374
1.3003,0.0011415,46463.93076230301
0.0012117,0.00033007,1339612.2751903192
8.0552e-06,3.5019e-09,430800.9517497486
0.0044562,0.00064076,9437338.963151826
1.0423e-05,1.3012e-06,11342119.526066247
952.3,0.009432,4165694.0280803484
3.6984,0.00010745,2415564.086585424
1044.7,0.0013061,1571617.543638149
0.037659,0.00026983,370310.17415294476
115.64,0.00016698,975811.4141847482
10.088,0.00013525,512849.2100042045
142.44,0.00094487,4915717.338345293
0.24364,0.93463,1172386.2709864005
7.402,0.0077769,1199126.5661787416
0.062223,0.00044878,2157050.276101373
0.020763,5.4972e-05,11667620.498630578
1607.8,0.01069,2097177.332576762
8383.7,0.002322,4286862.250082985
0.032945,1.1086e-05,3466133.065925599
4.6737,0.0002444,399331.7339571905
3.8338,0.001914,1288634.8496480517
0.056202,1.732e-05,351158.1722035481
0.026934,3.5997e-06,17654.44525778949
154.75,0.0033018,4074781.8683039793
0.07199,7.0624e-05,109095.390782571
0.059487,6.8128e-05,365014.9231379236
2.4535,0.00069296,171361.68223325736
2087.9,0.59741,97966.92820632075
1.0785,0.00028716,107531.95146036896
0.0030397,7.5613e-05,1805438.5845805171
0.026697,1.7571e-08,3424797.086244984
1.2776,0.0027965,586015.2887528928
0.44849,0.0012625,1144403.0760431462
0.10996,1.6311e-05,96643.61220962004
0.2674,5.6337e-05,408701.2711693489
0.14167,3.4124e-05,37411.80311005156
0.20567,7.572e-06,319110.58182678727
0.38898,0.00031778,115224.04739930647
1.6075,0.0013132,58412.231884880915
0.055285,4.5166e-05,10889.38947311812
0.0031215,2.5499e-06,220770.98650396592
0.00072765,5.9441e-07,11350.79822923801
9.0979e-07,6.9453e-10,14816.583810913178
0.0018035,1.4734e-06,11994.613716088565
0.0054931,4.4876e-06,252389.2791648551
3.0177,3.0216e-05,672114.6180804225
5.1647,0.023178,2397112.1777401436
9.2892,1.8616e-05,4915815.741596838
10.351,3.4117e-05,3270535.755171386
0.00016827,9.5291e-06,-893966.1881654444
251.55,0.84119,15176765.365366777
20.677,0.014789,2989317.9054841497
170.28,0.00078396,2550810.3619288034
25.268,0.11303,5175044.309844277
29.638,0.077257,1447297.1143172632
0.57826,0.0079647,167806.42203134025
1.7388,0.0019385,628383.3546509668
26.186,0.031223,75935.19462654844
53.792,0.19498,23028697.212511856
65.493,0.20305,33233491.16724057
17.023,0.37831,56641014.62927503
15.89,0.20306,5324667.692549076
44.595,0.087613,1286663.4159708766
28.291,0.1395,1036176.0292091949
0.019232,0.0071945,1342693.7696136234
486.01,0.45593,6131015.491252691
2.038,0.017109,992601.8817152298
6.5663,0.015895,512779.9124551775
0.84259,0.0050279,21750891.273401182
235.82,0.048747,1986090.9495845016
3235.8,4.5675,9225766.628293192
799.1,0.057955,2504757.5811487413
17.769,0.82281,38183365.72680883
198.84,0.025781,29686790.497255404
0.015079,0.073664,1525599.65872518
190.93,9.6825,2386951.190612669
92.685,0.33743,23409536.204279445
0.036295,0.0031079,20103037.47174221
0.0018158,0.00033305,10833198.567442605
0.020681,0.0052328,7535853.630300284
0.0012402,0.042695,6447415.189338295
1.9446e-06,2.0996e-07,2883.7913136979328
1.0528e-06,1.205e-07,642.6463739576989
5.1198e-06,5.7142e-06,7988.480408948107
0.016814,910.3,45723.92357507197
0.0042862,6.2868e-05,156597.01044820348
1.2684e-05,0.096327,163698.04901908778
1.8742e-07,1.1871e-07,282.1495155924467
2.3607e-06,7.0129e-06,3715.308739172849
9.649e-06,1.7542e-06,15361.728369113485
4.2506e-06,3.4326e-05,15679.667368723822
2.3593e-06,0.059949,684.9110709875986
0.0099421,864.26,546764.1260781933
0.0036599,317.42,243336.13476357583
8.686,0.038338,96461.68494162377
1.3195e-05,1.2764e-06,39536.300387539704
3.5042e-06,3.2403e-06,5635.6033077762895
1.9012e-06,1.0369e-06,2765.949847794143
6e-07,1.7489e-06,939.9210654092682
9.0859e-07,6.7882e-08,1438.3282899398966
3.8643e-06,0.0056343,5526.134014368807
0.022489,495.64,3684794.949934235
2.5526e-06,9.4771e-05,176800.32945969474
4.9049e-06,0.00038646,55656.697538088236
3.3516e-06,2.2794e-07,8660.82555593351
1.7733e-06,1.1675e-06,5850.11246158965
1.8729e-05,2.3744e-06,74258.4376864892
2.1209e-05,1.92e-06,88498.12775088864
4.3332e-05,3.1608e-07,681.2527507702324
4.884e-06,5.379e-08,420.6171668723652
7.0082e-06,6.6772e-08,181.93497918196437
1.7663e-05,1.4034e-07,1872.0345946376465
2.0062e-05,2.4647e-07,2954.1242369780384
2.7086e-05,1.5186e-07,1105.9837426978029
4.7492e-06,4.5606e-08,46.15631756687265
4.6313e-06,3.2643e-08,87.40588347420685
9.8305e-05,3.0803e-07,11504.826003530108
1.6903e-06,3.4266e-08,32430.495640028406
1.1437e-05,5.017e-08,28649.765762736883
1.3828e-05,4.334e-08,3075.4097879214096
0.0041754,8.0619e-08,39.71451405081701
1.6067e-06,3.1752e-07,4828.797437186972
7.7633e-07,4.457e-08,1858.6130582307176
1.1008e-06,3.8739e-08,2576.4047036804445
1.2412e-06,1.739e-06,6254.3768950911735
6.9983e-06,1.5839e-06,90273.56664432047
0.10846,2410.7,545494.4242746785
3.1754e-06,8.3852e-06,9891.913316010097
0.00036612,0.41407,20247.465114744493
0.017765,0.0076757,22146.3358757306
8.6687e-05,0.3597,15150.828022457783
1.0956e-06,2.604e-05,8292.471737821348
3.1831e-05,6.959e-06,127434.59084617096
506.33,0.015124,230961.84512180922
7.1853e-06,1.0237e-07,15940.053210320988
0.0030856,2.7582e-05,74462.56526131317
1.0144e-05,9.63e-06,167453.6973327949
0.00039457,0.0043381,91967.55939611483
9.5452e-06,0.00016037,60938.06755162479
0.00099182,11.544,30558.38817727642
0.00024017,0.0049979,14911.322804522011
0.00032381,0.0002905,9244.546155943099
0.00042094,6.5011e-08,45268.39751942974
0.00018477,3.3049e-08,179527.71754435915
3.9315e-05,2.1745e-07,9952.951995877305
1.5691e-05,3.2055e-07,4049.8911977299945
2.8004e-05,3.2447e-07,8525.776781826491
0.0017169,0.017113,16250.362873272723
2.497e-05,0.00014158,63849.053925805434
0.00015995,0.00076868,85767.35454898542
6.3512e-05,1.4737e-05,15505.364298133523
0.00046476,2.9472e-05,16019.53853231549
0.001378,0.0066866,13653.00560966914
0.00064823,0.0025926,4740.992619806761
0.0016253,0.045162,24951.463257786312
0.0013401,0.016913,25938.709186212127
0.095762,3.546,8096.057495770405
0.21519,0.00028237,2544.234394902185
3.2767e-05,2.8107e-08,26245.97953850768
2.9568e-05,2.8945e-08,5849.827443656689
1.5981e-05,1.6745e-08,18078.315639562014
2.1866e-05,2.4628e-08,6068.772953362932
2.3497e-05,2.7818e-08,92.48611041897693
1.0818e-05,8.4421e-09,4947.662233391071
9.8865e-05,1.2277e-07,17802.867223066558
0.00034686,0.0012693,58961.22434089744
0.086635,0.071512,68516.06637648256
0.058025,0.53232,59656.049967706356
0.00025349,5.1774e-07,71049.00405755316
8.9475e-06,1.6216e-06,13795.381418233268
0.33211,0.00021556,196044.47611336852
0.0017155,0.014401,41589.92759975591
0.006395,0.070009,36891.95206636058
0.0001662,2.196e-05,25025.360885840822
0.00030246,1.7718e-05,74839.90325706846
3.1072e-06,3.6011e-06,1201.9595225532446
1.4646e-06,1.0243e-06,11418.543232954587
77.416,23.887,37392.813474736016
1.4449e-05,2.0162e-06,731863.8802317467
1.7477e-05,2.3395e-06,1353408.4929641914
9.4348e-07,2.2245e-05,768379.7441713997
2.7105e-06,1.8274e-05,9787.556001954144
4.2315e-06,2.2786e-05,10633.275775662063
4.984e-06,0.00012573,81850.64937252658
3.4699e-06,4.9608e-05,54690.80050250878
4.5192e-06,3.1059e-05,53910.199891730226
5.9768e-07,3.2005e-05,169880.7683152248
4.0846e-05,1.1219e-05,2946.429539544379
5.7119e-07,5.6439e-05,569203.9710568228
5.1044e-07,6.4656e-06,126143.25480516645
3.1936e-05,4.6152e-06,166960.9659884822
1.8124e-06,6.8805e-06,99902.73762274075
2.2129e-06,3.679e-06,145298.92434438382
9.2751e-05,0.00010131,1142495.9954210573
3.9208e-07,8.8415e-06,224607.75949603016
1.1623e-06,1.7522e-06,142282.65419536954
1.365e-06,2.062e-05,3043564.603576683
8.8155e-07,1.6417e-06,2653673.5100920983
6.9789e-07,2.1927e-07,2810507.140336379
1.7253e-07,6.2396e-07,742731.5417457415
3.6733e-07,0.00033027,123848.02490395942
0.0051399,0.013205,1283412.191471315
0.00051234,8.6742e-09,92257.35029329336
0.0042109,0.012667,303332.43956989824
7.9255,0.0010213,575203.8695756517
0.35479,1.5451e-05,298938.5262959675
0.061444,0.040004,6892119.490368712
0.00054922,5.8051e-08,593457.8736212907
19.717,4.2874e-05,133289.15347850125
0.00027196,5.4561e-10,78781.75575528391
0.00040476,2.8846e-08,296412.4366824525
0.00057415,1.1864e-05,331566.18018001685
98.079,9.0538e-05,1519987.6738227026
134.78,0.00022796,125438.15627866024
3828.8,1.1907e-05,423329.8457742095
0.005919,0.0028058,184940.08997564108
0.00028502,1.587e-08,508683.34259833954
0.00014321,5.3236e-10,-44333.5042227839
0.00032908,2.8261e-08,867063.1503567084
0.00068412,0.00030059,643085.6863470523
0.0049025,0.0037428,197279.85172396843
0.3032,0.08886,301932.2018180308
2.6915,0.00024665,48702.39603852237
1.0908,2.1554e-06,5243.441423187074
0.00018741,0.025621,2593342.080463596
0.00079626,0.2291,269817.89630729205
6.966,0.38438,63369.33147697572
0.00017586,1.084e-07,103953.34140594423
0.0028136,0.0,24197.812197548803
0.004059,0.0,36196.92870124721
0.0057887,0.0,14132.75420344082
0.0027776,0.0,4093.6033228640413
0.0037937,0.0,15571.804121821184
0.0036059,0.0,21364.29837075958
0.0050082,0.0,15233.509530696954
0.015328,0.0,41144.61766805253
0.0040802,0.0,8099.977524845617
0.019293,0.0,9760.341581336368
0.0024929,0.0,257650.6861170737
0.074034,0.0,29585.10054756992
0.0,0.0,26690.64110393563
0.042699,3.9193,1527982.869847684
2.2636e-05,0.00034875,562266.6734355967
0.0013115,0.029824,5934326.792209429
343.1,0.00096361,3599208.008550067
0.35836,4.5131,1714136.8088815564
1386.8,0.0027296,905503.448073664
1559.4,0.0037698,1159087.1380573832
1067.3,0.00048987,802661.1374393639
399.02,0.0032852,1177261.239058347
242.56,0.002835,251350.87575985643
2291.6,0.0039326,3254438.7873558537
0.16903,1.5277,717994.4626680518
0.11284,12.38,689598.1237000182
28.772,0.0012719,19635942.141864724
42959.0,0.0079495,12407419.83778373
1297.4,0.00036261,4411743.105188721
913.99,0.20071,5444369.326336411
18.213,0.00097971,2340436.5108742467
829.85,0.0015876,2997046.6361294053
78.179,0.0034716,1395867.6487504195
3.7685,0.0050064,2420828.6506048837
0.20494,0.0083363,1822313.826094318
6.4979,0.00080595,5898858.734921649
9.1344,5.547,959574.6905592874
0.55569,0.36847,1129435.1805738385
0.0005073,4.1942e-06,246785.8954478916
0.0034149,4.078e-05,332373.76792464947
0.0088668,0.00011065,402621.86286379787
11.7,0.024743,3600264.470929987
7.6684,2.4514e-06,1307455.4312158374
307.18,0.00043458,2754962.342173112
41.493,0.00043994,3589306.0777327586
0.23956,0.00038622,1108138.6468847694
37.434,4.887e-05,526931.801168672
1.5945,0.00022558,1775926.9156925727
0.33354,0.00010921,1261473.3352007798
0.011303,0.0,237076.92293510181
0.352,0.0,122666.77837845664
630.71,0.0,44096.31938792215
0.00016988,0.0,56924.338528940876
289.57,0.0,43565.32281308699
9.5427,0.0,17821.696256474857
0.061303,0.0,8589.742337606282
2.4983,0.0,61308.04467002166
53027.0,0.017101,11983366.2482029
480.13,0.0026275,9067743.47228672
457.15,0.0010964,26925235.17570949
3936.6,0.0,6123009.989650989
0.8515,0.00038893,7707861.4960185075
11.103,0.0019826,8104594.449485896
14.55,0.039172,12032120.201941444
972.24,0.0058576,14775780.087869653
0.52092,0.078246,1551338.9703308702
0.48256,0.061372,9181216.613985546
0.018555,0.71333,1122095.7738464097
0.35322,0.0070007,5510011.1426112745
1.518,0.03461,1608830.835615899
20.122,0.0022071,32454451.31815221
182.01,0.0017065,41420290.88248009
137690.0,0.015741,84427075.29229736
2125.9,0.091082,7309636.75025224
515.28,0.085608,6496762.01047118
64.115,0.016983,6418667.424595777
653.24,0.00016558,434106.7178274706
638.25,0.018683,1765580.8233319705
338.32,0.0065137,7547270.624401041
1476.7,0.023197,1446173.22870055
4643.5,0.00017728,13456096.696582219
151.55,0.0060507,6598983.3253406705
5278.7,0.0072257,10890408.481000634
23321.0,0.11634,8718388.895400904
23521.0,0.020635,27403636.511006195
43989.0,253.9,56242533.541267775
5503.9,0.053469,18861381.657099757
1.1307,0.0059427,10079276.423289629
1085.2,0.018675,44454654.78412199
1017.4,0.0011199,35058203.65160303
2613.2,0.011317,50292082.28776486
1278.8,0.040238,8962898.967984723
1203.8,0.48922,10947149.787538974
1.0826e-06,3.8236e-07,42497.84880155902
2.8588e-07,9.6748e-08,7161.690345037962
1.189e-06,3.465e-07,116363.11412829398
4.9864e-07,1.3931e-06,97588.9756105584
0.0007153,1.3037e-05,292026.5287697696
2.9838e-06,0.0002598,560377.2444999226
1.0526e-06,3.9343e-08,16969.81574217959
3.6363e-07,8.4199e-09,4223.154380329364
9.0738e-07,1.079e-07,53031.26358914906
1.2335e-06,1.6781e-07,68838.96099553481
4.6396e-07,3.6207e-09,918.5990626612672
8.767e-07,7.1606e-07,299715.6696617058
7.8442e-07,1.5637e-07,38791.42488454273
5.835e-06,0.0007858,105561.19139546502
2.2908e-06,0.0009465,106686.49611398192
3.9565e-07,4.691e-07,18411.742511899345
2.7935e-07,3.5433e-07,23835.41860609693
4.1485e-07,9.8212e-09,3478.4393377724996
3.0566e-07,8.2412e-09,4282.7459953053685
4.3932e-07,7.9255e-06,23236.104645551757
3.5653e-05,0.46309,73811.6920165303
1.8067e-06,0.0064771,181288.2363768101
6.0003e-06,0.013983,289940.5541748748
1.672e-06,2.1022e-07,391702.6636893138
1.6802e-06,1.0222e-07,11720.02277135958
1.3281e-07,1.7308e-08,1739.2270723286524
3.629e-07,4.5191e-08,12012.573712618934
1.3796e-05,1.6933e-07,35069.05183841884
1.2232e-06,6.8323e-09,406.73986992985874
1.1076e-06,4.0777e-09,123.85428625736637
7.2389e-07,4.178e-09,126.45580427264854
2.2791e-06,2.3054e-08,3093.8402844855405
1.9146e-06,1.4327e-08,1180.6846959245945
1.2745e-06,6.7626e-09,698.5293666475592
9.6576e-07,3.9865e-09,89.03159888430883
5.5046e-07,4.5246e-09,230.40455798652636
7.8614e-07,5.3804e-07,-1.2738681814530164
2.4711e-06,4.3016e-09,-16.92341401923409
4.5343e-06,2.6766e-06,1046.1445976189468
0.00010297,2.1641e-09,-13156.725897436889
1.465e-07,1.3525e-08,28609.01738729335
4.2647e-07,2.1246e-08,1886.5053550805426
7.5308e-07,1.191e-07,44757.34347079015
5.4768e-08,8.7757e-08,50723.489739597986
1.1408e-06,2.5718e-06,70000.37208003136
1.7746e-06,0.00098492,336471.1358334898
0.0042436,0.0046819,48579.32763201765
0.0010188,0.028124,19109.619080225475
0.0087841,0.0050246,41206.547025217835
0.00012384,0.005533,10488.532511412775
0.00050729,0.0011068,74589.04424517059
2.4211e-07,4.5266e-09,64828.002523889714
5.0362e-06,0.0073714,67982.60852813371
9.3731e-07,1.8267e-05,759180.8768253055
0.00020666,0.00010995,1224176.031218956
8.2326e-06,0.0085396,41327.59792120614
3.4072,0.00026294,514308.3537414791
6.0634e-05,2.6662e-06,18256.588005721504
1.5626e-06,0.0041169,1971.392152095796
2.5528e-05,2.7584e-05,1604.3159125724703
9.4901e-05,1.3619e-05,5022.22683067021
0.00024973,2.5015e-08,88576.61742057439
0.0044326,0.0086357,209178.9113478059
5.0488e-06,2.3361e-08,2316.2410519264863
4.8814e-06,2.759e-08,3035.6736765660903
0.001614,0.01761,2461.020815919948
3.6369e-06,6.1664e-06,1968.1813408768292
5.2576e-06,2.1913e-05,2233.7401321849093
2.2297e-05,1.6656e-05,6840.186855216505
3.2386e-06,3.0441e-08,1335.6248406432555
0.00038655,3.682e-06,1669.6612839648674
0.00087677,3.7914e-06,1925.4270192463962
4.5577e-05,0.00062765,2178.4208805753046
0.00011511,0.0020965,1649.1487785554473
3.5985e-05,0.0012723,1719.3498024299772
0.00014091,0.00020451,1466.2695810930247
31.177,0.042941,10945.141660450994
1.5863,0.0021848,4341.199239417165
0.12205,0.0001681,4147.587106834534
4.9384e-06,5.7015e-09,1628.3026236036358
1.7039,0.0023468,4612.888180249941
0.12796,0.00017625,8566.280132315498
2.5609e-06,3.2545e-09,3380.4874612201984
0.00044449,6.1186e-07,1499.1200116066127
0.12098,6.2406e-06,42563.29440987031
0.024183,2.599e-06,301531.44202283194
1.99,1.2843e-05,499300.7461497346
0.028212,1.3566e-07,10775.932810960214
3.0951e-06,2.3745e-07,4795.618376045756
0.49624,2.1813e-06,547717.7481752421
0.00079444,3.2697e-05,39511.48459156835
7.6224e-05,8.3037e-07,12235.84230420003
1.2269e-05,2.8292e-06,2426.6565771986434
2.2531e-05,4.1136e-06,8484.284233405626
6.4912e-08,1.509e-07,314.30163850347293
2.7217e-07,2.4263e-07,62.46542887492233
0.0037066,2.2495e-07,-101.00221158592932
1.0751e-06,3.9039e-07,7348.817306294783
2.2047e-06,6.8657e-07,40252.34520191714
1.6165e-07,6.3291e-06,1515016.3885037196
1.7936e-06,5.5465e-06,21619.79435292184
1.6839e-06,4.8878e-06,20374.385398792972
1.655e-06,5.0143e-06,20447.298024386
2.9335e-06,1.4498e-05,46940.29821451033
1.9128e-06,4.9223e-06,22744.01601442024
1.7416e-07,4.9018e-06,7553.2913351140305
4.3789e-06,7.8903e-07,1251.068843067331
8.7073e-08,2.7768e-06,25151.481512744318
6.264e-08,5.7696e-07,237223.18752571577
3.8198e-06,2.7007e-07,74887.43489720853
4.0443e-07,1.5863e-07,282790.69413637713
2.6365e-08,4.824e-08,21230.454765749073
0.00010095,1.2452e-05,2852735.4156223815
8.4094e-08,3.224e-06,229271.14327087358
2.4925e-07,5.9794e-07,176633.93487535242
2.0464e-07,5.588e-06,316994.9190741906
1.0588e-07,4.5106e-07,501082.40737635357
3.4681e-07,1.1752e-07,1760342.846174459
8.6522e-08,7.0439e-07,18081.891167760572
5.8664e-08,5.3579e-05,294677.63638900564
0.00023205,1.2405e-08,21672.991809369803
0.40758,6.6354e-05,48156.19349376211
0.00084487,0.0016668,64132.501885338315
0.0018267,0.0056588,28277.025880568228
0.23205,3.0756e-08,89318.94250941426
1.1116,0.029034,1305582.4397843233
0.00025622,5.1311e-09,12674.098401178313
25.51,0.0023909,30040.29520904697
0.0194,0.0005779,44378.19017620412
0.0011531,0.0032899,51878.94362951226
0.050948,0.0044014,196117.78506833012
1.1969,0.00034816,940677.2315398835
0.00015833,1.1981e-08,9711.696813169621
272.92,0.00016045,122184.31204763429
0.0017936,0.00040605,33219.263823018795
0.00036484,7.2967e-08,315010.9420565999
0.00022277,1.1979e-08,19719.711448643764
0.00050201,1.3386e-07,550369.5759189626
0.00050972,1.0207e-07,242281.560490164
0.018902,0.00081073,41818.20594443505
3.7547,0.00012479,273635.8053773146
1.7119,0.12103,497958.46212125587
0.00012998,0.0031626,163283.17497503018
0.0,0.0,0.0019393759163999983
0.0,0.0,-5.010144700000004e-07
0.0,0.0,0.00023472837895000003
0.0,0.0,3.05073e-08
0.0016587,9.3475e-10,2688.386427871532
0.0010553,5.7023e-10,4754.865897028575
0.00071114,7.1241e-10,1444.3530581361574
0.00064944,9.4687e-10,4110.411979193392
6.6541e-05,0.0,331.0325527802478
0.00071537,5.8436e-10,15350.781305442955
0.00083459,6.8855e-10,1452.523517363879
0.00031582,2.3089e-10,1095.8703526743095
0.0001552,0.0,632.7828115841339
0.0064261,3.9246e-05,15476.576015852017
0.00092956,3.8874e-10,3084.8890390838756
0.80622,5.3678e-05,385.4700192058954
0.0,0.0,4498.417880729949
0.0003251,0.037489,1003952.1820878967
1.2632e-05,5.8412e-08,319566.49178077636
43.888,0.29928,1146271.3385147494
104.54,0.00076108,998517.642534484
127.43,0.00023119,316807.14088533196
760.98,0.00049995,368360.17913268623
187.69,0.00028938,157384.14700216585
632.76,0.00051186,554918.4459165029
21.879,0.00068688,205859.79484204523
0.37665,0.0011989,183159.80558966956
220.85,0.00012742,209832.6785909451
0.018888,0.20369,293787.9687151204
602.16,0.00010492,244770.87005424817
1792.5,0.0016164,3648754.2283422505
1602.2,0.0064189,6228300.714907344
13238.0,0.0082008,904536.2979559203
23157.0,0.11809,6112975.360054954
5.9335,0.00020149,2721913.9181972663
328.11,0.0023628,502641.1571740394
0.0065706,0.0035115,973225.0730574257
10.254,0.016918,333436.8334307555
8.6014e-05,9.8738e-09,219986.53704206878
0.00016321,0.00013117,1565234.289780823
0.0029868,0.0056172,64720.49875679018
0.021657,0.041013,349246.35884429095
0.0003615,1.678e-08,158414.7673774447
0.11016,0.0016421,66496.6558429023
0.00074753,6.7663e-06,92018.41759811918
0.18199,7.4597e-05,1380426.490069044
1.0282,1.5679e-05,152461.47101857746
14.494,0.00053368,431917.096578037
20.774,0.0004471,482857.54166159534
6.0259,2.0125e-05,93219.47477301606
1.651,1.9741e-05,101999.46129208324
35.377,2.8422e-05,185439.19404982484
0.16276,3.6787e-05,182710.77954758532
3.3858,0.0,15667.750841362234
2.8253,0.0,9764.258807885673
2.1092,0.0,3077.880857489874
2.48,0.0,2600.9702272334184
1.6812,0.0,2625.437005743296
0.97051,0.0,606.0461245416697
1.269,0.0,968.0562611590065
2.061,0.0,2220.4827740227843
6449.0,1.3945,1615758.8739378534
3.8315,0.00065466,2038954.8595683277
49.08,0.0047169,8895521.163889963
7949.5,0.0,749141.3347931647
539.52,0.10895,1145381.58401005
8.9313,0.0027301,1896323.285321632
10.774,0.00065492,1394084.7456801
1.3586,0.0024981,2281744.073045316
0.26007,0.015425,122351.48552017298
6.2334,0.55836,2616034.989795961
4.6433e-05,0.037102,467282.34282285516
0.098127,0.045917,596069.7896430502
0.029574,0.00045464,43626.472785203296
1.3911,0.0066257,9697234.447610743
12.874,0.063561,11649107.644919777
1189.6,49.706,23916461.00724866
82.314,18.004,1441153.0578025843
39.103,13.092,1320294.414351318
9.3396,2.6204,1198668.7324003386
574.38,0.094329,497596.75670343294
406.89,77.467,2298930.8189386553
559.8,29.473,2625496.455552373
19.704,2.7406,115277.43419794817
22.745,0.0,20057603.058683045
12.99,46.867,1463642.036467077
21.86,3.5113,4060959.134743004
208.0,21.142,3380842.578238704
20211.0,60.233,7700193.691916769
13672.0,5.9421,44480459.858208425
8578.9,130.49,3507040.81449037
355.91,179.11,1277581.2173422014
51.774,11.904,18430472.66986132
1.5108,1.2252,12807821.238142066
2.221,2.266,23736571.585944965
3.4974,12.478,2741386.179750256
2945.6,0.21957,5604185.58722207
1.4252e-05,0.0010267,74143.86496957732
8.8703e-05,0.0036639,53862.36974894467
2.1675e-05,1.8195,17907.19097833656
0.064118,0.034543,26421.193672678997
0.011874,5.3728e-06,112796.44275409718
1.5432e-05,0.43245,118398.93830358495
6.4685e-06,4.93e-06,28822.004440714212
1.9146e-05,6.7732e-06,34896.45495337227
0.0001096,0.00016015,1140487.505528593
5.2905e-06,5.4829e-06,7655.38818910995
2.8676e-06,2.1941e-07,427.81140185224666
5.1368e-05,8.3764,222635.7403911704
1.0669e-05,0.0012616,15873.831055196311
0.00019422,0.70445,61160.414926670004
3.7507e-05,1.8242e-06,17929.89253050227
2.8582e-06,2.788e-06,26935.07345235684
9.8127e-06,1.297e-06,26172.706166352655
1.2441e-06,1.8325e-06,2001.4803216698792
2.5627e-06,3.4439e-06,4377.972768855964
3.8026e-05,0.039032,81178.7416192366
0.0044818,106.97,110052.27462822356
2.8283e-05,0.11912,20399.508114983346
4.1891e-06,1.3912e-05,2023.6489952251343
1.0033e-06,1.9655e-06,-57649.18728500697
4.446e-07,3.902e-08,1005.215825000983
1.0384e-06,3.6781e-08,-3170.626563139465
2.7453e-07,3.3465e-08,-65072.76895021892
0.0,0.0,-12178.375825186844
1.9333e-05,3.5312e-08,-1048.904642269719
1.2802e-05,3.1121e-08,-798.6986394988712
9.7479e-06,3.5817e-08,-688.3523122864843
1.5164e-05,2.3821e-08,144.1896223622424
0.0,0.0,-324.3343492842623
9.2803e-06,1.9867e-08,90.19405820949558
2.4006e-06,4.5325e-08,138.16752077202995
2.2608e-05,5.2602e-09,-3076.3943498947206
0.00057081,0.12565,-1375.1316117594793
3.9097e-08,3.7274e-10,-5155.684563167538
2.6905e-06,3.5973e-09,-357.5114703978112
0.0,0.0,-421361.9810713029
746.44,0.01609,793929.1887184096
1.2679e-05,7.3924e-07,35977.89732101625
0.019975,173.68,189693.16780361652
8.9406e-07,5.0868e-06,639953.1881580414
2.6049e-05,0.00032164,40410.18758725322
4.7425e-06,0.038243,4807.8753370401055
1.2849e-06,0.0038266,102936.48598978171
2.5171e-05,0.079685,32320.64719287763
6.7888e-05,0.0072997,33377.885051384925
3.5319e-06,0.0033774,9163.218655014014
0.2285,0.052534,245462.03142461763
7.4657e-05,3.5963e-06,220190.3328523198
0.00090691,0.0018417,59012.67176230461
9.463e-06,1.2906e-06,337295.765263408
0.0012453,0.045807,370038.30349666346
4060.5,0.0041853,433364.30109963135
0.21705,0.00096453,314505.80759676883
0.00079724,0.012216,1377106.1533037785
0.057763,0.027521,15827.32148605592
8.6244e-05,7.2041e-05,165307.5186923767
5.474e-05,6.302e-06,82277.28302886711
0.0006304,6.5317e-05,19135.903747565273
0.014013,0.087445,74871.95206711226
1.6881e-05,6.2874e-08,13221.478502032292
2.0305e-05,1.9693e-07,4611.8243970150725
1.4195e-05,1.9888e-07,4589.6673138904525
0.00017938,0.0020436,4502.81544104462
6.2354e-05,0.00031797,8366.146698825823
5.4572e-05,0.00018373,575111.7238638717
0.0016247,0.0021338,242521.6191898339
0.034387,0.72169,5044.193113572349
0.013078,0.20853,22625.854878993814
0.00023367,0.02308,450.2952438128396
0.045625,13.271,12981.281644960618
0.00014066,2.8323e-08,352.7526352517514
0.00015111,3.0206e-08,384.4118231139946
5.2303,0.0081724,1133.5041666399386
22.334,0.034898,988.890039922495
2.0733e-06,2.5019e-09,-368.87667390699653
1.1699e-06,9.6859e-10,130866.36367904983
1.2915,0.0020179,-298.14674425981445
5.1236e-06,6.5422e-09,206.5891566057914
7.8548e-06,1.0525e-08,-146.34778708819414
1.3452e-05,1.8104e-08,-17.15910897116866
0.278,1.6205,600666.4038323269
1.8971,0.12107,199079.56680732203
0.64966,17.223,109951.13740831104
0.098977,0.0064794,31386.142006557613
3.263e-06,3.4751e-07,5015.834785891516
0.92195,0.0011565,148098.95457997127
0.0025014,0.074771,65050.40872365255
6.8999e-05,0.00023145,128426.78507232301
0.00045423,0.00038792,74502.54025838042
0.00023596,0.00018376,37823.60409543747
2.4681e-07,1.8961e-06,42.89468360363161
1.434e-06,1.5825e-06,128.9694663011221
4.9033e-05,8.3136e-06,661.1452041476199
8.605e-06,3.576e-06,2181952.486250868
9.3809e-06,3.7288e-06,2855401.336928625
7.3123e-07,5.4267e-05,140966.56276882248
7.9074e-06,7.3806e-05,102492.0986963657
7.8525e-06,6.9831e-05,82613.13267828309
7.7037e-06,6.4911e-05,73551.38994600096
2.8492e-06,0.0001157,140113.49571927148
3.5306e-06,0.00011381,90888.0414270353
8.3849e-07,5.4817e-05,197997.2579306787
2.3413e-05,1.5293e-05,24917.621501675563
6.6608e-07,5.4715e-05,5826289.749250403
7.4872e-07,1.2345e-05,33830.16901059605
2.1145e-05,8.4262e-06,1965285.9416185666
3.1686e-06,9.1775e-06,17896.20888699853
1.0384e-06,6.0899e-06,440540.15014427906
0.00021685,6.4422e-05,214299.0970203005
4.0016e-07,1.6604e-05,29173.243675603135
9.3564e-07,2.1783e-06,53415.314027643326
8.4631e-07,2.6324e-05,3346796.0011527175
1.517e-06,8.2346e-06,672521.6598785609
1.0779e-06,4.2494e-07,4152470.6230327655
4.9372e-07,3.5071e-06,1221057.686905567
5.0644e-07,0.00045718,318750.05478348624
1.7427e-05,2.6845e-07,28526.96806969176
1.6962e-05,7.2249e-07,9919.527110570169
1.0513e-05,4.2443e-07,14314.899272960463
2.2797e-05,1.8177e-06,38709.27714521001
0.0021351,7.4737e-06,211735.26270092305
0.00092229,21.848,208868.17427714294
5.0966e-06,4.8995e-07,11927.60895544515
2.0299e-05,1.282e-06,34593.345837851724
1.4278e-05,5.0353e-06,38540.30554220559
1.6866e-05,1.7712e-06,28554.4836881559
2.0436e-05,1.8681e-06,34220.13270623179
9.3918e-06,0.020996,72035.03370852857
2.9787e-05,1.6348e-06,60722.69665758587
0.00085674,4.4735,85006.96788329506
8.4253e-05,3.5679e-06,40996.064521494605
1.0658e-05,5.6989e-06,56279.609402764996
9.6999e-06,3.1887e-06,33399.85611764925
4.3167e-06,5.7504e-07,5291.988774346441
8.3487e-06,3.5038e-06,44790.51971551361
6.9443e-06,4.179e-06,285392.45329221117
3.871e-05,1.8045e-05,58812.114614140286
1.2776e-05,1.7341e-05,18551.112752340177
4.4924e-05,4.1296e-05,36912.52176563411
4.6113e-05,7.049e-06,118293.97880405867
2.8375e-06,1.4951e-07,2158.783625360614
7.6191e-06,1.1347e-06,70273.73829601327
1.249e-05,1.7742e-06,49868.32882896996
1.6629e-05,1.9656e-07,-227.77403477388165
9.2048e-06,2.0106e-07,171.7459718172505
9.4272e-05,1.5522e-07,29678.811285172815
1.5062e-05,3.1647e-07,23164.089570455424
7.4251e-06,1.6733e-07,108.49368338312924
0.00021423,2.2243e-06,3419.0727941955947
1.5395e-05,3.0962e-07,-371.45410082962377
8.2469e-06,1.2472e-07,318.78020250867104
6.4081e-05,5.4637e-08,-486.1819586755404
1.0189e-05,1.5842e-07,-100.05827365028497
0.00371,1.017,5496.414820769197
0.00029521,1.2143e-06,3846.2564352833215
0.0046817,1.9291e-07,-12432.925841581327
1.2602e-05,3.1292e-06,52037.533531924826
2.8554e-05,6.2625e-06,101861.36345030257
0.00019547,0.37463,31307.335360130215
3.5261e-06,6.2617e-06,222379.98142313628
2.3863e-05,1.9081e-06,356748.0324512195
9.1778e-06,5.8767e-06,43743.34851779616
4.862e-05,0.2372,95135.95417061108
2.0698e-05,4.1752e-06,75922.76628512789
1.4369e-05,2.6695e-06,42900.93929105958
2.2047e-05,0.17352,73039.31551778346
7.237e-06,4.1187e-06,54255.52785523297
0.00012191,1.1671e-05,94747.1147374911
2.9118e-06,0.017969,129498.0040955339
1.657e-05,4.9152e-06,430323.4571964806
0.00035702,6.4855,285502.99921764364
2.4642e-05,1.2202e-06,68485.76143363645
0.38704,0.7244,690034.7291496191
0.00015152,0.0047146,229360.24981705815
3.822e-05,0.080814,8102.284810409535
0.00069328,0.090195,35258.348801496875
0.0040489,0.01197,73868.32776380658
0.00016509,6.758e-08,23971.449485900117
0.010117,1.9425,364655.1420794402
1.5543e-05,2.4528e-07,55069.734175580175
0.00013919,7.6288e-07,39882.33845006635
5.19e-05,1.428e-06,835700.2084590542
0.11852,1.3973,34831.05659622912
6.2353e-05,0.00048513,8524.385175466428
0.00036838,0.023985,197200.43488139802
0.0035265,0.0051186,44555.17913034481
0.0036103,0.078474,32787.269638560436
0.017433,0.28093,21791.841018253195
0.0036818,3.3808e-07,12257.92823482677
0.0035384,0.011897,24750.830262973534
0.00025028,6.463e-08,1978.078321877133
0.00021667,5.6521e-08,619.6725916852623
31.81,0.047297,523668.0048336875
360.41,0.53587,7161.806066457814
0.00013531,1.9697e-07,34192.17947556101
2.3145e-05,2.7182e-08,29499.96034464341
6.8174e-05,8.266e-08,17694.483768068385
4.5697e-05,6.149e-08,9789.050042139383
3.7181e-05,5.0125e-08,37399.8555104652
0.04947,7.3552e-05,226933.88622378552
0.0072614,0.0088545,1278848.8294365208
0.15041,9.5206e-05,580603.5935665872
3.5066,0.038381,240098.20236304819
0.011434,0.00043427,310122.5911752576
3.8494e-05,5.4195e-06,167262.87468309456
0.29201,5.8887e-05,444375.7194887103
0.0010747,0.0014298,834825.316289141
0.023137,0.17689,386605.4286158325
5.6655e-05,4.6432e-05,11239.22696989313
3.6326e-05,1.3893e-05,7095.12383863801
3.2648e-07,1.819e-06,142.4385415693573
2.9571e-06,2.9496e-06,7336.714149115607
0.35021,0.3548,-4130.770294920186
3.657e-05,1.3906e-05,23715298.952820577
3.7593e-05,1.3891e-05,26227343.581200045
1.7392e-06,0.00023184,11142503.301449927
2.6097e-06,2.4109e-05,16608.901148973855
7.312e-06,5.5987e-05,42188.39144225982
7.1625e-06,5.3245e-05,31309.656193982828
1.5632e-06,2.7672e-05,69723.78474215406
6.4138e-06,0.00011463,113443.37816031389
4.5208e-07,2.4919e-05,269119.05745910585
2.5846e-05,1.7873e-05,48744.9112451385
2.6604e-06,0.00016864,1011535.9140412698
8.8211e-07,1.1738e-05,437594.3193701201
3.9961e-05,1.1999e-05,296043.6185797944
3.6059e-06,8.6167e-06,137363.42253505005
2.5099e-06,2.2056e-05,7740637.123021372
0.00080714,8.6557e-05,20990369.79030333
8.0814e-07,3.3235e-05,189469.26458103798
1.5766e-06,4.0581e-06,101314.87091008044
1.8756e-06,0.00012145,15615674.535804735
2.2552e-06,1.2919e-05,6287363.025793509
2.7882e-06,8.8062e-07,6934009.565515622
9.7718e-07,7.5581e-06,1042287.8494171362
8.7661e-07,0.00073202,2360331.3689290644
0.00046009,2.5533e-08,817341.7842224677
0.00069668,2.6735e-08,369828.5755354801
0.028931,0.23568,554875.876412191
0.00053145,0.00089284,388586.64844362106
0.17996,1.3742e-08,-47698.947102028644
200.29,0.0012925,3304684.860302827
0.00026082,7.8885e-09,-50119.99687825218
0.00050474,0.0063957,-35784.557286112184
0.00026774,7.3142e-09,-53513.71066618008
0.0074689,0.069105,407922.56976963056
2.4982,0.00093228,799708.9389408731
3.4372,0.0003939,1051848.4724092004
0.00042928,0.00066456,363245.95809398557
484.97,7.1483e-07,2399.6520870014156
0.0013022,1.0946e-08,-131241.02238317917
0.00044769,2.1652e-08,415788.1139060635
0.00037885,1.1513e-08,184838.0549238255
0.00038262,1.5926e-08,251824.46074115817
69.375,0.0014174,644077.07139035
0.00027667,7.0445e-05,74817.41277907607
1.3917,0.22962,1213248.6711838532
5.2922,1.0715e-07,292976.8901686515
2.705,5.9144e-09,147732.89560910183
0.007219,0.0,68029.82366832434
0.0034802,0.0,33304.79716709513
0.014947,0.0,319875.3775177435
0.017274,0.0,163968.1046767514
0.2488,0.0,1726.3142307066717
0.21984,0.0,5955.894949532875
0.079024,0.0,544.1568569164698
0.68052,0.0,5194.026717142808
0.28232,0.0,1991.4193401635996
0.21795,0.0,1659.9565865739821
0.096048,0.0,707.287659963042
0.093156,0.0,630.4052961514388
0.15133,0.0,1048.8650585956766
1.0416,0.0,7485.54666198007
0.97259,0.0,6788.871345957045
0.6234,0.0,4641.787486321376
0.0,0.0,23845.81031404681
0.00086689,0.073061,818129.4615986232
0.00035221,0.019032,1177801.392058603
0.0063052,0.42006,1978183.523688615
16.109,0.0011668,1842170.266391514
14.422,0.029092,930442.4723518463
0.57286,8.8411e-05,209904.69406610302
382.15,0.0077836,742056.0669483882
0.0001428,0.0086423,442202.69652948953
9.0381,5.4297e-05,669324.4892374667
0.014032,0.18368,192392.29983638268
0.0052873,0.075395,1195736.715838715
0.00014177,1.913e-07,760268.8833957956
0.0012169,0.12499,728030.9620572734
563.0,0.047027,4472095.722590537
43.605,0.00076308,4981439.901243526
1249.1,0.0047516,3107432.6575250733
561.98,8.9459e-05,2904951.2335460237
0.00080052,1.4327e-06,2260228.2749843085
452.59,0.0033656,759291.9843074295
92.532,0.18165,297315.5249950745
71.524,0.036667,338471.28554977296
0.0026948,0.0,189722.5882810071
0.00082641,0.0,1917145.0747454674
20.531,1.9094,62113.96421227069
35.655,4.2338e-08,101495.16904708015
19.85,2.2224e-05,62303.375125352664
19.172,4.4057e-05,53199.07293275341
35.137,4.6923e-05,97912.48015709358
21.384,0.0018574,532526.5961778593
30.993,8.0391e-07,127353.31407535048
384.47,0.0,489717.32407042244
205.22,0.0,283154.4860842426
45.849,0.0,138011.61510786015
75.204,0.0,218102.11067708393
59.264,0.0,170094.09723933515
67.23,0.0,190852.10912175855
2.2941,0.0,25065.66926189185
1.2562,0.0,19365.830647615738
0.73747,0.0,8324.684133502198
0.86856,0.0,14838.984401425656
0.79067,0.0,8564.52733382726
0.47341,0.0,4951.910219247628
0.30625,0.0,3180.0296366594234
0.72734,0.0,9746.55665934033
33.063,0.0028287,976330.9179630171
7.6642,0.00087531,4161224.363416052
490.17,0.033737,13110979.064674262
1470.0,0.0,1299235.0875940747
8.2745e-05,0.0012533,1079776.7558319839
4.7693,0.0013076,2159736.9446205166
0.026497,0.085402,4048100.6824048217
10.392,0.088724,3008115.3747742623
16.114,0.041676,5152247.533355423
10.58,0.024535,3337565.617732499
0.0,0.0,1258290.0188499468
0.0,0.0,895000.2161003156
0.0,0.0,944466.8641929624
0.0,0.0,23564260.000732653
0.0,0.0,28819480.000715826
8601.9,0.0062355,40134028.65972266
155900.0,5.3528,5007517.562518783
101590.0,3.9404,5033837.236862453
26567.0,0.29243,7442990.660448921
3247.7,0.0057742,461015.196481989
4853.0,0.033708,663536.291886047
2288.7,0.0045674,2502799.715778216
18.428,0.0038537,278263.1570133431
0.0015403,0.0,6955351.594365365
556.5,0.011102,1538367.4280497055
33460.0,0.022808,5045365.17874722
270900.0,156.18,7986672.856373856
2810.6,0.0050902,2180603.0564966938
113.73,0.1761,32817041.020743206
303200.0,0.38732,7757477.6404956095
3.3566,0.050394,2130224.5356161892
0.0,0.0,18796570.239775307
23.836,0.0,10766681.180262413
19.219,0.0,20785836.11048457
2742.3,0.35238,5529817.233221172
29.33,0.0,7170839.217563126
351.05,0.0017068,7247966.5986550655
0.0084986,1.0004,629228.4928188272
83.6,0.00028462,842091.2392304331
254.18,0.00029951,1938533.3891104283
0.13168,5.2709e-07,649609.4543645848
6.9621,0.00063176,10652933.767104048
0.00010808,1.6616e-07,13046.065199344226
0.00020826,2.3959e-08,83404.82824751684
0.00017809,4.6528e-05,53298.38208987285
0.00017659,3.4047e-07,75905.72202468693
0.00029665,0.00030425,51949.775764936356
0.0015043,0.16408,10308039.357584218
0.00010665,6.2253e-06,33550.442335463005
629.32,1.7975e-05,2134950.5649164063
0.00048402,4.0924e-07,190175.76757895332
0.0002663,3.9216e-08,105695.72462688347
0.00026752,2.4109e-06,10376848.694723865
0.00024544,1.0984e-06,3513728.559179592
0.00030621,0.025123,2942635.230209191
0.9489,0.00013132,326624.76990450703
4040.0,0.0040216,6909236.534425329
0.0012853,4.0758e-06,7228187.600502454
0.00088161,9.3491e-07,794547.2687649291
0.051373,6.1209e-05,6490305.1607734645
0.084212,0.055343,2175368.654104645
0.035949,5.5006e-05,7136632.8515077345
0.0039342,7.2612e-08,9333032.486918686
0.014703,2.6868e-05,324950.21284651273
0.00067009,4.7264e-09,604852.279636053
0.0042515,7.6317e-06,13495.063451129878
0.00047276,2.363e-09,19194.940220333232
0.0005462,3.0142e-09,80972.20642976766
0.00069608,3.3223e-09,76118.70984593725
0.00024605,1.8217e-09,8773.514007355885
3.571e-05,1.2863e-10,757.4549403220901
0.0061319,1.1274e-05,31888.32412390869
0.00044883,1.8202e-05,271633.26749150775
439.46,4.8067e-05,35657.2235022588
0.00042492,3.641e-07,5860.142411723428
718.1,1.0626,26969227.310265753
0.0018895,0.18275,6121688.135669377
0.000121,0.0023071,664493.3552299334
0.00019581,0.013994,9413140.029638734
7.3167e-05,0.0079006,11577607.418782443
0.0039877,0.032257,5241550.075967627
113.01,0.0081468,1354528.2100968978
0.0011322,0.48259,6896998.546574738
0.0027592,0.12971,477411.10639931454
0.010124,0.22192,377852.72995686723
0.024312,0.61276,3039538.572114816
0.00034696,0.031816,5600689.858727784
0.00036154,1.8185e-07,1162357.6862296825
58.938,0.00046319,1680990.2094297141
0.32876,1.2233,23763210.638245538
61.271,0.0011123,12187391.25038721
666.0,0.00029511,4077646.825866846
857.55,0.027614,7290827.89304509
0.01847,0.00028836,1132353.9645288675
54.14,0.0028716,3559044.888551297
282.71,0.0071281,3726411.4027502616
0.14591,0.000202,918608.882526417
4.0652,0.046653,9102354.562260516
0.0014628,0.0012111,34073050.07176592
50.001,0.00026192,1948397.117562495
758.34,0.007456,6308924.332920742
3.4129,1.3473,840316.4118474367
0.0012387,0.00013524,376359.43829844944
0.0016302,0.00029295,380202.18090872373
0.043949,0.072378,8601707.822844198
0.27649,0.00021938,2267604.5911283214
2.6726,0.0010441,3832956.1778318076
5.3337,0.00023277,160407.27895629467
0.25732,2.302e-05,495563.4557254515
0.11901,0.00055982,2521150.937687956
0.056821,0.17604,626216.4932944409
0.078689,0.012232,145152.91836334474
0.0024856,0.0,6133854.896608084
0.084534,0.0,157617.15447195375
0.0006689,0.0,4491507.315469083
2.0499e-05,0.0,953254.4768525332
0.0043121,0.0,1281719.4158077573
0.00026385,0.0,122263.04619771703
0.00037198,0.0,22527.353830861695
18.181,0.0,3109213.482769551
105.01,0.0011346,13927041.27678338
490.22,0.00091885,12189527.594444642
104.27,0.00035655,32018684.799290642
107.79,0.0,23598718.26572473
3983.1,2.6323,4310675.502969843
27.433,0.00025065,14505121.390325755
1.0777,0.0030008,4567168.0245898
0.0027965,9.9637e-05,10664075.90529861
5578.9,0.56593,23527971.154873647
1.7851,0.00029547,10296814.201456025
9.5071,0.0013912,2392235.107815269
29.846,0.8941,1086079.026232811
40.573,0.00023415,2646221.0827521267
981.24,1.0557,86834409.74843283
2588.2,0.75532,102249413.54513745
1327900.0,824.32,220529789.8430546
286130.0,417.25,7266223.2035057675
43583.0,69.93,7352703.717387959
3622.9,7.0852,15406050.940802354
73941.0,3.0411e-06,1806283.1164159726
437850.0,2.3262,6402554.362093804
1759.2,0.0068507,7707953.732392908
57.159,0.00013871,572594.1829241987
22759.0,4.1305e-05,31143131.992461532
3488.6,17.175,5214021.77346977
361.25,0.84097,25728814.204273377
1028.0,0.08575,7501084.469513872
39919.0,0.039684,43639512.18280997
59450.0,2.2142e-07,205451930.12420884
252460.0,0.088656,52910759.59525301
9532.8,114.32,6400341.926597365
7.9305,0.68177,202308396.79103273
62.938,0.028343,34746235.09805667
66.096,0.16236,71100149.73366152
196.21,6.1305,19835234.662334006
7870.6,0.89299,21959687.250792168
6.5781e-06,9.2333e-07,10964.684939185952
1.7157e-06,1.252e-06,17016.500872878536
1.8841e-06,2.4177e-06,9661.350094235953
6.2363e-06,2.1827e-06,14894.271637545515
0.001151,2.1941e-06,39182.22073611629
5.2216e-06,1.5127e-06,641277.5740272754
1.92e-06,1.8684e-06,2849.366562866703
2.1245e-06,1.6267e-07,3202.1571944402644
4.9304e-06,6.2818e-08,6833.922464170006
1.3619e-06,1.0648e-06,3298.171948667534
1.5087e-06,3.5275e-08,1697.5011596571685
1.5794e-06,1.6562e-06,33030.85572699659
1.2171e-05,0.10671,52095.593236267676
8.8517e-05,0.025972,222397.89541806
7.3565e-06,3.172e-07,4563.254212295746
2.3857e-06,5.5265e-05,1392608.330283176
2.5369e-06,2.6514e-06,4293.990650549489
3.8673e-06,5.5115e-06,6448.848386417781
1.741e-06,4.5681e-06,3269.9435334875247
9.9773e-06,3.5391e-05,54059.239668927396
5.6295e-06,2.6245e-06,15185.230868632743
6.885e-06,3.3523e-05,14419.715984333787
3.0675e-06,9.5047e-06,1767.8718350773781
9.8909e-06,6.2602e-07,25983.973359900705
1.9202e-06,6.0151e-08,3409.0821917951835
1.5582e-05,1.4787e-06,40993.31468625122
4.3632e-06,3.8725e-07,11016.34926785224
4.5282e-06,2.0957e-08,338.1597791919747
8.6083e-06,5.4695e-08,-56.62509374376796
8.1357e-06,5.2787e-08,-70.08979451685303
7.8204e-06,5.2091e-08,-79.49112174483878
1.4733e-05,5.756e-08,338.1395899104061
1.2526e-05,3.713e-08,-53.49277820739106
3.3205e-05,1.6356e-08,-68.7095710122684
1.7192e-05,2.0055e-07,6154.90084631279
1.6537e-05,1.3841e-07,3545.7061064080867
1.0253e-05,6.0934e-08,-63.36189707285882
2.5084e-05,2.1978e-07,1970.8184398461876
4.2904e-05,2.9231e-07,644.6879407837
0.002695,7.4993e-08,-1775.0402723023744
2.4244e-06,8.9003e-07,7493.773083764934
1.9772e-06,4.6082e-07,4868.009579324561
1.517e-06,5.747e-07,3778.41577790338
2.8892e-07,3.4556e-07,4378.846369242043
4.6677e-06,3.214e-07,23353.92418578391
5.0388e-06,2.7164e-06,15831.019861759216
2.2886e-06,9.6352e-05,52733.525620585315
1.2533e-06,1.5083e-06,4997.805076751817
2.082e-06,5.2859e-06,490379.7570161695
0.00014307,0.90608,5291.256314985058
2.4223e-06,1.3342e-05,36514.61694347904
3.1333e-05,5.3931e-06,24510.25105596283
4.9971e-07,9.8341e-07,1229.7211567912725
1.7857e-05,1.8974e-06,98843.45293481127
2.1204e-06,4.9357e-06,699024.3125586787
2.9499e-06,2.9234e-07,7410.382115338876
0.11195,0.0046749,199106.78136689597
0.010729,0.1774,154904.20889611167
1.2763e-05,0.00051193,13075.765285613075
0.00024763,0.0062931,12463.422580946737
9.4397e-05,7.8355e-05,29982.87666347951
8.8208e-05,8.2053e-09,8945.402954600531
0.019611,0.33921,86329.22311105502
2.4775e-05,6.4598e-08,5298.355691632574
9.4814e-05,3.0559e-07,24429.2958966753
5.1922e-05,3.585e-07,13513.135003793954
2.5694e-05,4.9133e-08,7371.587538371139
1.6862e-05,1.8716e-08,23665.393230117596
5.1873e-05,3.5435e-06,37499.222896672145
6.9289e-05,2.2591e-05,15652.876614234854
0.00077123,1.9097e-05,14307.464525129353
0.0032711,0.035584,13973.126736916693
0.00085313,1.0925e-07,3359.914053140401
0.00060485,0.073255,11010.594290703117
0.0011859,1.4338e-07,29144.10431925585
0.00025366,0.0034293,17781.20766016004
1.2745e-05,1.7268e-08,248.24238228685437
8.8783e-06,1.2249e-08,2492.8001597553857
4.0421e-06,4.5684e-09,3999.737097169446
7.3794e-06,8.8671e-09,381.63597242435935
1.5019e-05,2.0031e-08,228.64999925112542
9.7425e-06,1.3077e-08,218.20362357618006
4.2101e-06,5.5115e-09,90.85966396522281
1.5141e-05,2.0288e-08,896.7204999567974
0.0021063,0.0029723,32048.451932200845
0.0018823,0.00015165,45481.95516256535
0.004776,0.022777,161209.01474849868
0.00040443,1.8747e-06,63631.12475322113
2.1287e-05,1.6196e-06,40488.710339594356
0.0030368,0.0018788,127417.13740801663
0.00086514,0.0039341,18857.678412581517
0.0031301,0.011688,80783.95485661052
7.2269e-05,2.0688e-05,32215.91600396253
7.7022e-05,1.6867e-05,16018.90065405766
3.6194e-07,1.2776e-06,463.1061919590209
1.5713e-06,1.4137e-06,54.97432152305102
2.6799e-05,3.3709e-06,33.06973707888321
2.6952e-05,6.6605e-06,992118.0893826454
2.8689e-05,6.4642e-06,1641704.8119138072
9.6968e-07,2.8047e-05,252818.37170425302
5.1583e-06,0.0001096,133522.43601891404
3.7189e-06,1.7144e-05,8221.788960035938
3.3734e-06,1.434e-05,7364.19347812341
1.1519e-06,1.1687e-05,17520.02021481527
1.8923e-06,2.2415e-05,23997.01011984873
1.8366e-07,9.4374e-06,4008.6835127302033
1.8585e-05,5.117e-06,821.9771284854871
6.7376e-07,3.1483e-05,269767.7673743046
7.4147e-07,6.5693e-06,529146.3280190766
2.1552e-05,4.5876e-06,114921.20850293938
1.1778e-06,2.1347e-06,13654.842147027442
1.4789e-06,4.7168e-06,137589.0060447235
0.0001877,5.0284e-05,1791135.9569146805
3.0187e-07,1.0837e-05,10782.091805155742
8.1634e-07,1.7571e-06,37614.389725382716
3.7854e-07,2.0952e-05,859668.7040286713
6.2142e-07,2.0325e-06,596926.2256676621
5.5577e-07,2.2765e-07,796551.2055495299
2.6228e-07,1.2998e-06,105954.24244534042
4.7978e-07,0.00030922,474118.8414584974
9.994e-05,1.6863e-08,1013440.5250771418
4.2577e-05,2.8246e-09,304692.4776983441
0.00029793,0.005853,904823.6483487242
1.7344e-05,3.1519e-06,164888.29929639384
0.050958,3.8526e-08,1241282.6420093004
0.0016823,0.0099249,5821421.900367724
2.4428e-05,1.2747e-10,235333.05709185285
3.0317e-05,0.0,297435.315774473
4.6271e-05,8.0333e-09,452659.4850238832
3.6854e-05,1.2039e-05,375495.64937358303
8.4431e-05,3.4943e-08,873179.0608543794
8.2257,0.0014467,5887848.044429028
2.5154e-05,4.9876e-05,222932.38897008632
0.38704,0.73943,1241333.1258707598
0.001478,0.01043,167866.5759496045
5.7625e-05,4.7314e-09,561818.4154581309
5.877e-05,1.4237e-08,581725.3633579123
2.2846e-05,3.1531e-10,218672.96451840567
0.0047052,0.12216,896929.3420355185
0.00010069,0.00041583,752736.4061293947
2.4487e-05,7.7642e-07,230957.42623107432
5.3827e-05,0.011415,1180965.673406003
8.9004e-06,5.7904e-08,1570772.2341786916
3.3855e-06,0.0,2436467.6810535626
1.6836e-06,0.0,1960217.4519585678
8.6106e-06,0.0,8140289.028172908
3.2763e-06,0.0,2741816.243960252
3.9409e-05,0.0,13279.246858781033
1.5857e-05,0.0,981.8944316059201
7.8807e-06,0.0,2291.4026367345095
3.7461e-05,0.0,24257.57412250051
2.2007e-06,0.0,707.9147593447965
3.3266e-05,0.0,8463.721994438769
5.1386e-07,0.0,4771.998242803621
2.5985e-07,0.0,2457.178606823315
5.9175e-06,0.0,3645.7771568209905
0.00011635,0.0,911.726007948714
3.1965e-05,0.0,8522.327195707507
0.026953,0.0,1505.5165799984234
0.0,0.0,78238.02555981165
8.9141e-06,3.0136e-07,565162.965368247
2.7562e-05,0.0094802,1064557.800820284
5.1774e-05,0.002603,33729.0691748182
3.49e-05,0.064957,5436956.905662727
0.00040702,0.051681,2326742.21648355
0.019443,0.2832,335461.33746849914
0.0079316,44.779,793589.2578016102
0.13554,8.3194,146445.49232286678
0.055908,21.081,961328.8379347672
0.0091436,7.7726,1050190.9680199618
0.0083256,12.575,1155827.4809830068
0.49726,12.729,-2780.409186226623
0.015431,16.099,569608.0913912847
0.075217,0.0065792,16563615.71173506
0.0010793,0.95507,191028.30609782098
1.9004e-05,1.55e-07,57707.042172937545
0.20882,1.7887e-05,9036052.936688323
0.00060108,0.00015942,2751548.5331673385
73.073,0.94714,174129.35236409836
3404.6,2.3869,1165758.9328563048
400.2,8.5325e-10,2078847.3167799427
0.00049502,0.0,2064599.1701964932
29.287,0.0,10857440.586490868
0.080444,0.69285,1932153.9159786708
0.048969,0.34054,893913.7710773663
3.3699,0.11217,1610593.6619311539
96.425,3.2223,536468.7853748172
0.16139,0.0049138,687401.4965808929
0.0088613,8.3545e-05,1081555.7519663495
2.2493,0.0026344,4195931.152069495
621.84,0.0,2055664.7390125752
834.02,0.0,2391410.1717698644
264.8,0.0,1901880.1049138007
362.49,0.0,1443979.750043039
369.52,0.0,2897923.170616081
251.03,0.0,3611886.283888852
2.0535,0.0,100143.16542308514
2.4631,0.0,23483.987104721844
4.3488,0.0,50014.04334424848
3.1611,0.0,29769.944648261728
3.2953,0.0,49238.97311672596
2.0004,0.0,16705.7217137429
1.377,0.0,27832.894163294943
1.8692,0.0,18729.309140554626
833.2,0.036043,13195124.518729934
0.003007,1.2421e-05,7798540.412107573
10.724,0.00030768,2753416.339013449
2.7087,0.0,666360.6090587486
0.00010132,9.9039e-05,2361481.9423517864
3.5159e-06,0.0,1540458.8121432257
0.76361,2.8416,15890003.822353186
0.0018136,1.2009e-05,3845436.444540216
24.074,0.0011674,9281836.222382436
7.9116,0.00038367,6902386.758485203
0.0,0.0,795905.1859761536
0.0,0.0,1770168.7085158632
0.0,0.0,987176.2874805051
1.3974,0.0,43096036.89574698
1.9078,0.0,64431252.69875038
0.12576,0.00010569,63808974.02928631
0.072531,0.00053633,2106428.6697101793
0.038472,0.00039561,1318506.611207966
0.039524,0.00072408,1076329.2162949478
0.07514,2.2356e-08,91515.99978369924
0.029305,3.3915e-05,6514657.276323544
0.0045767,5.9989e-05,2969645.8401525994
24.922,2.5023e-05,600987.3030143155
0.0039475,0.0,21575730.352004178
0.0012369,0.0025008,2869048.776087578
0.033416,0.00039065,27778905.236231726
0.0006255,9.4965e-07,2257804.210022929
0.0013331,0.30352,27905177.67631178
1576.8,4.9599e-05,37729695.485828534
1.1314,1.6764e-05,7468429.013513374
0.1624,2.3989e-05,16034117.448152049
0.0,0.0,129023800.00000021
0.00043408,0.0,78589262.6008218
297.99,0.0,43941551.52660019
0.00092478,3.5062e-05,4089977.740203278
372.17,0.0,12648552.156823829
3.3248e-07,5.0458e-05,1817.4205363401438
4.7873e-07,4.3865e-05,4655.015231557082
5.3916e-07,5.1106e-05,2112.9797778721213
4.4071e-07,6.4459e-06,808.9374650379046
5.0278e-05,6.1545e-06,6831.059031533962
4.5791e-07,1.8637e-05,27138.156799458433
3.1092e-07,4.5452e-05,1732.8266812891118
3.308e-07,4.2023e-05,1809.559283260632
4.5777e-07,4.909e-05,2038.9591115094825
8.1795e-08,3.6867e-06,223.07621265668547
1.7351e-07,1.1623e-05,4797.278530633735
8.3081e-08,2.4989e-06,9955.4980005526
3.3522e-07,3.8108e-05,1585.3743260068052
1.0555e-06,1.6635e-06,11274.385983195845
8.1379e-07,3.2321e-05,13058.13182989573
5.3897e-07,5.1379e-05,2115.282055260339
1.6473e-07,5.0782e-06,354.6666768936739
6.0528e-07,5.8686e-05,2376.812511849378
5.7291e-07,6.9186e-05,2938.2105746963393
6.1177e-07,7.9662e-05,3294.620874430925
1.325e-06,3.6703e-05,6052.960014340407
9.1582e-07,0.00022208,6128.536591665298
1.0007e-06,0.00022831,1949.9661427053052
5.8968e-06,1.7312e-05,397575.49683364807
3.5071e-06,1.2926e-05,366471.018757572
9.8975e-06,4.0449e-06,31974.078734263312
1.0856e-05,4.1706e-06,29064.263449089074
9.4473e-06,5.6995e-07,21483.518222932205
8.5087e-06,5.1177e-07,7730.9218163756805
7.6162e-06,4.5698e-07,5950.160179907428
1.145e-05,8.5339e-08,412.7564909981384
6.9187e-06,4.2425e-07,11656.236767349259
8.0416e-06,5.0666e-07,14516.972359642019
7.5872e-06,4.552e-07,6324.155192098598
7.5799e-06,4.5512e-07,6350.188199932775
1.0862e-05,6.8859e-07,24485.400228059763
2.3505e-06,9.4315e-07,190540.48358333678
2.4341e-06,8.9782e-07,108451.65095635472
7.3754e-06,4.3614e-07,5590.443836955667
0.011377,3.327e-06,6293.891351872701
2.0793e-08,2.1882e-07,5092.53278469197
8.3191e-07,4.0633e-06,2452.9979609556294
5.1465e-08,4.3935e-07,6194.268433254103
1.1647e-08,1.6923e-07,7037.948692118121
4.9455e-07,5.4426e-07,7572.180392914736
7.4998e-08,1.5652e-06,7699.34880121985
5.3694e-08,3.6407e-06,5498.738638731103
9.4879e-08,5.5135e-07,3819.9887345479615
2.2597e-07,1.6012e-06,1051.9637080273983
4.7808e-07,1.268e-06,4170.967935364267
9.2234e-08,1.716e-06,15639.50426152273
1.2794e-06,1.6756e-06,10442.997545676302
7.7944e-08,1.1598e-06,4642.336406209632
1.0184e-07,1.9705e-07,20506.247887503996
1.1879e-07,1.4667e-06,30923.69105663553
1.2263e-06,1.0118e-05,5528.010207425157
3.3642e-06,8.9012e-07,61760.98315775726
2.7771e-07,1.6947e-07,4721.022429008787
2.7712e-06,4.4394e-07,390.6118945802539
8.3637e-05,2.8447e-06,10969.540138139555
7.4896e-05,8.0588e-07,3394.7617783262317
0.00024409,2.0057e-07,27252.423743455034
0.00022342,1.873e-07,27960.487223345386
7.2778e-06,7.9238e-08,1579.715697647843
1.0988e-06,7.3362e-08,267.1283167592958
1.2697e-06,6.3029e-08,257.3770960374956
2.1529e-06,6.2049e-08,37.219146650716816
2.3478e-06,9.6228e-08,258.3799438582018
2.4327e-05,5.7873e-07,10190.896109204507
4.2363e-06,1.16e-07,560.4486924824558
0.00017091,6.2579e-06,4265.426019942496
0.0001596,6.4695e-06,3835.031509096382
0.00015151,1.3421e-08,419.1773991673595
1.2206e-05,5.9127e-09,40.15724806094295
2.135e-05,1.2817e-08,99.97311431415967
0.00077915,3.9695e-08,1802.2319354879978
5.0197e-05,3.7333e-08,205.46310697242956
0.00098832,1.8342e-06,1119.5947601600674
3.4075e-05,2.5496e-08,451.13742236095356
0.00012108,9.0987e-08,130.60012707394787
0.00041168,3.0008e-07,2612.9722993865844
2.0309e-05,1.5186e-08,135.3326858493462
2.9955e-05,2.2375e-08,170.9416409984756
5.7691e-05,4.3294e-08,70.86063525886709
8.1409e-05,2.7841e-06,8939.294705877093
2.4777e-05,3.4121e-06,10071.502800879047
6.1964e-05,6.6483e-06,13595.722680951772
2.7414e-05,9.5139e-09,458.0006337530709
1.3134e-06,5.2718e-07,2791.407518352703
3.9739e-06,8.1644e-08,14542.83280971469
9.4821e-05,9.7834e-06,18564.424288037568
1.5647e-05,4.681e-07,22269.814475193216
0.00012412,2.4815e-05,267127.99465687235
0.00012049,3.4862e-05,238204.57760023104
5.0032e-07,1.2747e-05,50908.514967877454
5.4946e-06,4.1838e-06,58773.09267233373
5.0176e-06,2.8415e-06,126969.83889222557
0.00010668,5.4406e-06,102402.66207318965
0.00012473,8.7663e-06,157099.4858025071
1.2544e-06,5.8173e-06,250072.60170391217
2.0718e-05,1.3106e-05,51609.63519313742
1.4898e-05,7.4498e-06,34186.47594893101
8.7057e-06,4.5953e-06,20680.499733765548
3.7015e-06,1.5107e-05,54344.094477484396
7.1784e-06,6.8366e-06,80585.64364674337
7.5745e-07,7.5292e-06,46057.09428484333
5.3433e-05,1.011e-05,16579.826200908625
3.7962e-07,3.1803e-06,76653.57256360489
7.2212e-07,3.3465e-06,45936.27575126118
3.6422e-05,8.1245e-07,68725.89845721706
3.0293e-06,2.2393e-06,26890.58096877477
2.071e-06,1.9983e-06,80126.70860466453
0.00029813,3.0924e-06,117626.19202262876
5.7717e-07,1.0186e-05,108284.42140120723
1.1291e-06,1.1605e-06,41561.652372707555
2.4092e-06,2.0284e-05,128886.96687787508
1.1983e-06,2.9309e-06,78042.56734548922
2.4863e-06,6.0589e-07,50524.7157568571
3.9065e-07,1.6827e-06,66235.65029124545
1.683e-07,0.00010514,437947.59908449213
0.0022172,1.8055e-08,45329.21260232919
0.00091885,3.8595e-08,125683.52191330305
0.00024674,3.0342e-06,267668.9174834573
0.0097525,0.010396,407135.98652097647
0.21747,2.8612e-08,809259.5306091213
0.0055936,0.001098,1038540.6129956527
0.00016865,3.9306e-08,27536.228696197126
0.00059247,5.4162e-08,125612.97271149566
0.003016,3.9428e-08,122780.57181910051
0.00015318,3.8585e-08,427921.1121453001
0.00055167,2.0265e-05,26010.173549436957
0.0015428,0.0015118,234342.4537191481
0.00050151,4.0842e-08,187613.59364510255
0.055856,0.0021441,51144.83727171553
0.0012314,3.7077e-05,43815.936952285054
0.00031503,2.382e-08,267854.44265841035
0.00021566,2.2491e-09,3690.223464132283
0.00088941,3.6975e-08,60476.927060580274
0.0007921,4.9466e-09,13314.197165163429
0.0040095,5.4655e-05,68831.18035527482
0.0057962,0.0013518,117177.58448084304
0.052243,0.016482,326245.5430683661
0.00045634,4.2883e-09,84555.31691753371
0.00040899,0.0,15447.504028178575
9.2217e-05,0.0,526.3236988155104
6.0494e-05,0.0,115.31995257957902
0.00022428,0.0,1411.2984550065337
0.003046,0.0,3224.62924962371
0.009779,0.0,11824.391628926203
0.023609,0.0,12648.048190325575
0.0011445,0.0,34195.52754568491
0.019789,0.0,5506.203976763067
0.019439,0.0,3143.5333218361775
0.0084647,0.0,10612.55016489297
0.013798,0.0,10363.952624305006
0.008803,0.0,3330.8002755274165
0.043694,9.1917e-06,17613.94903331794
0.032601,0.0,35435.33685946549
319.15,0.0002252,4191.793226016344
2.879,0.0,101624.72487630935
1.9293e-05,3.0996e-08,160734.84527163955
4.5965e-05,4.5519e-09,30057.769632269043
4.6276e-05,2.2173e-08,57074.936553425316
7.2708e-06,8.5732e-09,73177.5667967037
0.00033274,9.8564e-05,35736.802972001475
0.04921,1.8136,399469.8578719299
0.00023137,0.044647,408045.436804354
0.00037028,0.0021412,105764.0701112635
4.3144e-05,0.00014099,92328.13417362887
0.046179,0.96103,150926.03974042716
0.068451,3.35,336153.6351380191
0.0009971,1.7022e-07,124707.36770007337
7.9196e-05,0.0013235,237941.42951102825
0.0062738,0.03691,457448.0974862486
0.006124,0.21278,138805.8580221953
0.00010319,0.00025176,213786.45341573158
1.4791,0.033881,381047.460439152
0.037004,0.17209,386171.0015181833
0.021287,0.0046785,117907.44761438818
0.21853,0.10038,20862.76553867601
0.076352,0.00012542,34035.52452680374
0.0028378,0.0,32545.59092662186
2.2349,0.0,141386.77637045624
0.00018004,7.0563e-09,54191.19794290023
0.00083924,1.5618e-05,45164.26327584808
0.00054114,1.1095e-08,28542.27381847974
4.2684,0.12042,15480.912543287455
0.00036297,1.4829e-06,16934.237702300074
0.31102,0.056975,47865.31757400494
0.032426,4.4364e-05,91068.86852571683
0.20839,0.0,20922.515312578253
0.048406,0.0,117152.26691097047
0.1424,0.0,43785.83242689944
0.14431,0.0,11231.789790324905
4.7399,0.0,101290.76599240111
0.18448,0.0,61502.49114301574
0.75678,0.0,39109.18697613374
3.1965e-08,0.0,766.8352105518934
1.1096e-07,0.0,348.12535889169334
2.5175e-07,0.0,3904.901067654275
1.8201e-08,0.0,85.37786328346742
5.3958e-08,0.0,199.28791584649613
2.3155e-08,0.0,886.5641181679936
7.9597e-09,0.0,67.68370720575315
1.8264,0.0,334176.1778234252
0.011207,0.0013771,15702.387842640099
2.3904e-05,0.0,3655.389503958132
0.0018781,0.0,210227.67786849622
0.00028142,1.4855e-07,5558.466560832035
0.17712,0.0,2378.4742359371053
6.3079e-05,6.8136e-05,76169.62995126624
0.0078624,1.6584e-06,151115.84586286236
47.013,0.000342,87690.33436476119
24.722,0.0043944,257461.43944885742
1.826e-05,0.0,161074.84746374743
2.7352e-05,0.0,196074.75026533369
0.71112,0.0,58861.86333272904
1.0394,0.0,1527128.1230721844
1.172,0.0,1819920.8413167156
0.018723,8.2413e-05,3428399.670215989
1.8997,0.017764,213751.50277931828
2.6847,0.010182,27521.152514886082
1.1788,0.016907,138535.8647145257
0.00011652,0.0,34266.21215363197
42.817,0.039662,47263.8280414722
123.45,0.057977,56384.12562172252
0.2823,0.0,13020.031825376207
0.89888,8.6057e-06,645439.7560174721
7.737,0.0043012,72514.6002985022
64.838,0.14384,1134206.8338946234
6.9438,2.1167e-05,86429.94409962278
0.0040105,0.0016578,334420.6778857201
0.83136,0.13935,2114107.43995812
0.0014605,0.054625,1964772.8322079212
0.026962,0.020229,147112.2754966295
3.2896,0.0,2805248.880027784
0.031051,0.0,1331804.5043381904
9.9976,0.0,894181.8484888816
0.085717,0.00014105,54215.18548849887
5.0972,0.0,161217.9334602435
6.9877e-05,3.0527e-10,17831.769172066954
9.6236e-05,2.6127e-10,45967.923175844844
2.4648e-05,4.5031e-06,997.237201815377
7.5614e-05,6.5276e-06,10761.560252023888
0.53342,6.5203e-08,26979.87825901064
0.012414,1.8848e-05,9885.010549216046
7.9851e-06,0.0,-24.514459239701225
1.2116e-05,4.8205e-08,1913.5679097164948
3.8182e-05,2.0993e-10,1609.7305251556086
6.8234e-06,0.0,-26.93200497467324
2.919e-05,3.0299e-05,1162.5715028599816
0.0087394,9.0032e-05,10161.959705849407
0.00023226,0.0013716,2765.1666112409107
446.02,3.0475e-06,16307.461879415367
9.0968e-05,8.9617e-05,588.3637812236879
2.4192e-06,0.0,1656.3446745503518
1.4265e-06,1.5311e-10,-209.92606740421724
1.2171e-05,0.0,983.3387375817227
4.5507e-06,2.3528e-10,34751.491353037796
0.00060201,0.0025548,-1888.3289154463905
0.36416,6.3019e-07,7624.500902517462
0.057869,0.0039545,100604.42358793884
7.9904e-06,0.033097,27311.032373610968
0.0,0.0,68174.80049153113
0.0,0.0,24976.944867281938
0.0,0.0,73129.1746465248
0.0,0.0,138940.41457175408
0.0,0.0,18970.23663893961
0.0,0.0,417.77928980156327
0.0,0.0,12562.883473962236
0.0,0.0,130204.86587254677
0.0,0.0,16535.415162281555
0.0,0.0,9828.166291464999
0.0,0.0,8177.297261451017
0.0,0.0,300.4079573093808
0.0,0.0,158120.6388063929
0.0,0.0,48737.68275449192
0.0,0.0,88933.07638710897
0.0,0.0,62481.144803408606
0.0,0.0,213498.4680025872
0.00023946,0.007708,96550.7254598432
0.0011526,0.04293,47560.1274542443
0.006107,0.2298,174548.0952304866
1.6467,0.0010342,135083.715499624
0.08348,0.063103,139984.4697870758
376.19,0.0030391,192043.7132208043
577.41,0.0089833,186805.16472483802
0.010307,2.1461e-05,51656.21546934297
0.00092856,0.00038444,118613.24314986843
0.068043,0.00025126,372426.2646345875
140.31,0.0025515,568618.5114852311
921.7,5.9496e-05,208932.36130929794
486.82,0.00044513,101076.6491062092
6016.9,0.00027231,1592211.0658504318
69.744,0.0006221,2416419.8031678894
13297.0,8.5276e-05,947118.3072606499
380.26,0.0025688,488924.2561943879
0.0028095,4.3682e-05,419015.32003915
0.06141,9.9493e-06,23746.25850990677
0.93398,0.00080597,263062.986971593
0.99114,2.4759e-05,213251.90285052895
0.023115,2.2747e-09,1485905.6699919517
0.024035,4.2038e-05,10307319.779317483
0.0041052,0.00049356,665481.6112036164
0.081459,0.80411,533531.8289448223
1662.9,22.392,534693.8961398985
0.24807,0.0032787,326528.1749687532
0.019867,0.0001611,932481.1852356946
1.3798,0.0026005,8491970.72610461
12.333,3.6902e-05,3447258.0830434654
3.2496,0.0011999,175890.03129935317
0.22466,0.00079797,272640.19821539574
0.062591,0.12121,6006.87060414854
0.0073087,0.00012148,26808.935953923865
0.0080298,0.0067759,8010.606493818676
0.0087475,0.00028518,129947.31043940368
0.01767,0.0,48640.46707170473
14.314,0.0,38763.69268801188
7.0344,0.0,16602.557695146214
0.00084464,0.0,18614.53744822155
0.10086,0.0,12613.783383287231
0.79293,0.0,16339.145220616367
0.0048399,0.0,9940.087901582743
1.0378,0.0,12127.544879231842
829.46,0.0084511,885235.0891447018
61.66,0.0018021,14469162.893841045
151.49,0.00022582,1069261.1203806135
163.47,8.3585e-05,12136486.437622035
0.00018646,2.4703e-05,1134929.1621702577
311.49,0.016405,49194240.62786334
3.3507,0.012184,1786348.2713589526
25.244,0.0050337,8759000.722512031
0.0054601,3.2463e-05,957404.1721095424
0.011918,4.8133e-05,239140.75323305084
3.0974e-06,3.8237e-06,148117.05333534422
1.8882e-05,2.5238e-06,343414.72207406024
0.061789,0.0032201,482022.50728683
2.3894e-05,1.1714e-06,22554000.696174838
2.0263e-05,1.6214e-06,7049036.605185626
0.00025665,2.2728e-05,69894569.35395825
0.00096972,2.1853e-05,2300636.2532936432
0.00071406,1.1315e-05,1098749.1453715863
0.00090288,3.9207e-05,636306.9583486642
0.0015595,9.2345e-05,37407681.55376361
0.003739,6.7579e-05,8925302.891096793
5.1519e-05,0.00029502,4574632.456729685
0.0025061,0.00010093,350984.614997328
2.4816e-05,3.0114e-05,13040845.881710354
4.0763e-06,8.8082e-05,6214936.965324024
0.028525,0.00016513,6587211.355221962
0.059735,0.00058459,35856714.67222428
0.0014464,0.0027332,40494599.26620832
0.0032599,0.00015158,31668592.967692677
3.615e-05,1.7136e-05,12448312.835324187
1.7366e-05,1.4834e-05,2299358.7662016014
3.1171e-06,6.9055e-07,29128427.987792145
1.258e-06,8.569e-06,13601552.97264557
2.6513e-07,1.7014e-06,14335439.709347459
4.2073e-07,5.6759e-06,6658277.664136605
3.7615e-06,2.2895e-06,5287634.843892288
1.3529e-06,2.7948e-07,1971.5737311097882
1.0362e-06,1.0596e-07,488.99547062170757
2.8642e-06,9.6547e-07,4129.443708472456
2.3504e-06,5.3465e-06,35537.07327298575
0.00043566,4.6866e-06,257002.24695574943
6.067e-06,2.448e-06,430318.7104841797
3.6595e-07,4.7811e-06,9047.743254759187
3.3176e-06,1.1042e-06,4792.095776511751
1.3608e-06,1.3189e-07,1924.0667016764999
1.677e-06,1.4568e-06,32314.918109509836
4.9015e-07,9.2017e-08,986.7686837592288
3.4211e-06,0.008695,42167.093852084756
2.7251e-05,1.81,49758.50439713043
0.13261,0.34341,293723.7339507485
3.0254e-06,0.00029366,1041.9113991044426
6.1096e-07,1.2335e-05,35089.06760586578
4.3122e-07,1.458e-07,601.4639204530289
3.0551e-07,8.493e-06,4802.239391547757
3.631e-06,2.6352e-06,7515.82328210596
2.112e-06,3.8252e-07,3224.4039707338134
8.1946e-06,1.8451e-05,28509.40543114522
1.4759e-06,1.5645e-05,62888.12679495936
2.3772e-06,1.1223e-05,9492.94876743046
2.3434e-06,4.0889e-07,10885.046663663692
1.6802e-06,6.1704e-07,216729.75687379058
1.0378e-06,2.4042e-08,2620.7125645052597
9.2614e-07,4.2884e-08,2341.9189680955897
1.0398e-05,5.6993e-08,286.23152501440296
1.9251e-06,2.4788e-08,10.068983698335336
3.8719e-06,6.378e-08,1226.4854996223012
4.0614e-06,1.7001e-08,154.20880124114854
2.4698e-05,5.7171e-08,383.53186758841036
1.9811e-05,3.6507e-08,328.7107460851962
5.6386e-06,1.2681e-08,285.62470491938905
7.0364e-06,1.6904e-08,156.6998738542536
1.562e-05,8.2217e-08,2242.8226630274457
0.00015495,0.059293,839.8232349217942
3.2027e-05,3.7773e-07,1956.4969127518127
3.3058e-05,7.8022e-08,623.5915301301013
0.0053334,1.4958e-07,575.017179486079
4.4467e-07,1.9979e-07,6959.549477775036
4.03e-07,5.1541e-07,2771.5326725946634
5.0557e-07,4.54e-07,4881.202199014381
5.6796e-07,3.0139e-07,9382.394799692842
7.3589e-07,5.583e-07,25551.35360349271
7.2638e-05,0.38434,36045.54642046796
0.00020966,2.9045,10742.033195410744
7.8955e-06,0.05028,4195.665234375105
7.2257e-06,1.5993e-06,24501.09009863061
0.0001255,0.029586,44027.233874400255
8.3435e-05,0.51319,19547.800092655936
1.3619e-05,2.4556e-06,11235.464942621176
4.4659e-05,0.38032,15879.467237134191
8.3644e-05,0.053876,19005.281686888262
0.0013962,16.45,32420.204963137658
2.8479e-06,1.7282e-06,64853.293587515
1.9663e-05,8.0131e-05,303116.0829889397
1.8683e-06,4.4279e-06,83816.38424044302
5.6816e-05,0.22565,3115.280339373635
8.6585e-05,6.4444e-05,3098.5721260890327
3.6531e-05,3.3992e-05,19860.429362718492
4.5514e-05,5.6613e-09,4673.442942014666
0.00020846,1.3119e-08,39078.49760227777
7.2943e-06,5.4752e-08,1766.4137843277913
2.5794e-05,3.18e-07,9635.692746314346
0.043651,0.4793,6609.8065123682045
2.3286e-05,1.967e-05,12216.275310485154
7.6061e-05,0.00057111,6371.106680416254
2.362e-05,5.4405e-06,11549.513790581981
3.0863e-05,4.2071e-07,6637.174157264044
8.7585e-05,9.0542e-06,1693.1079431331746
0.00023477,0.00026284,3847.843292031217
0.00048492,0.01073,1957.1997158444742
0.0013751,0.12523,2277.8094799172004
6.9658e-05,0.00025205,7853.556829794063
0.0013748,0.024588,3383.8150302789927
22.357,0.030967,741.1108067305943
7.3701e-06,8.6035e-09,3214.939145154279
212.53,0.29438,900.5841046817555
4.9769e-06,6.0927e-09,68.19461808762726
7.3088e-06,7.744e-09,1217.7271422339315
1.6976e-05,2.1216e-08,708.5376907483628
4.4233e-06,4.566e-09,212.07613043138082
0.32738,0.00045346,32.93892588415349
0.0056131,0.0046411,30207.131958802966
0.0026419,0.00049042,6692.477739039099
0.00023099,0.00057665,22116.117904083167
0.0001884,2.4424e-07,-175.44544099994062
4.7623e-06,2.7755e-07,6955.103282860101
0.00018541,6.9469e-06,27911.072576361123
0.00022539,0.00051791,5310.452304477331
3.2966e-05,2.0869e-05,14038.622563156729
4.0792e-06,1.2292e-06,30490.764167145866
1.5948e-05,3.9305e-06,4698.009700112956
3.4859e-06,2.4897e-05,54739.34678271759
4.7726e-07,2.8705e-07,57632.38041010739
0.10158,0.038678,1662.3008644564825
7.1278e-06,9.8972e-07,178554.8280746412
5.823e-06,7.4237e-07,320423.6294699879
2.7871e-07,1.7582e-06,81049.53087210443
9.2783e-07,3.8046e-05,163848.30296897507
1.7108e-06,4.0777e-06,4058.866149675444
1.1448e-06,7.3814e-06,8926.989521092639
6.0882e-07,7.0393e-06,14567.493135936062
1.651e-06,1.4912e-05,25178.374226192725
9.5508e-08,3.499e-06,63438.548704771405
6.2593e-06,1.3555e-06,782.4715075985044
7.9078e-07,2.7669e-06,534136.7556279475
6.954e-08,6.5535e-07,50300.121241831854
7.5899e-06,8.3006e-07,46223.84517590554
3.5226e-07,7.2858e-07,39118.007995161795
2.3969e-06,7.8414e-07,76300.26540480887
7.9062e-05,3.9362e-06,161565.02079460086
2.357e-07,1.7172e-06,39335.721098092086
5.4297e-07,1.6071e-07,19941.275528531907
1.2574e-06,3.3521e-06,275882.51000151265
2.1564e-07,3.0407e-07,415787.5755857542
1.2968e-07,6.2092e-08,343657.6481744071
7.6757e-08,9.2074e-08,103469.73517083931
8.0784e-08,5.4055e-05,318047.2528430045
2.17e-06,1.555e-06,3191.8496341026867
2.8739e-05,1.6171,24483.957574379947
8.9184e-06,1.299e-05,13937.955592038898
7.9199e-06,3.6376e-06,12623.371947566615
0.0076754,6.9968e-05,83951.98810869404
0.00023141,8.3544,787343.7295985289
6.1519e-06,6.8434e-06,9049.915296322359
6.808e-06,5.1855e-06,11782.836553757123
1.3628e-05,1.3228e-06,20850.775087273105
5.5559e-06,6.9559e-05,59108.68127914791
2.5714e-06,3.4172e-07,4123.72408547709
0.00042565,67.63,156474.7773038472
1.6141e-05,0.43822,250074.53311943973
0.00026883,3.214,91804.4954510652
0.0015878,44.545,108553.90886712552
6.5404e-06,8.2554e-05,332254.18816545827
5.024e-06,4.7495e-05,68487.64850891134
6.4011e-06,8.2886e-05,503251.9192801063
4.2975e-05,4.9608,252209.23962881352
1.6507e-05,0.0090839,25889.74245572111
0.00027712,8.3546,160684.20555130535
6.2621e-05,2.0058e-05,49601.01561796075
4.5243e-05,9.629e-05,39445.866434687465
8.5357e-06,2.2322e-06,42399.88125385516
8.6379e-06,2.2909e-06,28067.7810208999
4.9061e-06,5.5663e-07,11970.908026124793
4.5735e-06,2.2492e-06,14433.836556593182
4.9317e-06,8.3754e-08,54.36013786572266
8.7755e-06,1.7153e-07,68.25498284409534
7.7068e-06,4.0157e-08,100.64340887842249
8.4784e-06,3.2034e-08,125.20900371297705
1.2446e-05,7.2547e-08,517.4535683569551
1.3244e-05,2.8638e-08,294.17947657962134
6.4674e-06,2.7445e-08,103.32815012137458
1.7539e-05,2.8694e-08,344.89333887739036
1.5687e-05,3.9963e-07,4792.788135477398
1.5157e-05,1.1953e-07,494.1900227958115
2.1334e-05,1.3886e-07,466.56062116890587
1.9444e-05,2.2783e-07,471.9095766428326
0.0081746,3.4695e-07,1058.9393182653648
3.7667e-06,5.0334e-06,206000.22260656772
1.3539e-06,4.149e-08,3132.088958493042
3.2834e-06,2.5756e-06,8735.216910577512
2.2331e-06,9.1082e-06,655807.074536444
0.00017525,0.075299,11996.819001865431
6.0434,0.083471,45455.86979918705
0.00067369,69.246,823598.1225586033
0.00019755,1.5615,11907.086625328518
0.00015233,0.1312,147403.75047034648
6.7955e-05,0.054035,22289.660288117084
354.54,0.19961,428747.3936523097
4.4211e-05,8.6957e-06,104441.90643650356
0.00014655,3.1272,73473.97310552943
0.0019385,5.7006,1166428.3150319625
15.719,0.0047159,537790.0126322067
0.0066943,131.72,67129.58627304657
542.41,0.12247,1096678.6734801757
0.0017204,9.8349e-06,127776.1065002621
0.00056036,0.065212,163622.8126228007
0.0090502,0.0019477,112808.95659032771
0.00026098,6.6847e-05,32698.990878337678
0.00016423,4.7522e-08,17321.334330885973
0.00033481,0.0030945,432506.0017575039
3.6924e-05,0.091159,96500.2269477571
0.00011063,0.031158,458456.84558515396
3.8621e-05,5.8904e-07,28070.925982675537
4.7065e-05,0.00018507,11409.334126211674
0.00093133,0.0095632,7140.2093165755205
0.056451,0.013208,169666.28208847516
0.08197,8.618e-05,99558.58577748736
0.0013643,0.00099093,106394.67438495418
0.15222,0.00021927,96343.78029445688
0.0017361,0.0018826,238133.79195397854
0.040889,0.0039599,3866.4236237446617
0.0042099,0.0078103,151493.15735346646
0.0028488,0.92576,175928.80833343646
0.15248,0.00020436,657.7769464012443
1.517,0.0020332,2141.838800059335
17.44,0.023374,1477.0649166338237
3.5304e-05,4.2288e-08,123.88713700135261
0.46442,0.00062244,4417.780831085093
1.5219e-05,1.5463e-08,764.8009723220239
242.58,0.32513,105.55089376552166
8.5476e-05,1.0897e-07,849.791009412295
0.68988,5.308e-05,32500.304749637013
3.4052,3.2348e-05,1014831.2929789901
0.49873,0.049235,786308.1319649676
0.019144,7.0412e-06,1012374.820134693
3.4006e-06,1.393e-06,5573.9914375829885
4.436,1.6386e-06,415615.7661041364
0.059901,0.00038736,1147166.7625827212
0.0038491,3.2819e-05,83742.91578427104
2.6578e-05,8.1489e-05,644041.8868899203
4.2267e-05,6.8049e-05,198711.39967656048
2.9894e-07,9.6182e-07,55.27892097799704
2.9213e-06,1.6116e-06,163072.2484257775
0.023277,0.0044965,33103.031972474586
7.6079e-05,1.3163e-05,1370945.8740239483
3.9414e-05,1.2068e-05,1738815.399022238
1.6158e-06,6.8724e-05,273164.0137796147
6.2508e-06,7.0469e-05,39485.1894095238
6.3274e-06,4.3101e-05,14224.741561530074
8.5266e-06,8.872e-05,35873.31774693239
4.9516e-06,7.6814e-05,75281.17049271998
1.2033e-05,0.00013497,138249.49634363098
1.7426e-06,9.4902e-05,37487.203034814105
6.0994e-05,2.6e-05,2652.218728585777
3.7025e-06,8.2912e-05,3684540.083463986
2.2415e-06,2.1845e-05,421950.10329864715
5.578e-05,1.1751e-05,818826.0991238127
9.6474e-06,8.1248e-06,332474.74658655596
1.5598e-06,7.8213e-06,55508.86093038978
4.455e-05,9.1133e-05,2809758.630916541
8.268e-07,4.3329e-05,31006.391463771724
1.0542e-06,2.6924e-06,147775.1654102843
4.6252e-07,1.5438e-05,2635061.1724110106
5.5126e-07,2.4788e-06,1209359.3479018288
1.0376e-06,4.3988e-07,2494693.5716968277
4.2455e-07,2.5515e-06,194674.16384839098
8.3001e-07,0.00058962,488295.3391362983
1.5243e-06,1.6557e-07,2160.638175923541
3.1619e-06,2.3575e-07,2319.130645582925
4.2661e-06,1.7315e-06,10303.325087839086
7.8913e-06,3.7987e-06,15855.493966616927
2.6856e-05,1.8542e-07,7120.690110631833
9.1966e-06,1.206e-06,25071.69848858986
2.3741e-07,3.7502e-08,231.57651770952828
6.093e-07,1.3194e-07,881.2071574496794
8.2674e-07,9.8977e-08,1142.9463945009284
5.2998e-07,2.3201e-08,643.8048512037832
1.5279e-06,1.5491e-08,2187.384621795214
4.5854e-06,0.0017007,35432.828023150265
9.5184e-07,0.0005075,2603.792730227202
1.8494e-05,0.0014012,15771.680135473236
4.4082e-05,0.18827,2819.19184949627
9.7552e-06,8.7235e-06,19280.265475506716
8.609e-06,2.2708e-05,14517.789603299949
2.6736e-07,5.1043e-07,419.3189543139504
1.8595e-06,5.709e-08,2902.2516567470298
3.2173e-06,1.757e-06,18616.16204163095
5.7738e-06,0.13105,5345509.212725899
3.0216e-06,7.6758e-06,8681.801646385145
2.1821e-06,5.6814e-06,11255.475111872784
7.0044e-06,2.8825e-07,18179.198670444854
1.7784e-06,2.7235e-08,4145.403882253657
2.2729e-06,2.4893e-08,5314.509824862197
4.1138e-06,5.0534e-08,10294.322517715249
3.61e-06,1.0935e-08,-73.71251074159092
6.5266e-06,7.5585e-09,-80.719513871958
8.2e-06,6.8217e-09,-63.73787561473941
3.8754e-06,4.2409e-09,-43.968708103596285
8.975e-06,6.3524e-09,-71.6304948288111
5.03e-06,1.8225e-09,-710.527786766137
9.5231e-06,6.2511e-09,-58.170036536265265
1.9459e-06,2.6639e-09,-63.74998232307242
2.9979e-06,6.5634e-09,12.31271434211554
5.5466e-06,1.3919e-08,-14.461724867237992
5.0788e-06,5.7861e-09,-28.83372536964178
1.3243e-05,4.8136e-09,-91.78435921961024
0.0098896,3.2828e-08,-277.0529529989557
3.958e-06,8.9384e-08,43984.04644217294
4.9003e-06,6.3662e-08,11891.66844345226
1.6329e-06,6.0346e-08,37081.504932475276
1.0858e-06,5.4787e-08,17088.773341276028
1.9188e-05,4.3847e-08,33246.008871521364
5.0375e-05,0.1365,51963.91953496393
4.5808e-06,1.3869e-06,15017.17239314529
5.7439e-06,8.0577e-08,11174.239443676975
1.2344e-05,0.0033812,18504.638154687003
8.7531e-06,0.0025017,8910.839183754848
5.1511e-06,0.0056331,17225.840565213563
1.0298e-05,1.0678e-07,32709.890227629436
1.9494e-05,0.10784,11638.400870011592
7.0904e-06,1.9178e-07,159208.06079277085
1.9238e-06,0.019636,195945.32542024413
3.872e-06,4.0919e-08,9832.649540000662
1.334e-05,0.00012712,91865.23244029308
2.9866e-06,1.7717e-07,52712.9479180712
1.0854e-05,0.016656,-36312.51290035756
0.00010887,0.0013025,11705.986254087078
3.9904e-05,1.0613e-07,1949.992094703151
0.00010569,4.8167e-09,32360.07622539306
0.00016614,6.3807e-09,-11237.180009949125
2.2926e-05,2.5592e-08,11340.461524943961
0.0046269,4.3492,14798.971447744165
2.6929e-05,3.7556e-08,5866.863412994554
1.6532e-05,1.6173e-08,-768.1015672427915
0.075199,1.1019,11674.649384300072
2.4939e-05,1.1264e-05,12796.397887630757
3.2468e-05,1.3172e-05,8152.805069916094
0.00026044,2.1121e-05,5448.652618560389
0.00071753,0.0052427,18055.020667235938
0.00083614,0.084091,956.8854630402456
0.00093838,0.057234,1361.71741803355
0.0026566,0.015734,6960.074629076788
0.00049001,0.01093,1496.537294970474
0.8956,0.0016554,-43.66884689107853
8.1077e-06,8.1889e-09,2162.4579428777165
4.0331e-06,3.4152e-09,764.2748842693555
8.021e-06,9.7715e-09,108075.59314013974
5.2728e-06,4.1243e-09,9431.822150938187
1.845e-06,1.2229e-09,-0.8738766727089881
1.7045e-06,1.2399e-09,-19.83683281415125
3.1175e-06,2.4721e-09,104.13136656963617
0.0011993,0.0021042,24239.558507765625
0.0028514,0.0029922,17393.62788727578
0.0017589,0.017043,40793.93440783033
0.0012283,3.4805e-05,166544.2818061662
1.1793e-05,2.8879e-07,16843.526461820904
8.0742e-05,3.5765e-05,201508.25345696794
0.00071852,0.0011347,457883.9318543069
2.2906e-05,1.1532e-05,28639.160397918313
5.9856e-05,3.0992e-06,8861.968679550446
8.4501e-05,3.3501e-06,12441.12350133945
3.3312e-07,2.0962e-07,58.134544157333444
5.3643e-07,2.962e-07,5832.898461900044
2.0091e-06,1.9158e-06,1385.8486181328014
1.6044e-05,9.9963e-07,202244.35697601692
2.0939e-05,1.3307e-06,339160.3407380667
1.0759e-06,1.3598e-05,957864.0323037704
4.2244e-06,3.8108e-06,8734.969810703407
4.9019e-06,4.3031e-06,10222.092207678394
5.176e-06,4.4553e-06,10838.507228184279
3.0748e-06,5.9103e-06,42062.42750007308
3.0669e-06,3.4363e-06,32066.06575532462
1.2893e-07,3.7037e-06,2969.6382818260654
3.3785e-05,1.6742e-06,1404.707681024228
3.4561e-07,2.6507e-06,72834.0274850147
2.8119e-07,9.6227e-07,9561.06803511723
2.3331e-05,5.977e-07,40488.66577321608
2.5527e-06,5.9818e-07,7975.019806531731
2.8509e-06,1.7687e-06,300444.8064640898
0.0005667,9.3145e-06,207476.82808546736
3.4321e-07,4.176e-06,24386.031146195914
9.7864e-07,5.2495e-07,22013.99870346204
6.3267e-07,2.3201e-06,92021.61058735188
1.2753e-07,1.8288e-07,256332.58611898625
1.6527e-07,1.0556e-07,370826.03876374825
6.1978e-08,2.0787e-07,41227.9650651965
2.3702e-07,0.00010294,1212036.0682339773
3.3098e-06,1.0558e-06,146575.60508188012
1.5366e-05,0.062644,133791.46025496343
3.3371e-06,6.0131e-07,57117.975754500185
3.5409e-06,0.00034515,134579.96202989976
0.0025097,4.4539e-07,89703.3266588503
1.0913e-05,0.0063383,225827.79120201533
2.1545e-06,9.247e-07,125595.47256060058
3.9534e-06,1.0575e-06,110305.34130655648
3.8886e-06,2.9345e-07,33601.60690857898
2.6454e-06,5.1388e-07,47194.449775788715
0.00079966,2.9547,149925.52533491902
4.1701e-06,0.00040169,287921.5202806056
7.4983e-06,3.6161e-06,74752.47265057126
1.5597e-05,0.00064887,175776.30957497525
7.7849e-06,3.416e-07,34914.764015017245
3.0506e-06,2.137e-06,380281.8141518763
6.3082e-07,1.1047e-08,874.6571029546554
2.5155e-06,5.8739e-07,205813.97853400267
3.6649e-06,2.0214e-06,316492.71367736126
7.8233e-06,0.0014141,16177.099921867914
1.1498e-06,0.00011452,25241.754001178877
1.4844e-06,4.0016e-06,4439.267305415385
2.3039e-06,4.1255e-07,1839.2493803808798
3.9299e-06,2.7363e-08,940173.5200687245
2.7459e-06,5.8481e-09,200838.83992174032
3.4254e-06,1.4266e-08,484999.31954461196
4.556e-06,8.5935e-09,283599.06535919395
4.4812e-06,3.0831e-09,11920.9994973685
1.432e-05,6.3871e-10,3010.111814675549
1.2043e-05,2.6563e-09,15466.777568082829
0.092295,0.00066448,14963.056737364477
1.3078e-05,4.5725e-10,2711.172553048147
1.0897e-05,2.9807e-09,10938.38420212067
1.0198e-05,4.7784e-10,2162.5861223317447
1.3092e-05,4.8402e-10,2441.3884902012283
4.674e-06,3.522e-10,1738.0440273067113
0.00020842,0.00072449,22099.856402491296
1.3284e-05,6.9018e-09,19711.430353754244
0.023276,0.00016746,25128.937183132337
0.013593,4.2009e-08,145105.67128098066
6.496e-06,2.2967e-05,441962.6066604275
1.4873e-05,1.5457e-05,291964.5498465586
5.6145e-06,2.622e-05,739402.8373194627
0.00013766,1.0268,397052.9185648382
0.00018804,0.082506,365928.50537533715
0.0023541,1.0866,62950.91685584358
0.010394,453.11,532007.1272900511
0.0016249,4.3979,93539.50859201702
0.00019027,0.21915,203296.24635604667
0.092474,2.5204,122585.33143370127
5.5458e-05,0.8687,265144.4427012553
0.00040097,0.38426,48812.56549667317
0.007139,77.795,76246.11340638896
0.13179,209.06,1074076.5320178561
9.6718,0.14493,793128.6557347937
616.34,0.02684,555607.8160703237
2.3863,0.0016079,642397.4531514215
0.00085927,3.5642e-06,533874.1690251936
0.0054536,1.4392,36325.11455225812
9.5948e-05,0.0042835,352774.9249356641
4.2586e-05,0.001524,4172.951172354376
0.00022827,2.3936e-08,-24213.638927394997
6.2908e-05,0.0086896,6010.970828624365
8.7515e-05,0.0059809,42565.760827098784
4.8453e-05,0.01442,64059.94672231096
8.8758e-05,0.80711,41441.93843687144
6.8159e-05,0.020434,58972.30346306932
7.9165e-05,2.5116,35277.24108792455
6.6942e-05,0.00084175,269148.55198954267
4.4673e-05,8.5244e-07,347212.6158181584
0.0005597,0.00094184,140396.7181435174
0.00059538,0.001106,76364.01380136599
0.00055212,0.016584,18714.937696648958
0.0012805,0.050231,54512.89535946636
0.00052072,0.085415,19639.223344888356
0.00033301,0.0036752,9057.839480299446
9.4996e-07,1.3394e-10,2133.552021042117
1.275e-06,1.7977e-10,22865.692747372785
8.6648e-07,1.2217e-10,692.4958639966667
1.3569e-06,1.9132e-10,674.2296887166553
1.3765e-06,1.9409e-10,1750.1467674447533
1.7305e-06,2.44e-10,10640.625302488914
2.2743e-06,3.2067e-10,1457.4659868807844
8.8594e-07,1.2492e-10,449.46711901809215
9.2576e-05,0.0011966,974796.3667689448
2.7847,8.1645e-06,-1475458.674103041
0.00019491,0.00021185,2026700.0402919117
0.00072878,4.3414e-06,-391821.5996222987
7.6304e-06,0.0082481,77213.17171615089
9.7671,3.2073e-05,1583680.4837303304
0.00044616,0.00033978,787845.0086829988
3.9975,0.038141,852634.8186158306
3.4768e-05,0.023401,584883.0925752869
4.0705e-05,0.017776,233173.7451119677
8.6863e-08,0.0080026,115470.71654126316
1.3077e-07,0.011332,72303.5891625356
3.493e-06,0.0032338,20803.72249305915
2.5051e-05,0.041665,2682588.9938972774
2.3451e-05,0.44135,2964321.429127775
0.0047049,2.0752,8736390.39036254
0.00011591,0.016743,502904.5567842792
0.16587,0.013024,244176.22965596654
5.2966e-05,0.0078515,341825.38522838225
0.057182,1.6656e-05,262926.8074595662
14.286,0.0024321,571136.080769498
2.595,0.010024,294366.9430671029
1.1051e-05,0.045852,20404.538844395905
6.4615e-05,0.20236,2725499.8093153695
0.018475,0.25123,1163719.1054289667
1.8594e-05,0.72254,617589.4113972272
0.041065,3.4557,2703107.915635266
0.0084302,0.74855,1331450.1011967708
0.00022659,0.026174,1501289.297309155
0.025358,0.58073,4484985.059485727
1.0321,0.1144,726831.7652848159
0.030187,0.55252,8595743.083099436
0.0022866,0.10089,5043508.858477404
1.8979e-08,0.0034016,18651908.50098048
0.025739,0.29129,3391426.993958968
1.7626e-08,5.2228,7041650.8276864765
2.1828e-05,3.2064e-06,66185.28511089539
4.9139e-06,9.9172e-07,19066.952939120678
0.011889,1.1853,216095.2829292643
0.35343,0.018742,255760.42637053985
0.00018111,3.2404e-07,20159.721511606796
7.0987e-06,0.013313,448081.3219510412
2.6307e-06,6.9305e-06,58755.3129057443
5.2957e-06,3.4415e-06,50336.30434129195
0.00079256,0.002328,173198.9096650405
4.6439e-06,0.21479,65012.71549793574
5.807e-06,1.1081e-06,28931.645845958028
0.00049889,0.0043767,384934.83575092634
6.5491e-06,0.00017339,88349.05949972189
1.0385,0.0015702,68601.66206532143
4.8293e-06,0.0011089,36230.01541715532
1.6959,0.00012841,43214.26719157506
1.7106e-06,1.8209e-06,5872.657869395295
0.00012857,24.797,149907.2408161137
3.5914e-06,8.237e-06,61295.69784542355
1.4732e-05,1.4138,14658.825372669158
0.00010685,1.9833,492603.57006376813
5.8496e-06,0.60223,35436.69571039316
7.1688e-05,14.22,14091.287594184427
2.4234e-06,5.3087e-07,101028.09154285949
7.6211e-06,3.4604e-07,22725.43151001648
6.5025e-05,0.00067045,18704.63542892122
5.1274e-06,3.6279e-07,13112.499891835681
0.0063789,0.0097783,807.354644900563
1.0036e-05,4.5609e-08,6394.107208292217
3.5825e-06,2.2926e-08,2677.802640154888
3.7402e-06,2.3806e-08,1298.2805554339518
7.4332e-06,3.0468e-08,227.75862484432022
4.3978e-06,2.4394e-08,114.94628480931092
2.8048e-06,2.2087e-08,2965.096978387899
5.7606e-06,2.7657e-08,793.2663852020286
9.0787e-05,0.00013902,1974.334288046118
1.5213e-05,3.621e-05,435.46740458720495
1.6734e-05,1.6746e-08,241.21621927757653
0.05249,0.08069,175.95118367796573
0.60426,1.0601e-06,5941.532353608105
0.00017239,4.2048,152738.0615358524
0.00015046,1.7638,98154.53253197501
1.1401e-06,9.3127e-07,8817.53861143827
2.1795e-05,0.30159,155470.1975961504
1.6617,0.32067,170367.2342892053
0.0036882,0.3141,39971.67719876942
1.439e-06,0.044836,116231.61924271216
0.0012927,28.899,23517.011446916775
0.045981,2.6035,18633.964182582597
0.0073862,4.1853,43890.406589623286
85.401,0.047444,124832.79994407445
1.876e-05,1.392e-06,57756.68897989642
15.26,0.0072634,122597.78213995698
1.3842e-05,3.782e-06,699233.2261343973
7.7353e-05,2.3567,391436.2753845288
5.3784e-06,0.023953,83821.84504576056
2.4291e-05,0.00044585,188209.2338769082
0.0022185,8.8632e-06,276823.65240035654
2.3117e-05,0.077975,7731.76777201247
0.00043473,0.12267,10776.39384863161
8.4923e-05,0.00016342,28468.117863698077
0.00023163,1.5469e-08,45028.03772383999
0.00016526,0.0086138,1419803.1316897105
2.5263e-05,2.3222e-07,13266.375689356646
1.9689e-05,5.5746e-07,16403.836817377116
1.1563,8.9774,20909.5115249775
8.1703e-06,2.8441e-08,6214.531381969992
0.0073281,0.11571,9883.38310464925
2.9323e-05,0.00057395,141184.2487711213
5.3107e-05,6.1364e-05,63332.63261927662
0.00034816,0.00019667,23593.59171921387
0.00035292,8.4162e-05,17767.440461593258
0.00045434,0.097639,11528.323893514242
0.00034435,0.0065762,15506.176144654843
0.0054582,0.87248,14773.154034535231
0.00037129,4.4328e-08,15033.327730189734
13.202,0.026306,13359.683662331012
1.6289,1.68e-08,18332.472917653682
3.201,0.0063781,9900.800947226739
438.35,0.87343,430.56789037754345
1.0627e-05,1.7817e-08,4334.867331246427
1.2472e-05,2.2747e-08,5965.587094154785
1.3545e-05,2.4628e-08,4435.46244545682
2.2539,7.2451e-09,134572.30204856946
3.1517e-05,2.7397e-06,261736.63475121866
0.078469,4.0259e-05,127718.46732537494
0.72952,0.057946,743079.8132789676
0.0016793,2.0717e-05,9623.711780808797
5.9335e-06,5.4237e-07,14879.817389096273
0.70631,0.00014251,102848.76562283658
0.00018663,2.9492e-05,55783.88970020685
0.0072896,0.05304,99949.26665234381
5.4507e-05,7.7195e-06,32843.1467679568
5.0225e-05,7.8032e-06,31425.737844648054
4.0084e-07,1.1705e-06,253.08541242727347
6.5251e-07,3.7495e-07,2138.0005474704894
0.00099723,3.9801e-06,3371.377440439138
4.7562e-05,4.3919e-06,1086744.7023141591
3.9855e-05,3.386e-06,1446885.6464139575
1.1923e-06,7.7155e-05,10900220.86368585
2.1116e-06,7.899e-06,12163.979227782715
2.7088e-06,9.4337e-06,12377.61782880724
3.3212e-06,1.1585e-05,13771.245003667376
1.0627e-06,1.2764e-05,80504.49696195214
1.5638e-06,2.2393e-05,79848.24171279384
2.1834e-07,1.2356e-05,41971.406984153335
2.0279e-05,5.4496e-06,10683.255902632933
7.505e-07,2.7609e-05,1677724.634674489
4.1124e-07,3.4092e-06,769684.9408730478
8.0005e-06,3.8832e-06,1290043.0339049562
1.2296e-06,2.0569e-06,44125.20941367428
1.6225e-06,5.8892e-06,4276234.447029741
0.00012141,2.2415e-05,2898754.075355597
2.1644e-07,2.9555e-06,310218.1574621492
3.5993e-07,5.7291e-07,32877.897872198744
6.6363e-07,1.2379e-05,3106019.1266734223
7.389e-07,1.3838e-06,2049446.6482072077
5.1897e-07,3.1431e-07,1496161.0174991458
1.868e-07,6.5651e-07,181885.0650196035
2.7966e-07,0.0001471,781561.5346653507
0.00128,1.0963e-08,227658.12980348984
0.0020873,8.0005e-09,97889.8264701477
0.0014156,9.13e-06,82992.51821553145
0.022281,0.0025093,164958.64428403837
1.1774,2.6323e-09,9081.863381117028
0.0036366,1.026e-05,1176430.7415200262
0.0014288,5.4946e-09,13547.031908473853
0.0011981,3.2459e-09,398.50794235302703
0.0012723,2.3424e-09,-3234.7034595878927
0.00096662,2.6487e-09,-4903.885807434362
0.0022813,2.8599e-08,157568.79828252105
0.0067816,0.0010248,85072.06345855226
0.04246,0.0051706,9412.428257613985
0.017339,7.5617e-05,30243.51878119402
0.0039041,8.9482e-05,68501.892661555
0.020641,0.002922,41204.69802782454
0.0007928,3.0124e-09,-6910.04290473703
0.00074211,1.2923e-08,124295.46198686086
0.032074,0.0042204,76364.08687601953
0.49242,1.3536e-05,13298.355544412847
1.1892,0.32272,204358.71197683978
0.20698,0.0,2886.8990741242715
0.37434,0.0,2524.982384662084
0.29423,3.932e-09,11707.71991144533
0.25743,3.3149e-09,2789.5114265016355
0.31798,3.44e-09,1840.8994905512186
0.94087,1.176e-08,5164.329213387813
0.41189,7.9178e-10,365.80871287440084
0.31475,7.5852e-10,244.0351004597879
0.37141,7.691e-10,334.60140796289335
0.48542,9.0593e-10,528.7188391206696
0.36412,4.9686e-10,281.5680736642485
0.62112,1.1069e-09,481.9768086065149
0.31754,7.2811e-10,246.65139591473437
0.54926,1.0508e-09,439.9978537924338
0.28845,4.7688e-10,463.3552673846089
0.94238,0.00016737,40425.54936172128
0.63913,0.0083858,2426.5292487192
0.59156,0.0001027,670.4239066554628
0.0,0.0,272.29896664068593
0.00094441,0.005099,67745.08742542648
6.3151e-05,5.8764e-09,30274.873678212156
0.00062612,0.003589,353889.1251205989
3.2241e-05,1.3718e-07,279611.6138714889
0.0055123,0.0025315,141147.23953357668
3.2626e-05,4.0791e-08,21237.495890623217
0.0031194,0.14394,65873.71522980212
5.8379e-05,7.3283e-08,35392.33960176053
0.00012067,5.0703e-05,39108.48315680177
150.06,0.0002117,51160.25542555135
73.564,8.4263e-05,541350.6412647528
0.00039944,3.4179e-08,101835.40785932296
0.0036622,0.036453,77823.51989729187
671.64,0.0004249,1990065.8612980247
152.32,0.00052643,1587012.9042256041
0.00020519,0.00014393,77725.23093522302
512.58,0.003865,899249.7101843074
0.0014731,4.8797e-06,459451.69453952176
3.6285,1.7665,613757.2813301168
282.26,0.0012989,224918.47058385485
132.23,0.019345,400800.39831543807
31.752,0.011416,72779.64469778269
108.14,0.351,1286562.0419905265
6.1449,0.021357,97435.32089146646
7.5867,1.9101e-05,63723.052157923245
20.471,3.6773e-05,56959.716372936906
20.509,0.00030308,57533.246247309886
20.204,1.4575,55567.13526605101
14.127,0.0026405,243089.27192792468
21.63,4.9389e-07,307092.8144126266
19.721,0.00033278,659236.7704545348
37.37,0.00026244,509479.96041997557
68.101,0.14266,87123.60462782625
96.648,6.1124e-05,74237.92582502347
89.95,0.072068,191071.3008835866
72.999,0.0051448,258805.0087980137
0.33125,0.0,45979.13528897569
0.28316,0.0,2827.0474350947134
0.29242,0.0,3019.513826425679
0.18059,0.0,402.7382231741934
0.2428,0.0,664.5505844248548
0.1735,0.0,5702.071984253407
0.11615,0.0,33.54132600732887
0.10755,0.0,238.4619440739468
1272.9,0.046703,2206054.206432437
779.27,0.00094803,4044699.1728652283
200.88,0.0035888,25952977.743688438
115.05,0.0,557466.0696354577
1.875,0.072543,523118.5019536015
3.5048,0.00064088,2399548.670848296
1.9042,0.00033472,1786415.4726703742
15.382,0.00017781,931370.2244645704
0.20009,0.027494,264382.20066644676
0.22855,0.15775,3539916.4507028013
5.3561e-05,0.0042532,414883.24474908516
0.0020883,0.0042742,491128.6092210717
0.019638,0.0098412,118255.44453326377
5.1526,0.13434,5173496.634025708
47.266,1.253,5676007.493486783
43.109,11.09,11560744.56993633
19.966,17.134,1109435.9396165784
9.4446,6.776,899747.0128126808
2.3131,1.7215,1190622.6356168299
8.899,0.027823,38725.46870132718
30.841,0.033179,105861.47625807521
6.1813,3.7135,2151243.505505397
19.061,0.64165,192946.65570316731
0.1004,0.0,2520603.9095364194
0.18316,1.1178,786963.5845765801
1.0162,0.94565,1983531.290054305
1321.0,2.2544,1951152.9507152499
2.5837,8.8908,3241587.4070907882
357.4,0.0,13512143.468201859
10.676,19.766,2434802.6105907955
336.3,2.3,1606842.4583574983
0.063981,0.044579,10522146.948256506
0.24595,0.1636,4244604.799306005
21.131,0.032376,6536457.231666538
0.044263,0.29951,2712445.9463661434
45.636,0.078601,1367724.81283525
1.5833e-05,2.4003e-09,12472.579808257635
3.0176e-05,5.5098e-06,31487.278072199697
1.9869e-05,6.9442e-09,15415.201653259264
1.1869e-05,2.0113e-09,8646.649172397725
0.00743,1.1123e-09,10807.154633293998
5.7242e-05,0.00010935,429363.3357355386
6.2408e-06,3.1146e-10,4386.523046775566
7.8757e-06,1.8948e-09,6834.856550675175
6.5695e-06,3.9655e-10,3802.0468361610638
1.2174e-05,2.0315e-09,8627.45751473131
1.4326e-05,1.1581e-05,154113.15275267055
0.00097989,0.0066523,211366.74891487983
17.624,2.1109e-05,26220.099542331518
3.0408e-05,2.559e-06,11389.943850139358
4.9955e-05,9.5493e-05,128581.02581205784
1.3974e-05,2.1816e-08,161547.07081842865
5.6542e-06,7.6586e-10,3392.9357927044925
2.0947e-05,2.2268e-08,114607.33991209244
1.5089e-05,1.3233e-05,11315.435593537042
1.3514e-05,1.2764e-05,10455.558572255208
0.0039005,0.017252,49575.06237940501
0.34846,0.0,8253.973035674351
0.45345,0.0,2344.384503255487
0.40208,0.0,1763.577759088651
0.062106,0.0,4402.585895676266
0.11026,0.0,-256.89183969496185
0.04907,0.0,-129.54802463435692
0.13117,0.0,837.180160028218
0.27795,0.0,1003.101579225612
0.052451,0.0,187.7552260572713
0.072924,0.0,254.62661930871747
0.13211,0.0,457.9666140574645
0.074166,0.0,249.3026965837528
0.03022,0.0,99.8567721266971
0.12348,0.0,404.97499609178817
0.11843,0.0,498.0844216812742
0.18045,0.0,6593.739258029636
0.12345,0.0,439.5773502096416
0.081523,0.0,378.16284775025775
0.0,0.0,148.42438653032266
0.00053582,0.010535,138850.45959208242
2.1323e-05,6.2911e-05,15980.710574198454
6.8352e-05,0.0012042,173528.29748047414
0.00063933,0.019247,294961.5199337241
0.00028136,0.00033738,65230.74357128096
0.0019565,0.093379,19227.032295666795
0.00045913,0.058206,21702.40145955187
3.1781e-05,0.00034661,29385.338287397648
0.00010748,0.00065256,31430.850451815004
0.0006757,0.018041,113969.73381759164
0.0023981,0.094034,73393.35926076569
0.029085,0.047754,57117.60356564193
4.4221e-05,0.00098769,62481.488534834614
10.019,0.00015046,1329131.5398633988
0.074406,0.14138,720054.4100835026
0.00039682,0.0060585,23657.268814132072
344.83,0.37219,403053.6041036599
0.0050916,2.3049e-06,254108.26882685814
0.17461,3.3623,241148.76737325746
193.64,0.00037391,161255.83861566725
159.12,0.0002508,177815.99434798342
0.006824,0.0,93.82276142328134
0.032906,0.0,405.58764081024964
0.00028038,4.2512e-09,17624.16796644579
0.10133,0.002137,93178.21869707626
19.642,0.048083,40268.66901550223
23.414,0.057319,30960.283520484605
31.425,0.076928,54683.40417286336
0.020188,0.00010157,2614095.728610749
0.0022068,2.7842e-07,142068.60835434147
6.5318,0.00075231,255994.94754927867
1.3998,0.0009323,240576.69487916265
50.829,0.00011212,30138.679056438436
70.57,0.0055017,61851.1334824445
56.725,0.023646,31618.379954209926
68.453,0.00029145,64048.9720520627
1.3221,0.0,23673.206061891055
1.3645,0.0,8317.783228884184
1.3407,0.0,8374.859983302133
1.4819,0.0,2889.8873098856593
1.0382,0.0,4831.122224088561
1.8275,0.0,4984.780786029933
0.49731,0.0,1252.4355096161948
0.90205,0.0,6122.968112677821
3210.7,0.001802,961552.0883188242
34.131,0.00073541,1685763.5118073425
66.008,0.00042793,3700807.724223796
134.27,0.0,75844.239266696
132.45,0.035273,214338.9652877573
8.1139,0.0014515,615069.9198728086
0.56391,0.0027665,1939166.510262396
0.58052,0.00033218,818436.9282295357
0.10171,1.419,820149.4945194095
0.11752,0.96638,145547.17191447123
0.00022099,1.6452,189803.38346959447
0.00017565,0.11378,249994.12907998622
0.0002742,0.65447,100377.88838125694
148.71,0.013416,2399934.0569460657
1100.0,0.018152,2925435.265206167
29491.0,0.0015866,5431411.802358878
1086.3,0.25606,556142.0908406664
909.64,0.27628,711695.9944512965
119.4,0.070129,461476.5801180603
22.663,0.00015729,41092.599929346645
1349.4,0.0062708,106656.74521926863
145.92,0.0016167,803573.7244552888
8.0039,0.0069755,31423.44919279817
448.44,0.0,1844835.8648681154
1276.1,0.22613,299671.56915666553
4467.8,0.024555,840697.2503937562
5545.0,0.50778,907081.4327659989
4772.5,0.0094654,1734722.985441247
1138.3,1.1346e-05,5238832.621435684
3432.9,0.079322,1902327.6780395408
359.9,0.03526,336701.9790904885
429.14,0.00022636,4420019.364045456
1003.5,0.0079888,3038724.1118529444
37.783,0.011235,4568567.602392207
1284.3,0.034681,1005116.2252524351
31.484,5.1908e-07,728965.222702149
0.00010578,4.9525e-09,409317.6190294664
0.00010846,1.9716e-09,-36.995489499854585
8.5775e-05,4.5399e-09,111489.24197638585
7.6562e-05,2.7054e-06,9684.176457805897
0.062112,2.1303e-09,52984.525437559896
5.96,0.13084,2671373.4700516434
6.0924e-05,1.6243e-09,6369.090804654934
9.2939e-05,2.8144e-05,12531.394139011923
8.7487e-05,3.2619e-07,25132.617129537102
5.7725e-05,2.5354e-09,20456.7538472815
0.00037548,0.00037707,61509.70196937675
154.03,0.0029711,395994.5665811927
2.2232,0.0010886,55883.83286993774
527.86,9.2369e-05,165091.0940910384
9.9317e-05,2.1997e-05,512392.2200281642
0.0084324,0.025927,47268.50587266999
4.098e-05,6.7713e-10,-18407.003784637862
0.00011708,2.4238e-08,1035124.2590668559
0.00015252,6.0466e-09,136310.4762799177
6.4916,1.9224e-05,109956.98719826089
12221.0,0.0003,160426.74289513598
1.2474,0.015685,57026.08750478884
0.049425,0.00014171,7767.356031728108
5.2117e-05,7.273e-07,134.64751948317587
6.6414e-05,0.00017466,2491.0807229453744
0.0092962,2.6895e-05,259.71657011588405
0.0014483,4.1035e-06,116.4141451011648
2384.6,0.0,40900.14667189876
0.0003159,0.0,6773.329441607163
0.00030404,0.0,13328.63509602398
0.00042025,0.0,5945.305787729998
0.0004329,0.0,5705.629589972816
0.00061175,0.0,101139.19784896742
0.00028479,0.0,4220.716222551524
0.00018045,0.0,3612.472046071458
0.000126,0.0,2009.6356902654036
3.8098,0.0,30944.08928050844
0.0032354,0.0,6426.052471661986
0.0079414,0.0,2552.2711383533824
0.0,0.0,11651.367068371599
0.078402,2.1812,872188.6629982074
0.0046581,0.080324,125943.40300662135
1056.2,0.031264,979869.4339600771
0.45532,0.25405,539910.0390101833
1681.7,5.5639e-05,559016.0535738744
375.88,0.0067586,247374.77535225663
1067.4,0.13193,142939.23322410605
45.321,0.0012208,136996.10262054505
29.798,0.034259,250688.42030663407
0.009679,0.00022029,92328.31289013843
287.53,0.041781,495409.42047475843
60964.0,3.7689e-05,767020.5246952274
2483.5,0.00010205,267987.28175116825
84.849,0.00022072,7168083.81091962
7948.5,0.00025817,6693493.833642975
91.566,0.0054514,454124.44247478485
592.54,0.0045299,758146.0151031354
0.00011711,3.0513e-06,86900.58996228864
387.83,0.000509,1582939.2298414374
679.44,0.039973,3163819.4125317303
10.594,0.0015027,740007.1373787525
0.00031993,2.5144e-09,930242.8424447882
0.026909,0.0015601,3778567.371889278
12.995,8.4114e-05,207443.24414604172
6.409,0.42845,930067.2386004655
13.901,0.057257,98920.93871939281
0.020529,8.0116e-05,162693.53825839472
0.013905,5.0581e-05,223702.2543312724
26.553,0.17799,12760703.564617803
8.4984,0.00023584,673990.1115858722
31.966,0.00032949,470289.8561018904
25.963,0.00050004,859539.8557641372
0.46283,4.0065e-05,105786.04843632941
3.7098,2.4505e-05,144514.84166498456
3.8129,0.0094736,337576.6897006444
0.36028,0.00037756,620106.3139714971
0.040849,0.0,215822.41242961783
1.0865,0.0,18450.540973252508
0.010143,0.0,17351.955583860417
9.1851e-05,0.0,8718.574502504816
13.937,0.0,30541.691908882043
85.407,0.0,12317.494943168293
0.37444,0.0,4233.142346114984
37.469,0.0,8303.562956009057
38434.0,0.029127,4436826.641639626
317.46,0.0071305,15793378.636965845
6504.3,0.096598,26107423.170348257
596.69,0.0,2971310.834014284
8.6752,9.9599e-06,1302357.4790546973
497.72,0.0027958,4180946.309491024
50.116,0.038403,3440448.860053976
6387.6,0.0091981,4177356.752924256
37.52,0.00072439,8298467.914276837
112.73,0.0041646,995873.6449748109
8.5958e-05,0.0036658,22307.302212081802
5.3411,0.00096105,116913.86502840107
0.34598,0.0035209,183999.60523977876
8.4873,4.6942e-05,19236449.864777215
91.517,0.00016986,27492480.269445974
126140.0,0.018148,46029022.39759105
17029.0,0.0040301,2398762.552147533
6220.2,0.0020994,2136536.4806015724
1083.1,0.0001752,2394866.5694999574
269.85,2.5842e-05,772739.101171865
17360.0,7.2043e-05,1043253.6008758482
4883.7,0.00032636,8299681.4775264505
2718.5,0.00011327,321182.0645692176
30955.0,0.0,12605639.206531998
588.72,1.0456,7292161.241908493
22975.0,0.00015507,5421976.812976916
5657.2,0.98192,21004866.480121326
222300.0,1.9916,12335330.504408607
7631.9,1.9754,52943494.566786446
50321.0,0.0084646,25869430.783414364
199.22,0.66905,2851505.370661967
6396.9,1.2189e-05,32126698.324904736
3360.6,4.9263e-05,35639966.66534184
4858.3,0.025829,68613592.10838363
8224.4,0.51861,9977958.46540265
98.157,0.010095,8144438.251013821
4.3101e-06,0.010092,158406.1531467686
3.2522e-06,0.063788,5137.193532092366
2.3982e-06,4.5177e-06,7585.869787193183
2.9827e-06,0.019373,95821.17086839859
0.00029878,1.9405e-06,28027.782317580113
52.672,0.089794,1660606.3487173119
1.0276e-06,3.24e-06,10977.685486291548
5.11e-06,2.912e-06,9929.955021650378
9.2035e-06,5.4586e-06,111544.04110873946
2.1704e-06,2.1496e-06,3888.0332905410296
1.1068e-05,0.48388,417121.21588898683
0.074106,26.798,1041031.9837566987
4.1229e-06,0.37214,9582.484873160296
31.745,0.039029,362394.77522099885
1.5352e-05,0.033044,6505.954474726801
1.0671e-06,3.5815e-08,1514.0214430012325
4.5692e-06,7.4875e-06,17654.124196239183
1.5587e-06,1.1572e-06,2580.1734025959013
2.3242e-06,2.9587e-05,669752.739213329
5.3259e-06,2.1525e-06,8577.370958836927
7.3409e-06,0.062313,6298.878525997053
2.8618e-06,4.5064e-05,108457.74678904125
3.367e-06,2.18e-05,4496.306228827334
1.055e-06,3.1266e-08,2007.5313524760527
5.4179e-06,1.5952e-07,13878.527399461453
5.9357e-06,2.8546e-07,241918.2512556163
2.3653e-06,6.9112e-08,5898.482706327695
4.8986e-06,9.1697e-09,-4.895829128337003
3.9786e-06,3.1437e-08,7.843675902360834
3.7679e-06,1.1965e-08,-9.527416366059333
3.2525e-06,3.4645e-08,1.2068967980593734
2.4299e-06,1.7912e-08,-13.170408301763915
3.3426e-06,1.1424e-08,-13.029337508319971
2.5591e-06,2.017e-08,-11.056158260071925
2.3579e-06,1.9511e-08,-11.377338988030322
4.0599e-06,7.4379e-08,-12.078148705927813
1.4714e-05,0.0044286,22.16804002516227
8.6039e-06,3.5128e-08,996.3130020557388
0.00010991,0.00012747,38.225821351894524
0.0032396,2.8643e-08,-341.8815544871862
3.0577e-06,4.296e-06,199990.95584274814
2.1294e-06,4.8577e-07,24605.4371900434
2.1508e-06,0.0049421,2731.8720040607745
1.3982e-06,1.4447e-06,233124.60647340165
1.8505e-05,0.023296,264880.13708048285
8.3013e-07,4.8653e-05,2500.5396458495443
0.8877,0.024091,293180.03604603955
0.038502,0.095301,1299927.4928395357
0.0055662,0.54539,8491.865982335565
0.0025957,0.22658,34537.96364300863
0.011889,1.1297,25231.03703349978
3.5157e-05,0.0071211,41507.03176748814
0.005805,0.00014279,99430.33752415804
9.3436e-06,0.0089904,1040129.4832708237
0.00066753,0.00029048,56030.27490941052
0.00017392,0.37777,140833.5395659936
0.14179,0.0002709,387969.974645015
2.6366e-06,7.4584e-07,184555.807652416
1.3369e-05,0.00041744,1799.7950339003187
0.0001271,5.5454e-06,4434.220399384349
0.00013127,5.4631e-05,2486.39326673404
0.00010047,7.5877e-09,10300.567732649864
0.019829,2.3382,2246523.2233030247
1.0373e-05,3.338e-08,3646.322217835117
6.7007e-06,2.1298e-07,27776.029837281414
1.9879e-05,1.2557e-07,4658.099483769845
1.0655e-05,2.795e-06,2209.311323293048
2.0265e-05,0.00012657,2926.929544027745
1.9729e-05,2.787e-06,20976.78683636768
1.9896e-05,7.4041e-08,5445.028817300706
0.0001526,5.1709e-05,2755.5727182677256
0.0002274,1.1231e-05,5732.245446282293
0.00042066,0.00061562,1749.9709079774605
0.00037634,0.0063107,1227.0534807107724
0.00033022,8.0628e-05,1034.1415354187955
0.00041068,7.2999e-05,1751.122739894997
1.2197,0.0019667,641.0607100474832
0.009502,1.532e-05,110.4079052299141
0.0014141,2.278e-06,83.09438717541381
2.6528e-06,2.664e-09,46.24193196690625
3.9411e-06,4.167e-09,130.15741168869133
2.7154e-06,2.7461e-09,28.59234034541375
2.2724e-06,2.181e-09,34.095238437047364
6.5224e-06,8.3748e-09,64.21364665453798
0.00010555,6.2476e-06,8014.236773559152
0.00028043,1.7267e-05,1413778.9663799373
0.001342,0.010103,1386906.1233915498
7.6571e-05,8.9545e-08,9277.115926341652
1.4444e-05,1.0079e-06,21524.560073391942
0.00014817,2.3225e-06,269720.8936265212
0.00040894,4.2031e-05,186865.10217823007
0.00017768,6.9467e-06,174776.01121016382
2.3558e-05,1.9661e-06,3445.7780382305414
1.4424e-05,8.8581e-07,2126.7294950505197
2.2403e-07,1.584e-07,73.39661586218007
5.3454e-07,2.879e-07,18593.66497445619
1.2609e-06,8.5581e-07,864.9128111307325
3.0381e-05,3.3807e-06,72197.25189278695
3.1055e-05,3.4153e-06,78546.06784649356
5.0049e-07,4.151e-05,3879608.2834775634
5.6656e-06,1.1878e-05,12146.055206267185
8.4371e-06,1.7084e-05,18154.685706226024
7.0755e-06,1.1171e-05,15034.325269181521
3.1051e-06,1.6162e-05,57329.139685122194
3.7853e-06,4.2641e-05,71839.11851782944
3.4693e-07,1.5279e-05,17740.156676278468
3.8388e-05,4.7793e-06,8550.486298084865
8.1466e-07,3.5294e-05,2988504.1731903274
3.0349e-07,1.677e-06,17087.9511969666
1.9951e-05,2.5479e-06,273032.17410695436
1.6571e-06,1.7439e-06,5209.826279179392
2.0177e-06,3.1261e-06,293789.9175780403
0.00032296,1.3535e-05,429052.27252817166
4.4883e-07,4.6869e-06,80020.95235030222
6.2431e-07,4.6232e-07,13596.732073257957
1.0462e-06,1.1694e-05,2853271.8838618975
5.4855e-07,9.1841e-07,1530097.4776700893
5.2527e-07,3.158e-07,2121834.355224908
2.3428e-07,6.4853e-07,828465.7268550064
3.4475e-07,0.00015787,2708710.969726709
4.7585e-07,5.079e-07,699.8458683105965
1.709e-06,3.8796e-06,1221.4689389960827
1.1718e-06,4.5715e-06,3525.537824459649
1.4173e-06,6.7677e-06,68790.80515231153
0.0011892,6.7288e-06,143542.17430075235
5.2667e-06,0.11931,234490.61341327018
9.435e-07,1.0289e-06,1385.5612568225838
2.4352e-06,1.3886e-06,3754.4151529930086
2.717e-06,2.1397e-05,279204.5067200301
1.0483e-06,5.519e-06,62297.98334625043
6.1553e-07,1.9025e-08,787.3349279412123
6.1867e-07,1.9018e-06,92719.4787573209
1.2059e-06,1.5907e-05,86887.28013863531
3.3079e-05,0.008551,15022.119400377878
8.4752e-07,2.4553e-06,33772.00785309354
2.3306e-06,2.6529e-05,15118.733741690789
7.5823e-07,4.457e-06,24345.70177307839
7.6163e-07,1.6138e-05,1681151.3620178108
1.3683e-06,1.4123e-06,2109.4225557245686
9.5388e-07,5.0304e-06,14632.094438647053
1.5794e-06,2.1564e-06,10434.957386050963
2.3086e-06,0.00026171,352212.2553424657
1.558e-06,0.00017115,11362.9283101773
1.8245e-06,3.9695e-07,12262.595730635236
8.9033e-07,6.4239e-07,18442.09579256065
7.4238e-06,6.0876e-07,47724.61504107826
1.5278e-06,5.0786e-07,4010.3643237812025
2.8566e-06,2.8746e-08,2730.6663657940567
3.5387e-06,4.7026e-08,677.5189594406243
1.6363e-06,1.5463e-08,121.74431450890378
8.6691e-06,8.1393e-08,373.94376231459825
6.6691e-06,3.7868e-08,106.27322315953373
5.1669e-06,3.682e-08,83.82541191481134
2.8951e-06,2.6558e-08,242.08714529890193
2.4402e-06,2.6351e-08,626.4560289220112
3.7535e-06,3.3553e-08,921.7652855903332
2.4101e-06,3.4252e-08,303.46707201549526
3.8265e-06,4.5745e-08,1899.7127002589523
0.00013694,6.8536e-07,2230.90937900197
0.0011724,5.0791e-08,27.629966489018365
1.2969e-06,2.8633e-06,282167.2228404585
1.9629e-06,1.982e-06,94582.64035918914
1.3953e-06,2.3872e-06,5917.940311828434
3.9193e-05,0.73105,221424.4250006871
1.3356e-05,2.4622e-06,248467.42789844712
1.3988e-06,0.00045635,65654.89266065387
1.7375e-06,8.9454e-05,509466.24431456736
3.3621e-06,0.03152,583880.5545236454
4.2769e-06,4.4261e-06,40920.63674549287
0.0003683,0.77207,18041.519170909316
0.00011995,0.28012,15517.882397069056
4.5023e-06,3.368e-06,118653.66175270994
2.6259e-06,3.5655e-06,45284.62031048743
3.1495e-06,3.3595e-07,429203.5287272224
8.3642e-05,0.83904,240100.0326024993
1.2635e-06,4.8655e-06,111531.39304254847
5.792e-05,0.00096663,653272.403208735
0.0001382,0.003782,202426.8104303836
2.4847e-05,0.1033,80774.92304965135
0.00020944,1.4803e-05,27112.611852005375
2.5775e-05,7.7704e-06,9233.327060629426
7.0201e-05,1.202e-08,6632.98851693276
5.1179e-05,4.375e-08,385459.9792416611
2.6731e-05,2.1069e-07,6544.647489157158
0.00017262,2.8656e-07,38066.86508051532
1.2502e-05,7.6683e-08,2898.417857690547
3.9149e-05,3.4903e-07,10094.02206114437
1.428e-05,7.7442e-08,3196.4294550602526
6.0289e-05,0.00041457,50222.898101218765
7.0281e-05,7.2197e-05,107250.15425067027
0.0016365,0.0050503,27660.90680685858
0.0015949,0.025639,13919.062342807358
0.0035786,2.4875e-07,10524.200689344589
0.00042844,0.0004152,5527.913200605805
4.7441e-05,0.0013859,144997.21812118994
0.00018501,8.2214e-08,13760.194970750548
6.5212e-06,7.1681e-09,9594.357854216229
3.4034e-06,3.08e-09,1392.8885872382737
0.0056143,7.207e-06,1485.6105276403346
1.1308e-05,1.2418e-08,752.2336617561766
1.4608e-05,1.3651e-08,705.1581635031768
6.7161e-06,6.953e-09,584.8666949554399
4.4084e-06,4.7362e-09,66.85540685978339
6.9454e-06,7.2862e-09,12970.453771791008
0.00016035,0.00059879,222756.20968627816
0.00045433,0.00068892,701232.300834153
0.0015565,0.027287,221631.90354371045
0.00023562,9.3292e-07,239856.56844199504
5.8249e-06,3.4595e-07,9414.936661996097
0.00037414,0.00018559,178243.88438927793
0.0004244,0.0034123,292589.63366493344
0.0081107,0.032224,115805.79518536809
1.2852e-05,5.5233e-06,2795.4062675840087
5.7647e-05,1.7315e-05,8694.275266508848
1.2632e-07,1.5821e-06,905.9979707835282
1.8795e-07,1.4901e-07,3790.551867252495
3.972e-07,2.8641e-07,192929.44927444155
9.6287e-06,1.2186e-06,375637.06405041035
7.3507e-06,8.7513e-07,744423.2669181711
2.5084e-07,6.0956e-06,52009.02067740938
2.4237e-06,3.2751e-05,32016.403177457447
2.7211e-06,1.0918e-05,6004.51381249227
3.3946e-06,1.8668e-05,12033.328353721
6.9099e-07,5.4123e-06,10381.03837367751
1.4062e-06,6.9253e-06,15437.531382149868
1.7456e-07,7.8266e-06,15153.522648607692
2.0591e-05,4.9446e-07,1850.9978235581548
4.3232e-07,1.9118e-05,229647.71635045117
2.9515e-07,2.6161e-06,95226.41529396203
2.279e-05,1.4521e-06,50995.44725324216
7.8981e-07,3.8216e-06,85090.90355413979
1.2964e-06,7.1559e-07,57114.17586468555
0.00011497,1.7855e-05,517646.7981639956
4.3146e-07,7.9042e-06,16099.660843326568
4.8789e-07,4.1359e-07,50194.72949638702
2.1101e-06,6.9767e-06,827737.808378538
8.1895e-07,1.2673e-06,385892.4644280107
4.7383e-07,2.1158e-07,371614.4329433554
1.5917e-07,5.0171e-07,57717.53540690992
2.1579e-07,0.00012982,208633.6716489009
6.0385e-06,7.2907e-06,12915.695147161334
2.6384e-06,1.039e-05,29463.385676376034
3.1557e-06,8.5789e-06,7418.541741322163
3.5013e-06,1.5186e-05,40855.27981700672
0.001655,9.3774e-06,45040.823364010575
2.2551e-06,1.3014e-05,187962.81842779714
5.4817e-07,1.5137e-07,773.2691688779005
1.9647e-06,1.7744e-06,2969.4921185636863
1.1868e-05,0.75151,108185.66520605155
1.2378e-06,2.8238e-05,85450.5131509863
8.0863e-07,2.8072e-08,1212.159537436359
9.9138e-06,0.54256,97404.1833125628
6.287e-06,1.9069e-05,22364.587460009745
2.0645e-05,1.7268e-06,27402.402884076837
6.7564e-06,7.6801e-07,32991.125287245966
1.077e-06,9.296e-06,14318.36282099999
1.6409e-06,4.109e-06,2657.1885712594894
6.342e-07,2.8194e-07,909.6956717828793
1.9002e-06,7.7891e-06,5631.332190881513
3.2166e-06,1.7094e-05,16910.78942800842
1.8252e-05,0.25414,41621.30872942344
2.064e-06,7.6093e-05,48409.84289922663
1.3874e-06,7.7547e-06,1054.0137638384606
5.7534e-06,4.4447e-07,14799.418491723947
9.2274e-07,6.7519e-08,2351.8921442456035
5.5471e-07,6.0135e-08,1404.3924779876647
2.3576e-06,1.5253e-07,5919.507840490291
5.6042e-07,4.4356e-09,-731.8172240860927
1.5688e-05,7.6532e-08,168.45381133655908
1.0772e-05,3.5709e-08,121.00772937353872
7.4617e-06,2.4062e-08,-28.68756469851322
8.6629e-06,2.0873e-08,-20.44396004148001
8.7295e-06,5.2183e-08,46.11789024689422
5.9128e-06,2.9483e-08,-33.26083427916271
6.1495e-06,2.8126e-08,-36.28473847704276
1.6465e-05,1.0982e-07,180.77732311287264
1.0258e-05,1.0603e-07,157.86564744533652
1.3412e-05,1.0464e-07,889.2058707142279
2.8865e-05,5.2983e-08,384.99205128027114
0.0032837,4.0087e-08,-1044.9735978751446
7.4364e-07,3.6807e-06,73728.90999682457
2.4433e-06,8.6756e-07,6034.0430455147225
4.377e-07,2.9169e-06,38414.76249494524
4.9436e-07,5.2427e-06,132946.2762823749
1.1099e-05,9.5905e-06,117094.57728908744
1.7586e-06,1.0936e-05,84150.29222112295
1.9974e-05,0.65936,232688.45105441014
0.00038872,1.5381,11165.223917819763
7.2756e-06,8.4387e-06,118103.64077759237
0.0036149,3.2148,33227.922559385996
1.2513e-06,6.9353e-06,58666.708441172064
9.8376e-06,2.0135e-06,69541.30208885497
0.00024383,3.1406,211839.71273580453
4.67e-05,0.073436,184646.73189509203
2.5676e-05,0.34081,230317.67014319586
4.4485e-06,5.1709e-07,11162.97012043933
7.04e-06,5.9831e-05,172130.42818112313
1.8338e-06,2.7397e-06,71455.54177106047
0.00010488,2.7115,24986.517629589445
0.00044694,0.013684,3880.558134405492
1.7423e-05,4.4815e-07,19998.523527432728
3.9758e-05,7.6563e-09,3694.081458296869
0.32746,17.715,53469.744187175726
1.3411e-05,1.4676e-07,2977.8204513203355
5.5992e-05,1.2547e-06,17949.152500670596
6.3564e-06,9.6127e-08,2483.619070647106
1.3127e-05,9.2911e-08,4145.802906921652
1.9566e-05,1.2502e-07,7702.934049052209
2.6194e-05,1.86e-05,106303.36691700784
0.00012451,0.00014717,27648.289551417864
0.00036295,0.0017323,3919.4732783803693
0.00010493,1.6779e-05,3959.5299737170617
0.00044224,0.027904,1930.4380223020923
0.00038141,7.4963e-08,3386.757889703394
0.00023014,0.011385,130634.32769053127
0.00047393,0.0094124,2548.813257400422
1.2981,0.0019954,2702.3865707904565
3.6286e-06,4.6829e-09,698.2009613601756
2.7036e-06,3.1552e-09,304.2901060228799
6.3722e-06,8.8324e-09,2762.757004375126
7.3293e-06,9.7433e-09,104.57082016780352
4.4827e-06,5.4667e-09,35.527676074017776
3.158e-06,3.6734e-09,27.596178319111072
6.6761e-06,8.9284e-09,740.847971535854
0.0010276,0.0031814,22389.107079246784
0.034693,0.049165,487676.58258063963
0.0024291,0.045079,90260.9604924772
0.0033696,0.00015476,32608.24336627628
3.439e-06,2.6306e-07,5325.998629553299
0.0008796,0.0006483,98226.65855015496
0.021862,0.4529,26219.91185179472
0.058169,0.42144,69665.79496847696
1.3607e-05,9.1504e-06,5779.8315242109775
2.4734e-05,2.0161e-05,17127.831589206366
1.4404e-07,8.1313e-07,498.1952441222935
1.1796e-06,1.0097e-06,53946.970945097855
0.17615,0.041757,34693.058996754226
2.1362e-05,1.5057e-05,530833.9060333756
5.0891e-05,4.3607e-05,932447.2989402675
6.7489e-07,3.3366e-05,115232.26993542656
2.3925e-06,3.8853e-05,35807.57133265573
2.0383e-06,1.0713e-05,4418.852949335584
2.4197e-06,9.1881e-06,5126.032095861822
2.452e-06,3.313e-05,35941.187388791746
1.4473e-06,9.314e-06,15724.780061485553
3.5447e-07,1.8197e-05,126682.21628190955
1.7021e-05,5.0426e-06,835.9056989566517
6.1353e-07,4.9959e-05,367664.1547669863
3.7181e-07,4.8793e-06,320124.6599804027
5.6717e-06,4.3995e-06,84525.10842345735
1.4115e-06,3.6427e-06,13678.585638984086
1.8491e-06,8.1781e-06,86831.78976957026
0.00010384,3.8885e-05,896672.8821269565
4.0339e-07,1.5146e-05,10248.040661803925
6.6627e-07,1.3405e-06,29896.871833214485
8.9916e-07,1.871e-05,661056.8926876566
5.2365e-07,1.597e-06,839300.9491495899
4.4937e-07,1.9391e-07,613605.1373355928
3.0484e-07,1.5362e-06,96869.13636239679
2.5251e-07,0.00018615,186259.0765286908
0.01364,0.076706,112076.2313194145
0.085754,0.0028411,173118.43217231595
0.00093402,0.014156,119563.45444144323
0.14321,2.6526e-05,48664.756796295806
16271.0,0.0027175,5917357.716839755
2.107,0.00026771,4782579.077259509
4.1355e-05,2.691e-08,51175.88647774427
60.105,0.00030404,161019.17747239862
6.5255e-05,0.00010085,64840.59134486372
5.9453e-05,0.00027876,183679.2733790014
0.00056715,0.0018781,135344.484712785
13.005,3.0696e-05,1793367.580661415
0.49463,0.00054297,103405.70106215747
2573.2,2.2978e-05,740391.4896723658
1271.4,6.3479e-05,2258864.3789738775
9.1138e-05,0.0002674,864938.0863371264
4.8092e-05,4.5897e-05,53293.29898528217
0.00010535,8.0203e-08,453540.64029697725
0.00019054,0.0026211,1023858.8773182846
0.0012647,0.0010957,109706.69843032795
8.141,0.00057992,967475.6822538483
7.7421,0.0,2738659.7465782743
2.1452,0.0,224119.41989167954
0.00017947,0.0,878.2943269574063
8.957e-05,0.0,422.824046314154
2.1509e-05,0.0,3.575346010378737
0.24449,0.0,75.86424686351198
6.3081e-05,0.0,87.10881171434747
2.4696e-05,0.0,23.576271153393215
0.00012958,0.0,83.51249727682308
0.00010646,0.0,81.47455044181338
4.8711e-05,0.0,187.21075607000708
0.00025184,0.0,207.99048924030788
2.9357,0.0,12.0184808072675
4.6017e-05,0.0,49.166165761300014
0.044946,0.0,36.094666232645764
0.00022901,0.0,524.1397258685481
6.1764e-05,0.0,7140.4352678869345
0.59678,0.0,183.5114814556616
0.0,0.0,9107.813532725224
0.050531,13.798,923310.7189991106
1.3267e-05,1.9087e-07,180266.84331035527
0.91961,0.0039277,3369530.4471384757
1.503,0.0055681,5329899.103959165
0.7459,16.641,2670804.688812423
38789.0,0.0092434,3923069.016355638
2430.2,0.0023934,867410.5150847649
14.071,0.0010984,761029.6570844947
594.29,0.0032175,4975697.144293022
0.21833,0.00059958,327279.4300371035
788.59,0.0048384,6073627.634253539
0.00020733,9.7005e-05,608963.7441337025
1.5608e-05,5.0104e-05,151952.08587131015
0.0048136,0.00088355,3758511.124927892
0.0090809,0.0001687,10736453.69623564
0.034939,5.555,678018.8099849907
115680.0,0.43382,21029467.01147218
3.6197,3.7638e-05,4648559.891694586
13.46,0.0003299,768581.4149523879
1.4339,0.00076181,443100.5798948036
1.6251,0.00031122,1216373.6457970194
0.010583,0.0,259626.3675266585
0.0075788,0.0,7517704.327130867
0.0017378,3.2812e-08,94358.9787959398
0.019708,0.011749,86253.62766299416
21.692,0.15445,283740.58887064527
0.011181,5.4045e-05,97574.07195500754
0.030215,0.00018379,119276.23194398226
0.0025983,3.0713e-05,2348522.003652771
0.85581,7.2932e-06,2089206.4738224905
52.191,0.0,2723133.734309587
7.4894,0.0,2300464.281192914
0.10399,0.0,365012.5286459781
0.84963,0.0,453877.8400506296
0.91843,0.0,465464.03407609416
0.074289,0.0,1310832.4640584446
0.015516,0.0,42037.50041731914
0.00034108,0.0,52170.01492794265
0.25868,0.0,9184.305197865066
0.0092531,0.0,2873.16859026758
0.2705,0.0,3099.8328001398263
0.00016718,0.0,15267.24486353296
0.60601,0.0,-793.1415236400367
1.069,0.0,6924.369117054559
77.826,0.001856,3483069.4095175546
8.4284,0.0012032,10886624.06277811
4732.6,0.019774,33789863.87361777
48.358,0.0,7586444.441198942
8.8792e-05,0.00011205,1138181.8985388349
104.04,0.021572,36752550.383959085
36.152,0.010217,6722310.2786426395
24.067,0.0025317,17417395.695212364
824.53,0.036046,3966505.959326892
221.77,0.024542,402742.006264441
0.0,0.0,626135.640280758
0.0,0.0,111213.16563932256
0.0,0.0,1210373.188978251
0.0,0.0,22010975.00259571
0.0,0.0,24061718.76526201
27.24,0.10933,43903514.13526261
6.4204,0.054333,2297419.005773818
5.9266,0.033753,1828541.4912662404
3.2327,0.35161,6228469.001587072
0.042996,0.00066749,5302672.632873013
2.2267,0.032713,6660906.402972529
0.02935,0.00030335,286245.4830910927
72.81,0.0081291,1196157.9862766683
0.99569,0.0,40989349.18023309
8.4206,0.010742,3117772.317290683
1673.8,0.8997,7980444.974087756
203.85,0.016028,2563685.8932595267
0.0030078,0.1675,19857906.359103315
41.508,83.585,26243836.128917098
0.0004851,0.19276,3575982.191654477
41.867,1.1078,4783307.222102666
0.0,0.0,40217954.00000016
0.0058079,0.0,29984159.041233443
2.0709,0.0,17722183.632375132
17.951,0.0057846,1775223.9176195653
0.047895,0.0,10816395.104784934
1.861e-05,3.7147e-06,175513.0452084799
1.0289e-05,1.1315e-05,7595.811346493283
1.3925e-05,2.7927e-06,86931.59947250297
1.9482e-06,6.5635e-06,224603.38901624785
0.00095206,3.3184e-06,65799.42514130929
5.4149e-06,5.1316e-06,944794.361290541
6.2805e-07,2.6362e-06,1200.0239388280945
2.1851e-06,7.2135e-07,3249.3844211918777
2.5627e-05,4.7695e-05,58448.942680830834
2.6182e-06,9.7923e-07,3806.781386690124
7.254e-06,9.3321e-06,46939.633808384795
2.3475e-06,8.5131e-06,126609.46908021194
1.4389e-06,8.5372e-06,44749.25234515943
3.3903e-05,3.8428e-07,18487.12088343622
3.127e-05,2.364e-05,20336.542971825205
1.3955e-06,6.9125e-06,233398.34884109232
9.854e-07,1.458e-06,7326.709754341146
2.2947e-06,4.8304e-07,7220.7180013332245
4.6161e-06,2.6019e-06,11830.622326095136
6.237e-06,3.6125e-06,11094.430477714097
1.1146e-06,1.9361e-06,145761.70564242502
1.45e-06,0.00011695,6476.606245926694
1.0772e-06,2.1317e-05,273260.5857482174
1.0978e-05,2.7207e-07,62856.57735657544
1.4655e-05,2.8505e-07,63957.873027083384
1.3477e-05,3.6464e-07,39535.29296399846
4.4231e-06,9.3674e-08,11335.224222341905
2.3082e-06,8.1286e-09,-99.39571146811176
1.9494e-06,5.5026e-09,1819.1331373570454
1.6448e-06,4.8438e-09,14584.277804327114
1.429e-05,1.3797e-07,5689.417655023631
3.3332e-06,1.2538e-08,14476.408201482765
0.033555,0.03639,2647.9597639840777
9.6961e-07,2.8538e-09,32607.108120364104
1.3973e-06,4.1219e-09,20189.41953878612
3.7443e-06,1.2425e-08,35274.25392515129
1.7864e-05,5.1662e-08,1433.796227846138
3.2381e-05,1.0522e-07,1302.0971739689942
1.2076e-05,3.8649e-08,46356.850111878535
0.032223,1.9118e-07,30862.372994644218
2.5422e-07,4.5384e-07,309097.8883109109
5.881e-07,6.7079e-07,52652.69926384906
1.5799e-06,3.7262e-06,18293.50726264043
3.2585e-07,3.1942e-07,64041.50324254728
1.9205e-06,3.8861e-08,48840.33644609523
1.3365e-05,0.13496,13303.5130589528
5.7073e-07,0.0070456,213028.17865214706
0.0003037,2.3413,7609.614936168472
5.959e-06,8.3498e-07,19408.981435171525
3.5818e-06,1.5116e-06,105439.98763932085
1.1755e-06,7.6213e-07,7423.177794884943
1.8872e-06,3.9224e-08,4499.950857745351
2.411e-06,4.5126e-06,45003.49973356825
2.5011e-06,1.6772e-06,689239.1337464503
1.5609e-06,3.3962e-07,28409.077312155154
3.497e-06,3.1376e-07,10023.073038519828
1.3197e-05,0.00011772,385456.61642249057
1.4241e-05,0.00028151,46523.5597982328
2.2455e-05,0.011538,16532.304943604533
0.00012705,0.00063964,6026.877154682869
9.357e-06,2.0687e-07,19249.30404497466
0.00012626,1.0777e-08,13410.539354283803
0.000246,9.7904e-09,50475.58383987486
2.9693e-05,1.1323e-07,8874.225075216717
1.0419e-05,2.665e-08,2223.939581414403
2.8226e-05,1.5844e-07,6171.208782755165
5.4754e-05,5.7199e-08,12262.380450113851
2.7164e-05,8.1013e-08,6775.873436011645
4.2649e-05,1.7089e-06,21903.77009999145
2.8894e-05,1.1497e-06,6113.319098098599
0.00052852,1.2558e-05,19094.22842290769
0.00029857,6.5581e-06,14651.618203260836
0.0004952,1.4936e-08,8885.971896544386
0.00090537,9.7788e-06,2172.4890738535014
0.0005448,2.248e-08,38746.04068452508
0.00029629,1.4928e-08,27282.59244788786
7.9069e-07,7.6348e-10,945.0099889880486
9.5218,0.013387,698.50084056067
3.1758e-06,3.604e-09,6528.344160534372
4.4433e-06,5.0146e-09,99352.36126501912
2.4957e-06,1.3606e-09,337.73100987459554
1.0262e-06,9.3227e-10,187.9533113875428
5.9374e-06,7.3745e-09,37464.67507354949
5.1048e-06,5.925e-09,120289.59450813824
0.00014655,1.8301e-06,58545.793488800955
1.1368e-05,1.5334e-06,121899.18138835041
0.00011963,2.4843e-05,76469.97033055351
0.00013193,3.901e-08,6797.438673752408
3.9947e-06,1.5831e-07,5833.66412558266
2.2646e-05,1.0826e-05,45099.72469683731
0.00030582,1.9211e-05,113334.4951720143
4.4486e-05,0.00026246,26556.281318198242
3.7962e-05,3.8083e-06,33305.13298504859
2.1699e-05,1.2504e-06,3496.161611710299
7.1564e-07,7.5275e-07,640.8861783135419
3.6141e-07,2.2041e-07,1088.3046337750375
5.9596e-06,6.066e-06,5571.256810401268
2.3724e-05,1.8754e-06,749568.0784514432
3.1696e-05,2.722e-06,1585443.2795288733
8.7402e-07,7.24e-06,452356.5229931655
2.102e-06,2.7723e-05,84398.12634256629
2.3974e-06,2.5955e-05,45949.40498635873
3.05e-06,2.5304e-05,24090.668963593074
1.4605e-06,1.6298e-05,21698.18778537589
1.1567e-06,4.4091e-05,34584.23525658449
3.3127e-07,2.0535e-05,4641.86080772026
7.0082e-06,1.4362e-06,343.5979631905592
2.2542e-07,3.1919e-06,117753.1331573518
1.0644e-07,8.2672e-07,88589.43181803577
8.5904e-06,2.6376e-06,233688.65917910935
4.2851e-07,1.7661e-06,171778.4981771757
1.5008e-06,7.7146e-07,320303.03811479424
0.00045029,2.0445e-06,272429.3305353097
6.7803e-07,5.7902e-06,21708.195993498048
5.8552e-07,2.3109e-07,66039.64840262146
6.8021e-07,3.7482e-06,436258.40728692675
2.986e-07,2.9396e-07,494518.585840982
1.7473e-07,1.0188e-07,610810.9472858642
1.0005e-07,2.784e-07,105444.78310033071
2.3241e-07,9.5614e-05,111627.10985491902
1.5943e-06,5.6658e-07,114713.44715545735
1.6228e-06,8.068e-07,1170.7587254437867
1.0053e-06,6.5512e-07,1196.6305938973817
1.0336e-06,6.4029e-07,3156.0965106814865
0.002491,4.6977e-06,43098.402637338
3.7423e-06,2.8206e-06,223842.75383479602
1.0365e-06,8.7114e-07,1761.8616001332593
1.4904e-06,1.4877e-06,2123.7365273357036
0.00017333,9.1223,257985.4930046957
1.2349e-06,7.7871e-07,1540.310299674834
1.1639e-06,2.2191e-06,149701.21810205383
1.5997e-06,1.3738e-06,34292.666276416145
5.1248e-06,4.2132e-07,7981.5983321817685
6.3195e-05,0.0092341,35296.7586881544
1.1185e-05,8.0581e-07,3714.950854736029
1.2329e-06,1.2166e-06,1545.106110837776
1.2523e-06,1.1913e-06,356167.14650712407
1.5685e-06,1.2703e-06,2089.2363203455275
1.4191e-06,1.0648e-06,1853.0203618457208
5.913e-06,1.8408e-06,10604.19433001271
5.3684e-06,5.762e-06,9865.093112563301
1.9417e-06,7.6257e-06,69.36910670413259
9.5342e-07,3.2959e-06,295.23341343032985
3.3766e-06,4.8603e-07,7899.770298928089
5.3203e-06,8.3513e-07,13580.978010339672
0.0012328,0.010043,401503.12461043854
1.2207e-05,1.2263e-06,1038525.6433738112
5.8796e-06,1.1264e-07,-238.40844462763755
6.4873e-06,1.4838e-07,-167.01140564793508
6.2621e-06,7.6083e-08,-299.0678124096794
6.428e-06,7.9086e-08,-285.3028145931608
3.34e-06,6.6544e-08,-438.74747012847104
1.8198e-05,8.5246e-08,-64.31450130575598
5.5536e-06,6.5234e-08,-373.57667711422755
5.8889e-06,9.5017e-08,-228.8168007643448
8.0559e-06,1.2016e-07,-66.92499935467742
7.6673e-06,1.0951e-07,-26.051738338067576
2.3723e-05,3.0784e-07,7399.999956466911
7.2193e-05,4.2574e-07,2411.273389558469
0.0090191,3.0355e-07,766.2414422424803
9.3653e-07,4.3359e-06,617202.1095369192
3.8838e-06,5.8953e-07,9658.349765193332
8.15e-06,6.7224e-07,20834.748776933437
6.6687e-07,1.4017e-06,156089.89687021202
1.1785e-05,2.0677e-06,639820.9294103407
0.00026321,0.70601,9627.763714439527
0.0016967,78.422,43323.79886310729
3.3493e-06,6.0025e-07,7939.718036412132
6.7753e-06,1.092e-06,18335.826348373776
8.039e-06,0.0010831,44982.30321609278
0.00022406,1.8211,36758.61531204619
1.4781e-06,2.1211e-07,24361.603311972125
4.6779e-06,1.8749e-06,41404.64532502974
2.4213e-06,1.3229e-06,1131534.1673629382
5.0569e-06,3.2225e-06,307788.8790234682
9.267e-06,7.3253e-07,25068.273072344946
0.00060784,0.004248,511155.71737467044
2.3768e-06,1.5063e-06,105347.3939152254
9.2015e-05,3.2106e-06,26384.938292427985
6.0264e-05,2.1649e-05,-72621.7884446984
6.1308e-05,1.7321e-06,15916.626681329924
0.00016233,4.1726e-08,17389.66499182782
0.48581,14.567,-80435.28798899546
0.00012422,9.458e-07,130829.75118470791
8.3838e-05,9.5915e-07,27324.87613381701
2.219e-05,1.8521e-07,4737.875606460014
2.4331e-05,1.2413e-07,4483.382433255102
1.9512e-05,1.2015e-07,4990.11809056444
1.497e-05,9.7817e-07,22770.22785920067
1.8429e-05,4.3115e-06,6677.464884648257
0.00025467,1.8801e-05,10355.96387953839
0.00021367,0.00033252,2925.7654995853177
0.0004328,4.5881e-08,1104.57593527961
0.00084097,1.2759e-07,6987.180916030487
0.0014937,1.4677e-07,11493.804765522951
0.00062704,1.0108e-07,2286.1418179319708
0.84664,0.0012712,1123.6269918074952
7.9246e-06,1.0021e-08,631.3996483931351
9.978e-06,1.223e-08,355.02878385933957
1.2305e-05,1.6125e-08,3092.701959178677
1.2357e-05,1.5883e-08,43.76039982017406
8.9159e-06,1.1038e-08,19.7194834573294
1.8757e-05,2.488e-08,526.3105440613257
2.0835e-05,2.5369e-08,3044.157350333461
0.0011403,0.0062218,57139.534365560285
2.4142e-05,1.3408e-05,81748.59919852109
0.00021606,0.0024556,18928865.142825667
0.0003076,2.767e-07,673970.5045867591
6.3377e-06,1.3571e-06,9517.281681763665
0.011439,0.0088808,335053.0273633862
0.00054309,0.00025786,51560.29651908747
0.00045781,0.0035609,-12301.263651801599
0.00020131,4.7617e-05,271044.44249307347
5.5109e-05,1.9353e-05,7866.327603466688
3.0176e-07,1.3443e-06,1257.1450832667554
1.8823e-06,1.8666e-06,-33.44944533190642
1.9186e-06,2.0443e-06,1519.1826461099515
2.0745e-05,7.887e-06,2536696.5502457228
2.0063e-05,9.4464e-06,4715357.889683181
2.0672e-06,3.4735e-05,428173.11651744694
6.091e-06,3.6941e-05,14968.827153607228
3.9404e-06,2.8463e-05,10571.211928530167
4.6196e-06,3.5126e-05,11906.141979471087
2.9444e-06,5.5321e-05,43641.423529139254
4.1155e-06,6.7498e-05,49897.69118487321
8.6592e-07,5.5554e-05,5214.652753631931
3.6549e-05,1.3168e-05,1562.7847738087194
1.8225e-07,4.5081e-06,33216.91589676194
4.1764e-07,7.3861e-06,21861.368738477933
6.2997e-05,4.3779e-05,195995.08623993144
2.2129e-06,6.7621e-06,118130.97361849788
1.4053e-07,4.068e-07,28165.111973754807
0.00019429,3.5111e-05,436630.7284565789
1.1326e-07,4.1041e-06,7246.536008790189
1.934e-07,4.669e-07,4350.284562794051
2.8932e-07,8.058e-06,998812.9251065855
3.177e-07,1.4963e-06,1150472.9412640457
3.4053e-07,1.1191e-07,2756955.154707715
2.1349e-07,1.7007e-06,187467.4595868771
2.209e-07,0.00021907,810685.4711694658
6.8329e-05,3.6832e-08,89664.88365750044
0.00022267,4.8808e-09,7758.398075642179
6.3376e-05,3.1666e-08,6514.208484620353
2.7234e-05,1.0473e-08,4653.884517903333
0.018861,1.4949e-08,11266.910268471946
0.00043364,0.0049047,1780986.1520425333
3.677e-05,1.4394e-08,3543.353489858354
0.00017062,6.2714e-09,15515.40415542308
5.8752e-05,1.8129e-08,7356.475102799346
6.2761e-05,2.8527e-08,6094.187256657212
6.3165e-05,0.00021314,77663.53281595005
0.00035969,0.0069702,460191.4840918283
0.00010109,6.2599e-09,8698.297667500223
43.457,1.268e-05,109097.9342942188
6.0616e-05,4.6711e-09,113567.61538831692
6.6326e-05,8.8368e-09,5687.550731816992
4.7978e-05,2.6171e-08,4412.435807199939
8.9717e-05,1.7772e-09,7386.392396918847
7.7469e-05,2.2916e-08,13307.796806901279
0.00025555,0.0040111,11498.878840014246
9.4879e-05,1.3848e-08,17983.898943992834
0.00012649,0.0020857,111700.17511335346
5.0365e-05,3.6401e-08,149267.8117609452
2.0794e-06,0.0,6816.222127076999
1.0529e-06,0.0,66483.68588945066
0.13684,0.0,51894.02317854883
1.4627e-06,0.0,14975.206387435459
1.5762e-07,0.0,327.69980856019674
2.0307e-07,0.0,415.65924101091343
1.1575e-07,0.0,269.8646894817073
1.3575e-07,0.0,277.145945921489
1.2649e-07,0.0,258.59906572877907
2.594e-07,0.0,634.735064481985
9.7315e-08,0.0,198.61748513445772
1.2377e-07,0.0,252.44866502685278
1.3411e-07,0.0,296.05387687305665
7.5038e-08,0.0,272.0274443476493
1.8137e-07,0.0,13459.326532083864
0.00022154,0.0,3732.9791998418555
0.0,0.0,225.9177704833817
6.2938e-06,1.6364e-07,162893.9653203302
1.1936e-05,3.1884e-08,31473.963368890887
1.2218e-05,1.0894e-08,31965.62352102704
2.3041e-05,0.0013269,265174.4205203121
4.4456e-05,1.2776e-07,316237.6450780611
1.3822,4.6514e-05,40314.321257060066
460.87,0.012699,420575.6116706933
0.00030617,0.031399,535649.8137520028
2.9398e-05,0.00023916,58528.597715035095
0.00022526,0.00034211,30563.67472274122
0.00057919,0.053221,95313.69297188062
0.00021983,2.7744e-08,90232.91889529115
0.0060542,0.53649,397250.3372494374
0.00054022,0.012752,967800.3366016987
0.002703,0.30635,258332.7576713688
2.3136e-05,1.9705e-07,557949.5662321587
2758.6,0.0017819,3198476.0888714436
0.027654,1.8912e-05,2046232.2147664502
0.0010959,0.047792,97023.23615134996
0.50033,0.00083976,69572.19030409843
0.0028761,6.4175e-05,92095.67609338847
0.15395,0.0,31546.6182449849
0.10264,0.0,410936.81085993757
0.0010616,5.144e-09,20072.83662550626
0.026111,0.15755,191222.86118730565
0.00094154,4.5483e-09,20678.747596605284
19.823,0.14732,21462.944477200213
2.2509,0.016719,-1378.4396294475482
0.86141,0.40473,470326.7219089459
0.0010346,3.9755e-07,25436.578676930334
0.0074631,0.0,52901.0478965733
0.025389,0.0,32518.33647034915
0.0049596,0.0,21490.328365354042
0.004959,0.0,3743.37211382063
0.0069922,0.0,27953.525471926077
0.010263,0.0,31503.862025845374
9.8756,0.0,8741.140671167399
0.048701,0.0,809.571500523633
0.42246,0.0,441.41467535441075
4.6834e-07,0.0,176.3753003413221
35.803,0.0,743.4474268379017
4.8426e-07,0.0,1744.6201617669096
3.9473e-07,0.0,729.6971330421376
1.8555e-06,0.0,826.1027125916374
0.043914,0.014018,276038.6234212811
0.0062896,0.00015993,717590.8576646349
0.36667,0.009359,926787.5294643622
0.47619,0.0,60750.03960072765
0.00010993,3.5821e-06,74747.89878545798
1.1243,0.00069414,778602.9711332163
0.032608,0.0031991,413711.8936355262
0.0020835,4.8382e-05,533302.7748955531
0.33474,0.0025696,210669.1875586277
0.38152,0.0024553,191699.1025170185
0.0,0.0,-13572.80517828777
0.0,0.0,5282.180341521356
0.0,0.0,380947.1407133817
7.1991,0.0,2354292.1409467296
6.566,0.0,2685434.2967658006
0.0001382,8.4833e-06,1194752.3283486313
0.010827,0.00023217,199599.36467055563
0.01249,0.00026578,186035.23992654862
0.017608,0.00037544,225652.55264894312
3.9561e-05,3.4543e-05,161533.2230735381
0.01693,0.04504,264492.5017556725
4.9804e-05,0.00075909,66015.02241066367
0.002008,4.6289e-05,104238.53438603866
0.005709,0.0,5660154.555261868
1.6194e-05,1.354e-05,231005.21269893533
0.019302,0.00010232,451358.8831188966
0.007097,3.4474e-05,601351.4188024348
0.00045492,0.014055,1030788.7873776606
0.00021983,0.0013137,5055555.103078493
2.0482e-05,6.393e-06,1449947.3158770103
4.4815e-05,4.1958e-05,704354.77597371
0.0,0.0,9000697.540000299
1.7846e-05,0.0,87148.98387174809
1.0005e-05,0.0,82299.35306209534
1.6497e-05,1.0562e-05,138420.8997892758
7.7159e-05,0.0,217830.37335553308
3.2641,0.65006,2788743.0591951683
0.85923,0.046066,895246.3970079885
0.019272,0.56978,2583129.9043841595
0.018786,0.07899,2278456.007683407
904.19,0.0051905,1732014.3846951996
0.0086334,0.010755,13624912.71237085
5.0163e-05,0.00012919,1803286.5493660117
57.336,1.7655e-05,757807.5192397179
1.455,0.0044943,752210.0774480223
0.00072855,0.019746,468397.9073330683
5584.0,7.4305e-05,2797304.7035839683
1072.4,0.0019465,7173548.499176279
0.71569,0.024735,1280116.7060950333
2988.5,2.2429e-05,3627154.8858879264
0.001591,0.0092417,2195023.535917246
1.7189e-05,1.2902e-09,492596.5343780809
4.8178e-05,2.2532e-08,2380280.6828562506
5.8752e-05,6.0496e-07,2084470.18315628
0.0038775,0.097433,2356525.64587449
0.00034149,0.0084246,1083235.5668647487
0.45941,0.1555,1630399.5092584256
0.21177,0.00066284,1215925.73239226
1.1947e-05,0.00036326,283969.5724203374
0.00018832,9.9355e-09,-1823639.3265425926
0.0062786,0.0023666,-1230810.5052192113
0.00014575,6.3009e-09,-2484533.1847980656
0.00018952,1.184e-08,-966437.1385852939
0.00035928,3.1415e-06,63718.38241717617
4.6222e-05,1.7213e-09,88056.52350658002
3.4377e-05,1.0453e-09,47128.1427666383
8.7857e-05,2.786e-09,111943.37993252167
4.9046e-05,1.4197e-09,60501.024774412894
0.46975,0.0047068,106861.04400698232
1.993e-05,6.3268e-10,24911.572657426008
3.3409e-06,1.2408e-10,4115.967444524208
1.8756,0.018796,68321.54251711602
0.00012875,2.4966e-05,461700.6467134983
117.23,0.00086629,134996.1997523175
0.12398,0.0012421,80682.18509456252
0.0,0.0,679.2058765492691
135.23,19.159,3979894.468652887
0.00094384,0.3476,5849119.902197732
2.989e-05,0.020156,1589360.0314113677
0.032862,1.1837,4680773.162378545
0.094653,5.3281,3625303.5878226636
0.010539,0.52635,1198712.4525920134
8829.2,0.067952,3914175.2136566285
9.4766,0.0023809,2103092.9695478044
0.53155,3.8503e-05,2826267.39968434
5.2714,0.001379,779484.578068663
387.29,0.0032605,1974513.2239166375
70.085,0.020217,2317618.453876747
32.398,0.0012916,2101363.0150757683
1.1222,0.16604,12800698.386688706
15.947,0.002337,5895633.861010503
0.10978,47.444,7638903.110512565
17090.0,0.55394,43955835.030117124
4.7168e-05,9.285e-07,19260436.07365715
0.27088,0.096598,1087893.0085687474
0.38259,2.2613e-05,3420298.4602887114
0.019975,0.0054491,2240484.4023981374
0.00050576,4.0513e-07,1981946.3300767487
0.05457,0.00011627,2562305.440823593
0.051579,0.0059396,899815.6715494177
0.12085,0.0017901,955170.5498121692
15.456,1.3908,862016.4336270723
0.018141,0.0015726,933719.5146531577
0.0066723,0.000538,931109.7086205184
0.13739,0.00017054,5994995.001609685
0.43261,1.7493e-05,2197898.4513582126
2.1729,0.00021558,3360750.6802784465
6.5786,0.00018718,4628710.709924414
1.4394,0.00028024,820910.5234760378
0.39601,0.00066342,854446.0522572425
137.31,0.0011208,1311999.2309371394
0.3337,0.00032574,1448485.5279580043
0.0066016,0.0,109929.36619705126
0.017221,0.0,52452.90671980151
18.676,0.0,105712.12811344277
0.00037309,0.0,77428.31384108699
91.553,0.0,37450.790696854616
4.6402,0.0,31635.178373245377
4.4462e-05,0.0,14209.522015166036
9.5421,0.0,45002.17311534517
60.393,0.00092244,17113290.866767462
7.0806,0.00033772,21104246.272975523
69.255,0.00085502,35329610.206783585
44.646,1.8555e-06,8117084.64949653
0.00012279,0.049768,9764705.164086502
14.644,0.00036546,7501553.895951786
16.705,0.0037248,17192086.106775574
5.6937,0.0011957,17307578.246587522
66.607,0.00010063,11147440.288397944
48.193,0.00010756,8143965.965778753
0.00037038,3.5799e-07,2158409.799558265
0.0010871,3.3007e-05,2497608.2812979533
0.01616,0.013588,423485.0679602067
0.0022804,0.00040006,61554736.73013369
0.0024042,0.00043076,76204373.73283862
0.0016955,0.00062939,122504309.9543862
0.0013923,0.00016095,19790885.845627997
0.0013907,9.9011e-05,21431275.140262943
0.0015519,0.00023674,19892309.36124451
0.013904,3.2161e-05,3486425.968762207
0.0037047,0.0022315,6453903.649530305
0.00014172,0.0001144,5419183.731968228
0.00041454,0.00049765,1867130.1631690608
0.0036718,0.0,42829089.390129924
0.24941,0.0027824,3373694.1463151663
0.0034528,0.0018617,13313035.271049285
0.016253,0.0082509,10715726.897004122
0.009148,1.5706e-05,23419084.737903725
0.0046055,0.00033408,70621333.06163435
7.9063e-05,0.00024792,10557227.016770229
0.0085834,0.019641,9708056.38331516
0.00042239,0.00026248,61064977.440874524
0.0026567,0.00027358,37311260.15201704
544.97,0.00016519,38096122.50312783
0.0022407,7.9819e-05,14912599.595307324
790.09,3.5669e-05,15147330.703034341
0.00027,21.153,36989.211051759994
0.00022687,13.726,2090397.8825543511
3.3369e-06,1.8256e-05,1242007.6852045502
5.0271e-06,2.611e-05,1329526.5797086623
0.0027365,9.9538e-06,548846.184951452
6.1348e-05,1.3906,3746168.1227873713
4.1439e-06,6.2584e-06,7100.83732205142
4.0272,0.014175,130088.64148844681
0.00022753,23.574,448875.9280167586
5.6678e-06,8.2102e-06,233940.5402504538
6.2982e-06,0.065396,6371.8837774192125
41.215,0.43872,3046219.2927300446
86.879,1.0692,468267.45808623603
0.0035317,9.9854,1184379.319000876
0.00051625,11.319,130978.78557698564
7.9249e-06,0.51364,228448.48124482145
6.534e-06,1.1465e-05,15509.354436458405
9.5535e-06,4.4081e-05,183563.80076055802
0.00050785,43.172,99778.74336032028
0.00030251,22.969,436148.2628092211
0.00015522,3.4555,4149282.899129264
0.00030413,35.887,455585.65488221135
7.1119e-05,2.1561,53077.6452658607
3.7792e-05,9.2501e-07,99663.7726144475
1.7191e-05,2.2804e-06,61482.108280887696
1.4019e-05,1.2451e-06,103790.83369727114
9.8549e-06,8.8037e-07,116199.13180357973
4.2162e-06,5.6877e-08,-940.9128178223676
0.00015142,7.1383e-07,4559.812454182159
3.5424e-05,7.0717e-08,-112.27293124933803
0.0096859,0.010726,2659.1247522717545
7.0334e-06,1.3329e-07,1365.9817325043737
0.75214,0.83352,1136.0751797713663
6.4701e-05,6.5322e-07,1830.10602207948
1.3368e-05,1.0366e-07,1013.048482725875
1.5996e-05,1.2872e-07,1045.7628551365372
0.00012788,0.04357,1583997.2182957756
9.508e-06,0.00078496,239343.39131580706
1.5045e-05,8.975e-08,8352.8233581662
45.609,0.19589,59601.474449840876
7.4603e-07,1.1538e-06,368294.3010756708
0.002062,10.774,69910.1366248282
4.5047e-06,2.0167e-06,54318.64196879848
4.8337e-07,2.4987e-06,140524.51149641388
7.6236e-06,1.934e-06,197905.20142274248
449.68,0.08767,403525.6354102443
0.0020574,46.973,901863.0985247991
0.024224,2.8182,111890.51883830743
8.7168e-05,0.13549,207985.9052251954
0.0004433,1.1164,69841.90061285175
0.00045825,3.3811,252624.32117334884
3.6175e-05,9.7279e-06,90908.01602204358
0.0031278,24.28,197363.27540773773
3.85e-06,1.1722e-06,661690.0819485186
0.0010715,11.602,2235221.0078223413
0.0013365,7.3545,264442.39296032785
0.013618,0.24647,861506.556469102
0.12018,1.5802,176717.493199385
0.020936,6.0932,29232.336614820597
0.054685,1.3831,122684.80708328915
0.0025241,0.0027983,140035.19747950826
0.00018725,5.3207e-08,19812.27224363795
0.070825,1.3379,283382.5284243273
2.5642e-05,3.4856e-07,53258.194018707
5.1403e-05,2.2084e-06,20497.20564407935
4.4769e-05,1.7012e-06,17271.873960567984
0.022072,0.25069,14327.165949406532
0.68139,7.7604,15278.537240719683
0.012916,1.4334,155533.73645400745
0.013256,0.0037349,244968.098068238
0.092581,1.9345,37442.30717388462
0.00044306,0.00044269,502802.1984837819
0.0016752,6.2759e-07,8160.367719892465
0.10749,10.444,48146.78520786592
0.00035325,0.0022891,775038.6061047836
0.005233,1.2432,126686.57827743093
33.094,0.047522,1556.216072526677
192.41,0.2763,6007.868661391275
15.469,0.022213,2688.7231653307845
0.012675,1.8199e-05,2878.9862879963575
1.5659,0.0022486,193.65477579541485
1.1023e-05,1.3082e-08,2026.3178078027815
1.7571e-05,2.3001e-08,274.06325176486973
0.0030158,4.3283e-06,766.5742951483267
0.10953,0.00096914,328200.3108834561
1.0069,0.0056405,64375.7509348691
0.0578,1.5791,99467.0518889448
1.0097,0.075691,38065.16513350944
1.3609e-05,5.043e-07,17242.931780122075
0.0012194,0.00084089,182182.28371103833
0.010088,0.1833,191095.27525119184
0.029416,0.00032624,221234.64892406625
8.5508e-05,1.6659e-05,855432.5442547314
6.5871e-05,2.0638e-05,62487.189905936735
5.6414e-07,1.1725e-06,809.3221737627238
1.0817e-06,6.7275e-07,27426.178539965407
9.9209e-05,1.1888e-05,1150.878557998822
2.4884e-05,7.6542e-06,8297397.420477996
2.9064e-05,8.3353e-06,9830617.75944677
6.0515e-07,2.4481e-05,205621.70325782264
1.7142e-05,0.00024063,696283.7804222056
1.4497e-05,8.8046e-05,38115.58260352702
1.3628e-05,0.00013705,58317.92016705603
5.7171e-06,0.00012486,110403.16769361292
6.137e-06,0.0002345,88799.42523216519
1.6117e-06,5.7489e-05,137122.93213887137
9.1412e-06,4.3307e-05,603553.0648408498
5.4645e-07,1.7908e-05,98800.19140645517
4.6062e-07,4.1409e-06,5597929.419478531
0.00010071,1.1949e-05,293700.2614835547
3.6935e-06,8.7098e-06,361811.2067217206
9.2642e-07,1.8944e-06,427230.0423444655
0.0008059,5.3432e-05,1069468.7242229087
2.1551e-07,7.0272e-06,21402.357261834106
6.0054e-07,1.0633e-06,3603412.940302945
3.376e-07,1.8589e-05,2421848.731618946
7.9408e-07,2.5136e-06,3345810.2617004253
7.7513e-07,3.3672e-07,2705861.450078363
2.2539e-07,1.4214e-06,172905.6832013874
2.8003e-07,0.00019547,1430616.8814342774
8.3898e-06,4.508e-07,12320.672879303653
1.2681e-05,0.72503,308778.6994241453
0.00036657,43.143,174179.72656547982
0.001943,166.77,68474.78747982655
0.0021786,7.4263e-06,105228.31249755679
7.3143e-05,1.2456,573432.873790455
3.5594e-06,4.304e-06,5514.824489648434
41.091,0.031863,86740.43129971351
0.00017077,14.167,64655.9703588309
8.6886e-06,5.6981e-07,13327.482130092481
6.3754e-06,1.2801e-07,10195.84359266445
0.00012683,11.245,466819.63201861334
0.0014571,87.817,244517.60777686266
0.00098827,3.7767,312628.80163892277
0.0032144,25.63,15900.955465363542
3.415e-06,2.7312e-05,78421.74141057153
5.7207e-06,3.0939e-06,10980.1718187555
3.9848e-06,1.3457e-05,10134.32432660585
5.699e-06,1.7447e-05,33450.35595097349
4.5751e-06,0.1178,643297.5607783752
0.0010078,22.893,6584551.090470742
3.615e-06,6.6073e-05,218663.24139522226
5.2005e-06,3.6297e-05,224482.93255990537
3.7719e-06,2.0411e-06,789771.5861986637
4.7673e-06,6.4018e-07,19744.000207130284
3.9e-06,1.9865e-07,9817.278449265606
8.8269e-06,4.3656e-07,22440.73887664775
7.1173e-06,1.3128e-07,71.42052422365848
8.0002e-06,6.0357e-08,71.67078999694994
8.4918e-06,3.3108e-08,121.05436208459737
9.7152e-06,3.6708e-08,161.76557468676612
9.2719e-06,4.2259e-08,1187.0588518007876
1.9342e-05,4.6565e-08,558.76623508403
1.9061e-05,8.1254e-08,316.5096370699181
2.508e-05,1.013e-07,2872.3782629392244
3.3694,3.5678,1133.179651627273
8.4694e-06,0.00035275,2170.150368161618
6.384e-06,0.00016422,10947.161857406058
1.2906e-05,8.8205e-08,153.66841512837965
0.0038137,4.8606e-08,486.5892946522945
0.0031808,46.398,435548.59961508884
4.6907e-06,4.6023e-06,134176.5273385912
3.4019e-06,3.2227e-06,128878.48871718209
1.0774e-05,0.075463,101092.34719004124
6.9469e-05,0.007828,116884.58320768799
310.99,0.155,624766.8811402364
7.2176e-05,2.5182,120715.80190945162
0.00030272,1.113,32991.25483936615
0.0047248,6.3496,24083.112340682907
7.8066e-05,0.086231,48603.76768259637
3.7325e-05,0.47794,85177.160888692
4.0689e-05,1.0527e-05,65609.36446714209
0.0012129,10.548,12777.136981829386
0.00075062,1.5638,869334.0623045523
0.0016484,18.526,1923752.719745129
2.3197e-05,3.4991e-06,103445.58008467124
0.00030427,0.0031677,1361263.4437790143
7.4117e-06,1.954e-05,232692.87102766917
0.00035786,4.6658,171891.18251539924
0.00027993,0.0091599,223901.93245227166
8.3567e-05,3.6488e-06,163861.7893038619
0.00038317,8.1861e-08,40602.15448152125
0.0023982,0.099891,1252251.537584566
2.0123e-05,0.02891,83719.64541946929
1.445e-05,0.011618,108244.90835406852
4.3909e-05,2.0811e-07,9487.557328466562
2.6328e-05,1.9838e-06,15840.761578152706
0.0090149,0.097784,7431.310400112877
0.00026125,0.0098255,836293.1145874073
6.8646e-05,5.799e-05,162931.16271886366
0.0011034,0.0089306,84278.64568951937
0.00028125,0.00096954,87466.08263332829
0.0003514,0.00038235,59809.71954852275
0.00046322,0.036873,46607.01992608406
0.0031531,0.64906,81275.28269023796
0.00049054,0.061083,280698.81310750404
5.5436,0.0076057,2919.770382054936
64.931,0.089085,1009.8069581736498
7.4601,0.010235,14462.085086696965
1.5175e-05,1.5485e-08,300.8682301123433
0.12499,0.00017148,1719.5231854533736
1.5608e-05,1.5719e-08,356.7340003169901
1.4342e-05,1.4458e-08,526.3548814935835
2.7716e-05,3.131e-08,1099.4038389979567
0.0026604,0.0010692,430232.6412975609
0.012969,6.7684e-05,2640890.288055621
0.04359,0.00015245,2919646.9053962003
0.0094193,0.00018653,390305.5703924142
1.4408e-05,9.4349e-07,21860.532898957743
0.83735,2.819e-05,614244.2126841116
0.016186,0.12409,992790.7150680735
0.00026599,0.0068146,368440.7074049225
8.356e-05,2.0861e-05,65963.00475188407
0.00010238,1.285e-05,16707.59729361562
1.396e-06,1.0605e-05,157414.92005795665
1.7534e-06,6.4889e-07,71521.75129452594
0.00020194,4.0485e-05,90276.48431246732
7.4956e-05,1.2837e-05,1419533.8076748222
7.6569e-05,1.335e-05,3816399.9569865162
1.5573e-06,2.7453e-05,346778.4531641232
6.6368e-06,0.00019286,530286.9190347113
7.0455e-06,5.0746e-05,17676.233271932106
7.3517e-06,4.2422e-05,18453.809901487777
4.6235e-06,4.5492e-05,69796.76282961816
5.5327e-06,4.7849e-05,62179.55379039053
9.213e-07,4.9464e-05,9166.48909836053
4.2795e-05,1.4238e-05,4030.3233102425847
1.5633e-06,3.9531e-05,929725.9986755162
1.0777e-06,8.5026e-06,288067.04224333947
1.4641e-05,9.9031e-06,1013273.7983222846
3.2483e-06,1.046e-05,160982.59813840446
4.5837e-06,6.1071e-06,221405.00590447517
0.00011075,3.5852e-05,1978223.3938397404
6.4939e-07,1.6475e-05,43238.6267712052
2.1368e-06,1.9115e-06,79922.60364948104
8.5642e-07,2.7434e-05,2001091.8400412663
1.168e-06,1.988e-06,3936000.2384821316
9.3524e-07,4.788e-07,2968319.357775107
3.9535e-07,1.7052e-06,262748.1601995928
8.1917e-07,0.00039359,1397554.1694965975
26.128,3.488e-05,1020204.311162773
0.054045,0.083134,341840.2885653479
14.494,0.0010486,1703635.1291279984
12.682,0.00099563,934692.0313627305
4.7137,0.0010198,234840.1748365066
0.092484,0.0070238,7380478.752089615
0.014885,4.5852e-07,313075.8419253108
0.0043524,0.0020769,88269.82346173111
0.0034991,1.9034e-08,92243.99995214175
0.013424,3.5375e-07,281028.36357051856
0.098921,0.040125,314197.2314039312
81.669,0.14696,1323625.7482807904
0.014962,0.021899,417718.0493430663
2881.1,5.1886e-05,168089.95938682614
39.797,0.055705,190551.19776677934
0.0034778,7.2761e-07,3376660.105514261
0.0012612,0.0027144,6074.035944096008
0.0030854,4.8883e-08,60074.3757569324
15.349,0.0038032,288347.0487568071
0.0043315,0.0059094,38758.26563469888
20.416,0.0011277,328592.7050487379
1.3332e-06,0.0,91162.41152981936
4.2193e-06,0.0,217.60873241920103
9.7689e-08,0.0,653200.5722597673
3.4073e-07,0.0,4842.311720048115
9.1299e-07,0.0,2265.1433709728776
1.751e-07,0.0,2555.076224628503
8.3673,0.0,67443.30439749599
0.00015435,0.0,4587.9726393178535
32.232,0.0,3539.422307922662
9.0966e-05,0.0,2745.9487693019983
0.00024033,0.0,9656.987339947365
0.00015279,0.0,9341.791836495788
6.0419e-05,0.0,1900.0972477167165
0.00011386,0.0,14733.390126070468
0.19949,0.0,1418.2375954126019
0.00069647,0.0,7385.164407206969
0.00026508,0.0,1697.9313152025277
0.0050338,0.0,4607.17873924501
0.0,0.0,56370.56888035852
0.077706,3.9798,1380559.6737552432
0.00082158,0.017376,129969.81548651106
0.007283,0.32786,1851228.0197038243
0.007992,0.24566,2100373.052691084
1.9677,0.1229,1412024.8608701865
0.0074983,0.036644,154375.50479534577
1.239,11.701,1338991.7216465268
0.026675,0.0020658,388009.68574650073
0.020137,0.092152,161460.08874441363
1.9706,0.021617,341402.9655450064
32.624,0.0079924,1350661.3552074144
1.1689,1.1779,805922.6050397953
647.97,0.0012315,1635188.5851296894
270.84,0.00040935,3859361.4837891557
0.75321,0.074563,3098745.5521333427
0.1842,6.0138,4181980.5557057355
68.924,0.003316,482430.97691593546
0.011062,0.0039728,395310.87076905154
5.5276,1.9397,371078.5626842738
48.761,2.8503,143375.07028732443
13.659,0.04829,207486.23441174196
31.787,0.0,56131.59597328528
0.0011231,0.0,402288.61768325075
0.78146,5.2599e-06,3727.5612271694176
0.26553,2.8127,65907.38387960011
6.9925e-05,3.2729e-07,33973.454655376656
0.015508,0.00042027,36872.37399305883
0.003727,8.9907e-05,40108.32371751943
0.034137,0.050922,1493108.646251922
0.0053027,1.7923e-07,377923.0321477493
2.4377,0.0,15728.62316304348
0.022446,0.0,130139.78313371856
0.0010989,0.0,24838.8551402946
0.10551,0.0,256580.36320830358
0.0060575,0.0,79683.70153529913
0.0021185,0.0,104100.53811013827
0.054243,0.0,430297.81428073056
0.0067872,0.0,6013.193910484256
0.0079528,0.0,18756.618518662697
2.6024e-06,0.0,7993.4131078066
1.1464,0.0,8265.888566810989
2.5589e-06,0.0,6375.065947666591
0.023037,0.0,10907.57815691211
13.573,0.0,4788.8902625229775
14.306,0.0022815,457737.79525013233
7.0629e-05,0.00073935,941593.9329866833
0.00032665,0.0001269,636076.2123392636
0.6701,0.0,913381.0731522146
0.0055141,0.00023831,166775.7926096922
8.2755e-05,0.0039982,131389.0346460581
0.001672,0.00017151,867453.8016048238
1.907,0.0095669,1037459.7396142423
19.159,0.073442,2866082.0410455456
6.5791,0.002465,2318447.264022854
0.0,0.0,1499480.0052204365
0.0,0.0,222078.7624349234
0.0,0.0,97422.63316788006
0.0,0.0,5729820.003289739
0.0,0.0,6544800.001337335
0.0027472,3.2335e-05,20264343.98766254
26.387,0.0047919,878752.682004542
31.171,0.0045333,854980.9609341323
18.502,0.019716,3951152.1585046845
0.038916,0.0015536,477572.24910560146
449.95,0.29274,792025.204337453
20.951,0.0055561,2022961.95193523
13.357,0.055157,63558.75398299631
0.068519,0.0,2105225.785258539
33.373,0.0016093,275839.7463583736
46.068,0.039584,1725861.3809082003
7258.2,0.007184,3439803.790737164
2.4535,0.18199,1829394.9077162605
0.90128,0.02521,10871917.277086971
0.0014934,0.013544,1573189.958913361
0.017886,0.0038125,784906.3926162196
0.0,0.0,27757990.000000034
0.00064045,0.0,19039251.11133691
0.85278,0.0,11377995.487377036
0.0045667,0.0021854,1070979.8486035906
0.17714,0.0,1052916.8130766153
1.5527e-05,2.0933e-06,143858.92948862966
9.4298e-06,0.12678,75708.18079125117
1.5583e-05,2.6425e-06,251478.70079757663
6.121e-05,8.3397,120390.06000100974
0.019013,0.00041736,299154.53383994114
0.00027524,11.895,551053.9416541826
5.6426e-07,2.343e-07,3819.8043536214386
1.5629e-05,1.1294e-06,26971.06772478506
7.0482e-06,4.9802e-07,10055.829297712738
7.7025e-06,2.7399e-06,51511.96906209359
8.5462e-06,0.019628,152444.59077072857
0.55798,0.1999,141601.78266393513
7.0622e-06,1.609e-06,10344.187469109022
5.2145e-05,0.12443,34575.94742917175
0.00019638,5.5742,18627.60594441303
2.5168e-05,2.6674,54691.27299704603
5.3961e-06,1.6849e-06,11507.72784447163
2.9865e-06,2.0786e-07,3637.1126010691505
5.115e-05,8.0371,14915.657193027035
2.4677e-05,0.1167,109370.1415328686
0.0014957,32.26,16113.825475218977
0.00023871,88.062,25461.78859326417
0.00013345,24.336,14443.844448730611
1.7885e-05,1.2355e-06,46252.17772768956
7.2344e-05,0.0014427,811447.467785596
6.8305e-06,7.2112e-07,30500.994704105673
1.3337e-05,5.7783e-07,33827.5946642772
4.4608e-05,3.5629e-07,20980.8044300888
2.2888e-05,7.2377e-08,-196.92035154854753
9.7576e-06,4.8271e-08,8981.822594582522
3.296e-05,3.5553e-07,362.2073246053095
5.0264e-05,1.1791e-07,313.9111419142945
2.1399e-05,1.385e-07,-71.67521134016698
1.7535e-05,1.5168e-07,-74.48762474275301
1.8382e-05,7.941e-08,-340.09631225439256
1.8398e-05,1.3866e-07,1113.7385932168252
0.00019758,0.10859,281.2661725542201
1.481e-06,7.9209e-09,2061.1437139012205
0.36644,0.44208,3739.041887761021
9.9835,0.046619,104269.6783299401
7516.6,0.055051,1782148.867706552
0.00020795,0.73934,73982.85737811711
0.014927,186.97,124253.5530727888
35.59,41.751,437402.85891520744
420.43,0.18182,208146.2112088947
7.9814,0.016826,46629.894861260684
120.7,0.022684,80685.26276964885
0.00043071,5.3155,30045.73711325997
0.018344,25.679,51066.63067762708
0.083365,81.619,35492.50066621155
0.027607,2.303,31721.88647819073
0.033723,0.01381,129356.21130130377
0.0013157,0.14606,15957.223187678448
2.3244,0.0078063,2420023.101895875
0.078573,0.00048863,951210.0035540474
11384.0,0.014588,241952.73094977252
2.0435,4.0631,264774.91396760737
0.00013709,2.0622e-05,144175.65530125855
0.0001381,0.014948,7838.74831151926
0.003058,0.44315,35697.94409798327
0.18097,1.083,5248.024892327629
0.00029271,5.0202e-08,28319.83282269011
0.0001493,0.0001259,701182.0906395798
1.599e-05,6.3343e-08,18219.49166669336
2.002e-05,0.0094475,2654.6259801714755
9.0803e-06,7.0572e-08,-321.6291819582831
8.6862e-05,0.00079979,4289.184673187421
5.8212e-05,0.00021389,8901.581190024954
0.00020565,6.3902e-05,70196.1513085322
0.00073084,2.4525e-06,48445.059756327624
0.00058819,9.9085e-05,20967.399245703222
0.00056407,5.3647e-05,18969.460999682266
0.0027248,0.0001009,3161.6879655019957
0.00062653,0.00033363,7859.542943876097
0.00088087,0.17512,1339.2040226001786
0.0025304,0.64842,1119.1950071911067
26.608,0.041596,2848.3247700881197
1.1138,0.0017411,1673.4341248585276
1.5546,0.0024302,1280.808699970982
1.6778e-05,2.3894e-08,80.7701274027783
6.1993,0.0096912,650.9031004339878
1.6561e-05,2.3779e-08,301.7931686470537
1.3778e-05,1.5757e-08,1548.4336540978015
4.2152e-06,5.3596e-09,3415.6268972192397
0.4846,0.00067743,178817.3404494971
0.60172,0.00067042,24358.865758801534
26.792,0.023954,207210.477260893
0.0092543,6.3891e-07,19309.571521400965
7.4233e-06,8.983e-07,17875.17257039873
1.5351,0.0026306,75625.25321291287
0.00031394,0.00014822,48391.59955378806
0.0012146,0.017443,93254.53199751316
4.654e-05,1.6463e-05,6528.583047598591
2.4511e-05,5.2974e-06,2707.6306681248184
2.8931e-07,1.2917e-06,47.95250557803718
1.2525e-06,1.2162e-06,360.54080109874087
0.34726,0.083834,27687.831290640435
3.6857e-05,4.9772e-06,6084053.686332401
2.0993e-05,4.8593e-06,2641911.2542710085
1.5384e-06,0.00023593,6045847.812199258
5.3439e-06,8.0256e-05,24791.13714958167
5.9147e-06,6.8562e-05,18372.13704147693
6.8046e-06,2.5915e-05,14643.19650156665
1.2194e-05,0.00031447,428680.4832268202
7.6093e-06,0.00042354,200210.81502498128
1.1135e-06,7.7651e-05,45869.06242278017
1.2906e-05,1.2203e-05,1951.291274504671
1.1977e-06,0.00010156,6915641.397289465
5.9905e-07,9.1275e-06,17157.56514592894
1.3229e-05,1.8692e-05,1780384.5778945023
2.0837e-06,8.0287e-06,23524.96330521518
1.764e-06,6.4548e-06,945595.6672859315
0.00028513,3.8499e-05,100021.88464036437
4.5212e-07,1.9561e-05,58968.155661418576
1.1134e-06,3.3437e-06,25390.72245559601
9.0791e-07,2.7825e-05,2816375.4411717574
1.4448e-06,7.2311e-06,6239993.612998257
1.3221e-06,5.6353e-07,14177387.634831745
5.6243e-07,3.8228e-06,381334.7329217732
5.9533e-07,0.00054854,1234073.086660263
15077.0,0.00030665,8979554.165927412
54544.0,0.0014441,7243006.140759417
90.044,0.00028676,8620317.372935412
12148.0,0.0005396,14163341.232979046
193380.0,0.00016733,7346940.472576976
172100.0,0.0001926,54433363.05329787
0.00092395,0.15763,7814143.720550336
1098.7,7.425e-05,4899476.314597469
9.018,0.00015103,9290125.64221336
608.01,0.00016702,10815025.510314053
82569.0,0.00013794,11237965.020419491
283600.0,0.001943,43958415.72920185
804.25,0.000199,2989800.1447924604
28501.0,2.4178e-06,5750011.756375809
327460.0,0.00065939,6640180.66924406
2021.3,0.00042065,11338107.862970795
0.00011402,8.0527e-06,3705262.102855257
334.66,0.0001352,4981500.7913971245
88330.0,0.00046854,11110069.633235961
607.15,0.00010941,10106938.721514603
43514.0,3.7076e-05,5440487.9433499295
72889.0,0.0001326,1444962.878164692
7913.2,1.5805e-05,1183860.3167203006
0.068834,2.7904e-05,15489604.78493253
3194.8,1.6301e-05,34682939.53596835
0.0034646,7.2054e-05,4953417.379815252
0.0022869,4.5169e-05,6984787.393008678
0.17294,8.5558e-05,206544.79732403974
2.1529,0.001074,2643847.7618278754
0.12804,6.3339e-05,1761833.0170954182
0.037569,1.7666e-05,212176.8624693975
0.020492,9.3764e-06,2242927.2958518495
0.31289,0.00015546,4774066.901437513
0.83866,0.00041777,174930.29080240984
0.26141,0.0001303,40297.694033352
0.82346,0.00041042,4848010.221796697
2.3834,4.6249e-06,522438.79815867305
54068.0,4.7595e-05,625096.5475147355
0.013691,5.6797e-06,267795.3163956816
2.7222,0.00048223,72414374.97344756
156160.0,0.034474,68751590.86278065
109.03,0.00011035,10936829.713456154
30605.0,0.017891,38044729.97451712
93615.0,0.0071751,71147274.02952226
60466.0,0.0012749,19593326.602391116
54417.0,0.0030381,17771902.9236965
128590.0,0.0091925,20496508.036605816
51830.0,0.0017917,24915605.39717471
175650.0,0.0036183,76980244.15839647
38319.0,0.0029444,5179721.084080022
38880.0,0.0041695,74566983.42825603
61249.0,0.0011322,13923064.447943764
47285.0,0.0065945,7863987.536091799
63170.0,0.006643,117585326.67170386
54395.0,0.0025523,75742860.32492982
12824.0,0.00066932,47498299.87023786
51152.0,0.0018526,36663108.58945653
0.010242,5.1533e-07,15858490.29178227
10792.0,0.0013434,23266083.899057776
5860.0,0.087359,32910795.163818352
19500.0,0.016646,27928502.437028404
0.00054702,5.0421e-05,62186602.01822069
11440.0,0.0019212,125388883.78741995
81.831,0.00029921,16142768.537177954
8888.6,0.00050873,14284849.456594124
0.004797,0.00052114,21427061.41666656
0.001278,0.0001021,26451142.75390387
0.0020603,0.00019206,27458272.788628377
322.69,0.045227,326352961.7667754
89967.0,0.10514,44989118.18473908
8743.6,0.0070876,33586822.11378362
3408.5,0.0073103,35102714.72480175
4.0529,1.0972e-05,5002543.7511685705
3053.6,1.6411e-05,12644934.428208154
10.93,8.0297e-06,4845393.499605738
0.38006,1.3386e-05,5206223.868582061
0.016905,0.0,4759337.981179394
0.0048795,0.0,1880139.1030739434
0.0046022,0.0,2389790.710614306
0.035024,0.0,7295841.101003825
0.0059184,0.0,2660855.9417828717
0.023629,0.0,1971346.002040112
0.011845,0.0,677339.4231745341
0.0075068,0.0,1405692.4634394425
156530.0,0.25623,94936805.74266373
10839.0,0.17855,273512297.2002751
7873.3,0.046656,542458990.1342766
45680.0,0.0,186164524.83371213
0.00057188,5.5725e-05,37617261.87933359
20931.0,2.127,355702530.51295376
4957.5,0.15198,78182436.27695899
66877.0,0.080733,178784180.87510607
22862.0,0.15122,217526039.20322844
47182.0,0.0067631,62120156.49145254
596.04,0.022801,12898172.22847001
4.4438e-05,2.7778e-05,28166701.344884593
0.0019112,1.1843e-05,27694723.199294947
0.001891,1.2177e-05,400405949.90339196
0.027201,0.00038676,1577628875.6200807
5821.2,6.5102,3184558376.6681633
11750.0,157.0,106041469.41636568
34884.0,62.856,120880122.81947227
3165.5,2.987,75722294.76834904
5697.9,5.6718,26965722.437343612
4335.6,6.5824,72223446.85651375
1742.2,12.258,40967159.61735619
268280.0,38.025,15828983.978733802
511.92,1.8758,1032607435.9560251
157.23,4.3939,676731755.4418085
63368.0,315.3,496514956.8745174
2517.1,63.472,616820268.9326066
4935800.0,477.34,1597304458.8322916
2584.2,26.305,4025289209.7538843
607050.0,15.307,717675341.1221799
147.97,2.6365,207718846.70117202
9.4344,0.062407,3407755129.0866704
22.705,0.064383,1608571404.1120138
0.28992,0.00085636,2969287387.734781
2.3004,0.52292,225521872.2026773
4.4308,3.8004e-05,527654156.8463335
7.1292e-06,5.7889e-05,34199.07725690705
4.6428e-06,0.015002,32271.507769397555
1.0439e-05,0.00027909,17908.36578190259
6.9592e-06,5.6449e-05,58100.309566438664
0.0015005,2.1793e-05,50918.39036422757
1.8351e-05,0.30172,1474756.2756696553
6.3095e-06,2.7644e-06,9258.068004529983
4.7934e-06,6.2526e-06,16559.403069217165
1.3231e-05,0.0001192,209628.99089567596
1.5091e-05,3.8595e-05,25964.430825421772
4.1823e-06,3.1245e-05,524250.88804646453
3.9495e-06,0.042882,328276.6758400271
9.5112e-06,1.272e-05,17123.131017267988
6.0896e-05,0.0025178,111017.4390956454
1.3508e-05,2.8381e-05,11453.975801033715
3.3905e-06,1.1616e-05,21111.753800832797
9.7998e-06,8.1488e-07,22708.550134616195
3.8253e-06,1.3315e-05,6274.526930085013
8.1157e-06,5.2581e-05,57090.612095707314
3.7061e-06,1.1149e-05,25535.482129835356
5.0692e-06,0.00013654,157137.3373554419
2.8976e-06,0.00015548,335238.4677385605
1.8663e-06,0.00037463,13862150.247089393
9.4991e-06,9.7736e-07,24614.922920375557
7.4253e-06,6.0348e-07,63031.64978801693
1.1472e-05,1.0761e-06,34163.50263799979
1.1479e-05,1.0191e-06,878873.8928247452
7.722e-06,7.4756e-08,-110.81497084922306
6.9006e-06,1.0352e-07,-95.31199784522082
9.365e-06,1.7186e-07,-2.296825569704245
6.6682e-06,9.7896e-08,242.92756566198338
8.0308e-06,1.0477e-07,80.98291997175923
5.8879e-06,7.4318e-08,-124.20606465374252
9.1257e-06,1.489e-07,-16.383085070488303
1.1272e-05,1.485e-07,137.42275746763005
8.5039e-06,6.5344e-08,200.01102139426897
5.8645e-06,5.8903e-08,722.855101905106
1.3869e-05,7.8682e-08,2101.9822700830973
2.1725e-05,8.9986e-08,550.9149804960484
0.0038584,1.086e-07,3055.938310849079
0.0016029,34.933,423608.0392460103
0.000129,0.13165,20989.893093186434
8.3895e-06,2.3957e-05,34792.524686176526
6.1526e-06,0.0024465,20981.842433798432
0.00012136,0.039645,155091.6758503633
2.9021e-05,2.5702e-05,103546.84057471964
0.00011881,9.642,1933658.844911644
10.892,0.061132,83272.95806699853
2.9436e-05,0.011396,60311.58173174067
1.5555e-05,0.019385,28440.59135824963
1.8222e-05,0.23224,143000.70483704386
1.0466e-05,9.0017e-06,100423.63717660718
3.581e-06,2.8227e-06,97623.54381701574
4.4746e-05,0.13303,2149327.319943656
1.313e-05,0.16976,828229.1707704732
1.9928e-05,4.0056e-06,150291.91061152067
1.6174e-05,0.00022133,2310438.0979503617
3.1228e-05,0.0005139,486072.6993605973
0.00013658,2.3696,27835.480338404133
0.00016851,0.0044935,-5180.448738765726
0.011993,0.017389,9735.920929739284
0.00054799,6.1333e-07,106965.56677880145
0.058814,4.3885,1123036.9883883772
4.6804e-05,3.8013e-07,33246.800202242324
3.2353e-05,4.6452e-07,103120.69247884437
6.3147e-05,9.4583e-07,15291.804134505535
3.8582e-05,4.4481e-07,22349.39070515085
0.1267,1.7057,15210.412024450798
0.00027626,0.0021683,81088.91995300578
3.1519e-05,6.8991e-07,19376.938757158303
0.00051925,0.0014174,17839.348080372187
0.00040049,0.0011251,63797.32614005792
0.00025284,5.7181e-08,1670.791870965515
0.0032293,0.92453,25139.045792916942
0.019589,6.7124,26456.786100359914
0.00062163,1.0498e-07,11626.287424330527
4.7433e-05,7.0849e-08,17314.39996329246
1.8292e-05,2.8085e-08,95185.68264231161
2.679e-05,3.8954e-08,6572.65792361926
4.3798e-05,6.2886e-08,5425.013794651426
2.9286e-05,4.2626e-08,14540.290208348624
2.0684e-05,3.2054e-08,4167.138558141623
1.5634e-05,2.3544e-08,7299.527159580938
1.1118e-05,1.6276e-08,374.88355888717825
0.0094858,0.042011,1077068.5776740578
0.0044396,0.0022017,1618775.2192666777
0.001801,0.0021616,12294022.09409203
0.00061419,2.7436e-06,222094.61180599677
1.3187e-05,6.5593e-06,119618.83444671732
0.0009616,0.00097645,892601.5569198119
0.024191,0.35278,1647331.3817864363
0.0016744,0.017668,171210.53730866578
8.2766e-05,2.2929e-05,77328.38316365538
0.0001066,3.1939e-05,15608.131206381515
2.591e-07,1.3197e-06,4424.677607138642
7.0072e-06,8.2772e-06,17328.490876969412
0.32318,0.080608,20887.652980566196
5.8635e-05,1.8491e-05,4248939.649693234
5.4868e-05,1.628e-05,6888677.584765207
1.2915e-06,0.0004604,6433168.740085807
1.5987e-05,0.00010574,68825.45353608386
2.8548e-05,0.00021436,185135.2807909859
2.196e-05,0.00011583,124033.30373327235
4.8939e-06,0.00017675,345668.89887565176
1.0828e-05,0.00025849,285184.2977967144
1.3179e-06,8.713e-05,803196.3399287994
5.4895e-05,6.1401e-05,35767.56822675001
8.8641e-07,0.00017433,1021586.8023865938
1.4723e-06,1.7401e-05,163941.7955206348
0.00013468,1.4715e-05,1353880.8475177318
4.0255e-06,1.344e-05,90265.47686508986
3.2002e-06,3.2464e-05,542011.0511921125
0.00016015,0.00014833,2283685.420525159
4.0396e-07,1.6021e-05,1743788.0264371566
1.241e-06,2.3676e-06,1218994.167951031
2.773e-06,0.0001051,4306816.619242932
1.9114e-06,1.1885e-05,9635383.253799684
1.7772e-06,6.678e-07,6187369.451936327
7.1419e-07,6.0988e-06,881336.2299434501
2.9966e-06,0.0036357,54233.165399831916
8.2764e-05,0.010002,8421.334321823622
1.7533e-06,8.9555e-05,2826.0706532602826
1.8654e-06,0.00092262,2983.3082962733274
1.5831,1.1494,25119.945102455018
2345.9,0.1214,509232.87794406957
0.0013299,1.2549e-05,1180243.4511497729
7.5682e-07,0.0018296,1044.7723334126536
1.3237,0.034997,17846.281699411502
2.1692e-05,0.29347,37560.02672617799
0.00014702,0.0016934,2219.248881016614
0.066083,0.0031895,27702.1746803602
1.0461,0.00073141,1274178.694195256
1.678e-05,0.23538,20212.64911146637
5.9271,0.00062862,18342.220753334328
0.77702,0.0044541,166536.88968638598
0.0085568,0.00079447,60181.119988371494
1.1178e-06,1.0789e-05,1706.6396923208615
5.1919e-06,0.42916,37856.690569639766
0.00026259,0.00019239,3080.540335988333
0.00033494,0.0032765,19013.47575928168
0.08053,0.0011733,13309.37634517114
0.11904,0.053131,51511.261479673994
0.10024,0.0025416,26670.756075854624
0.11818,2.1555,515044.2152246709
0.00079159,0.73362,2408815.441178354
0.011493,0.091977,205774.40247946652
6.2967e-06,4.8881e-06,15198.207125838664
0.0010358,0.0011012,70810.56950277646
3.4333e-06,4.2115e-08,7.808707396469958
0.81727,0.92414,250.13351711163705
7.1735e-06,3.7636e-08,116.76727877073475
0.00039654,0.00044013,142.90296326562515
1.1728e-06,4.8269e-09,236.54874560588192
6.6798e-06,4.2273e-08,85.9379531555956
0.011749,0.013263,420.9465792309446
0.087976,0.099456,1740.2199688943238
1.1214e-05,0.00085704,3090.9885055881714
9.6495e-05,4.1519e-05,3166.97738785552
1.3702e-05,7.6166e-06,190.97569590661217
1.2413,0.0053683,227347.59809011724
39.42,0.026394,1825327.2004821247
2.6473,0.043519,54839.63851666657
83.39,0.034766,298953.34682668315
0.043105,0.00055999,1500697.3376105914
218.66,0.11056,102450.31415488361
498.14,0.008767,107838.89270736558
114.45,0.020125,314566.4903958991
2.4608,0.010893,360332.39286300505
0.71633,0.00053391,1164250.8905947893
0.0020809,0.0001999,458750.44282967964
76.267,0.0015448,832333.0240828234
0.32889,0.0015223,82119.11369534042
0.0032889,0.0013902,387413.8483602736
0.23979,0.00018303,2218081.087928768
11.866,0.0027446,892678.1969228642
92.425,5.3267e-05,445036.4872117784
26.662,0.002097,4189963.051480768
0.00011936,3.3529e-06,450789.5842110257
1.3095e-05,8.6189e-05,4432.419254461706
0.0006533,6.814e-06,27731.048099104464
2.9156e-05,3.7458e-07,13755.66413313304
3.7122,0.49969,206926.03076442107
0.3431,0.0003285,1963191.5712909382
0.00061077,0.00016581,1433.3640209332566
0.0063254,0.0011162,4066.9340749073117
0.00019638,0.0012751,103663.83127762914
3.2034e-05,0.00015418,8530.056033600373
2.8739e-05,0.00023057,1934.15488402449
2.2514e-05,2.8889e-06,2468664.3613564926
0.0066188,4.6419e-06,12208.696664725616
0.00015142,5.3568e-06,6098.0749319495935
0.0010688,2.9149e-05,10518.967414643099
0.0014955,1.3314e-05,1135.7686213983345
0.042061,1.3801e-05,14017.759959523439
0.025681,2.4501e-05,1993.8477784593915
0.0004761,2.0099e-05,1018.9059663713616
0.3571,0.0005232,59491.886414728084
2.0128,0.0029491,28093.035640115813
0.056222,8.2361e-05,2622.400872503598
3.7415,0.0054819,30253.597135730008
0.01855,2.7173e-05,1972.8373820644326
44.94,0.065844,2360.555034868499
20.319,0.02977,1274.0664508005593
550.17,0.80607,30751.035645780314
1.3271,1.5593e-05,898927.2850569404
1.9609,7.2981e-06,953689.9035529466
7.4478,8.2364e-05,2104531.8511293167
0.37158,7.0707e-07,99513.87776232498
3.3125e-05,3.1492e-05,84818.13771276182
6.2334,1.5633e-06,777045.6387327977
0.012153,9.6609e-05,162061.73816719573
5.8148e-05,6.2239e-06,472886.80666096736
6.8488e-05,0.00034141,123565.95243092702
6.4209e-05,6.8549e-05,9237.653477307731
7.2832e-07,2.2064e-05,4999.35156170231
6.0049e-07,5.8848e-07,134984.84009697192
0.16382,8.9365e-07,290329.09463634563
3.7946e-05,1.1757e-05,7734149.448317244
3.7462e-05,1.1314e-05,3943594.519276395
7.0904e-07,9.6102e-05,14743501.335485036
2.2906e-05,0.0031525,16195.22556751734
0.0057076,1.0247,455684.33461364533
4.9924e-06,0.00028753,10586.532775479549
0.01397,0.2197,290313.1756372881
0.015538,1.1538,768960.7098180836
0.025966,0.21359,109033.00304313397
6.4827e-06,2.0475e-05,86814.93665110962
7.6977e-07,7.8367e-05,36541060.38045804
2.4515e-07,2.7496e-06,4632.484474545887
3.6801e-06,1.0822e-05,4057654.9585164823
9.3116e-07,7.3782e-06,14141.261537807199
1.5728e-06,1.4203e-05,1598749.4703111467
0.00019043,5.2426e-05,80680.44172699878
3.2546e-07,1.1994e-05,209657.93419461782
6.0186e-07,1.6586e-06,21932.25364131829
8.2062e-07,4.3667e-05,7618002.39023921
7.4091e-07,2.8601e-06,5906963.048364531
7.3258e-07,3.2979e-07,5979860.721669461
2.7007e-07,1.5424e-06,732777.3372340518
2.9617e-07,0.00022495,2243320.465105786
0.00026957,0.00042036,161629.7028155623
0.00063912,0.013805,516237.2569954881
0.00053574,2.6355e-07,384116.66374738107
0.10967,4.8306,331989.5778528125
0.37393,1.9438e-06,9400529.491391009
0.0017333,0.015069,6343279.955817375
0.00020838,5.7376e-07,157088.4552981555
0.00031839,3.3207e-07,234297.96317264801
0.00027329,2.2381e-07,211169.28253165027
0.0001383,3.0468e-07,181200.48106355683
0.00026743,1.373e-07,193981.96065958124
4419.8,0.00079401,5334962.8382412335
2015.0,0.0052685,2069353.8876627698
97164.0,0.00021645,6277364.437416146
0.09467,0.86983,268227.7951834467
0.00042246,6.0925e-07,420766.13152359513
0.00033243,1.3254e-06,224105.03295841804
0.0002659,8.6664e-07,1565414.52552425
0.0002735,1.3715e-06,917881.0593289846
0.033646,0.55942,731946.656935223
0.64084,2.4901,1562351.115152037
375.75,0.0022906,6934852.7888622
72.367,0.0017442,2073303.151902281
0.011786,0.0,4911832.387345684
0.0061931,0.0,108035.11685995114
0.0064907,0.0,398522.2562609582
0.017611,0.0,214511.17933080666
0.00093738,0.0,3942.493067692712
0.00078845,0.0,365.9550024250335
5.1731e-05,0.0,109.1696277025013
0.0001705,0.0,21.511441493325943
0.0010424,0.0,-136.1379546167359
0.00016519,0.0,18.834578787681654
0.00016257,0.0,22.868697457860105
0.00057527,0.0,2554.9205270975167
0.0001853,0.0,248.12540812186313
0.0019896,0.0,28993.984519976693
0.14656,0.0,126717.34783275238
3.382,0.0,372.40626603013885
0.0,0.0,-81.99940640851392
0.0048318,0.55517,1884977.4983415268
2.2676e-05,2.973e-08,446218.5668742694
0.0015462,0.21191,9341362.187039336
0.0002671,0.060277,3443468.6477236543
0.059859,0.88975,2379053.337218801
40902.0,0.04514,8370185.239019805
10760.0,0.014468,1458536.136771627
0.0026857,0.28983,178690.39318977753
0.02365,0.0013008,734531.155347133
0.030037,0.00018845,201414.73967939636
21.675,0.0028201,2294199.390953535
7.0092e-05,1.9372e-07,379363.297654506
0.00067951,0.0011216,130322.8662483849
0.41604,0.00011674,2700216.4221060486
29.544,0.00028557,2608806.10459132
6126.8,0.002538,2762892.4414207363
32629.0,0.91015,32034623.765334703
290.37,0.0018314,20583259.244584423
0.065347,0.0012836,663945.4401139566
4.8939,0.00020915,301284.9215780344
0.10006,0.001069,548460.9381326425
0.027864,0.0,73232.22789910357
0.0043074,0.0,1119648.2110506312
2.5996,0.10091,65126.93793561422
0.13496,0.0040658,506400.68760472076
0.014943,5.3389e-05,113126.37606134226
2.3996,0.010059,24898.722422907445
0.016001,4.2734e-05,35888.529536546885
0.010974,0.0026728,1219932.552706171
0.0085664,1.941e-07,984672.5821014587
71.289,7.5613e-07,1210111.4603392642
70.728,7.9379e-07,1371045.9131683768
0.8312,0.0,139018.89631933972
1.3953,0.0,590819.6578163615
0.79301,0.0,374834.81037645
0.34945,0.0,113674.38218286297
0.023295,0.0,13059.29615000039
0.0088075,0.0,16548.48786405717
0.020519,0.0,9682.334157059579
0.0095671,0.0,2597.84435054689
18.908,0.0,45391.89555127016
5e-07,0.0,18527.255182106426
2.6637,0.0,20580.74328318006
0.0016077,0.0,10148.172401308204
12.444,0.00092601,1836819.966762038
3.4805,6.592e-05,5647279.925956204
53.492,0.00044449,9081616.406928584
280.93,0.0,6427853.688452797
0.00011049,0.00036814,2953117.564299289
1.1039,0.00020177,24037981.535725
2.8403,0.0013588,6377548.340976607
55.068,0.0036002,14841779.221492128
416.28,0.0013929,531080.6543588132
155.4,0.014305,1072803.631216375
2.0185e-06,0.0,454988.09859844996
3.0745e-05,0.0,566740.9887158002
0.00041402,0.0,-5447.89037936798
4.9367,0.011109,18761507.967342023
4.0626,0.0086756,50734997.322102025
0.49685,0.0026963,25975338.44840525
3.6295,0.00060503,2082948.1612677432
5.4862,0.00052185,1461350.2490849353
4.8777,0.0013337,4180728.1886703623
0.0078096,0.00013834,1815108.1854968457
507.86,0.078671,2758427.2738594622
0.23258,1.6376,947247.1036114211
2.0189,0.084942,58912.23746283889
0.63441,0.0011772,16404528.005815884
0.011413,0.00042056,1309620.9441773696
19.411,0.48024,13795194.626639353
1.0892,0.011385,1712403.880695796
0.0081342,0.012472,9712510.232857144
0.90204,0.37944,24542291.49297527
0.00038426,0.18903,7341207.799079417
0.0058969,0.00064265,1437866.5501854746
0.0,0.0,14255785.566719973
2.4181e-06,0.0,19386570.730850797
0.00095038,0.0,11207010.113262916
59.457,56.212,6512908.557066845
3.7002,0.0,3957610.2593039717
2.5304e-06,2.1382e-06,19596.403190774356
1.0046e-06,9.3899e-07,7051.17509604903
9.3032e-07,2.7662e-06,71616.72712387604
2.509e-06,2.2923e-06,10775.517421146089
0.00068524,1.8236e-06,81462.99398489101
3.5897e-06,2.2042e-06,437551.19578781014
4.046e-07,1.8944e-07,579.510441524263
2.1898e-06,2.8481e-06,13211.314240678188
1.7478e-06,3.5953e-06,7140.957855528648
1.9072e-06,5.8055e-07,15045.124534092556
9.6355e-07,1.9311e-06,63090.4356697993
5.6523e-07,1.9816e-06,167950.7578476488
9.308e-07,3.5257e-06,36454.93288650359
3.6346e-06,0.0097818,121900.40731672238
2.7579e-06,4.3464e-08,306.2762261015404
1.6339e-06,2.4466e-06,5836.60378460283
7.5333e-07,3.0919e-07,1158.5384449752164
6.7155e-07,1.6638e-07,932.7792141704015
7.7901e-07,0.0047841,21663.514723025914
1.0657e-06,1.2312e-06,6211.649533013324
1.2997e-06,1.0081e-06,13578.22853510354
1.2915e-06,0.050984,70363.81030578127
1.6825e-06,1.2302e-05,22450.34781847027
5.2478e-07,1.3855e-07,51636.945822028436
1.4662e-06,1.6645e-07,5391.96633858795
0.00054291,0.0048354,12929.154172647653
1.6928e-06,3.2533e-07,4466.386022890826
3.563e-07,1.1067e-09,-101.20871872759618
3.8807e-07,1.8407e-09,-6372.716912327309
9.0133e-07,2.1935e-09,-5416.611392280961
4.1319e-07,1.3355e-09,-8880.022588563892
0.0,0.0,-27151.953000167854
1.8295e-07,7.9102e-10,-15149.110115251746
8.1484e-07,2.0141e-09,-5898.292005475239
1.8018e-06,5.017e-09,-2335.627664889145
1.6608e-07,8.3356e-10,-14431.733421130659
2.5149e-06,6.2098e-09,-1879.191546689968
7.3003e-07,1.5279e-09,-724.1075711893623
8.1546e-07,1.1103e-09,-10858.055206207362
0.0020382,1.1369e-08,-18929.79041665995
1.2972e-06,2.8562e-06,224702.9819392693
4.2804e-07,5.0396e-07,228771.75897357118
4.8029e-07,1.033e-07,1115.5853899043038
3.5206e-07,3.3022e-07,184708.27346806758
2.9689e-06,9.6477e-08,136818.46720515096
1.1658e-05,0.13032,6139.7074079505355
8.9685e-06,0.98041,467302.5477765662
3.6832e-06,0.00017684,31042.184197237057
6.4884e-06,0.010587,4412.5777505253745
1.8322e-05,0.034965,7449.970403288427
0.00016422,4.0423,101244.07799072617
1.3693e-05,1.931e-06,40624.55926411061
0.00073259,13.39,44830.03538130773
0.00013349,0.48679,309722.5255701875
1.0592e-05,0.10541,10311.389663456685
6.4985e-06,0.077649,168051.90764693936
2.8602e-06,3.9273e-05,379367.44871777546
5.6994e-06,0.00012966,79810.8105318213
5.4245e-06,0.0023298,4785.525260278239
4.8627e-05,0.0014059,7753.560587221033
8.5347e-06,1.2297e-07,3078.3053395930306
2.7004e-05,2.9488e-09,2128.491293622428
0.00011313,2.289e-08,694769.092674645
1.34e-05,5.6563e-08,3327.4750877304728
3.1899e-06,5.601e-08,1401.804685816422
4.7677e-06,1.6027e-08,924.2085549629007
2.6922e-06,1.4202e-07,297.6963428991739
7.3022e-05,0.00091213,380.9365987811675
4.3283e-06,5.0144e-05,911383.2636896576
1.2778e-05,1.1175e-05,25629.766287019196
7.5059e-05,0.00023547,2321.2971788896834
4.8981e-05,1.0286e-05,2528.55314904003
3.453e-05,2.6285e-09,945.3958491780236
2.8923e-05,0.00052221,10833.097400185789
4.1934e-05,4.0391e-06,296.4504086106569
7.8357e-05,0.00018362,5947.459758052739
0.078004,0.00012811,519.30054282241
2.2852e-06,3.3142e-09,9761.474689964294
2.1631e-06,3.1943e-09,4580.867293296711
8.1513e-07,7.4298e-10,481.72329184526143
2.0221e-06,2.8732e-09,4410.1421928349855
7.422e-07,7.8133e-10,97.38201276461274
1.8461e-06,2.6089e-09,606.2355813179144
1.5676e-06,2.1609e-09,8851.081971842084
8.3278e-05,0.00020062,82768.74186059885
0.016573,0.00029951,32503.554098681416
0.00017507,1.404e-05,19938.955653911064
0.1167,0.0066408,3599.4203562195694
3.3859e-06,2.0378e-07,14019.466757477116
0.24226,5.9669e-06,23489.73552604709
0.00010774,0.00044883,13923.553074649426
1.6104e-05,2.0494e-06,75114.04758170362
1.2431e-06,1.4028e-06,22213.571840322813
3.1382e-06,1.4843e-05,265756.440998415
1.2965e-08,3.9007e-08,376.05751742042395
7.0064e-07,1.5028e-07,137490.94382761588
0.00025619,6.7151e-05,-0.5847762504551379
1.7762e-05,7.3222e-07,422967.23367402185
1.5608e-05,7.4341e-07,606168.7835885438
5.2161e-07,1.372e-06,246181.41323553032
3.5735e-06,7.5987e-06,39281.8815435987
2.9229e-06,3.5698e-06,13810.814796085195
3.8456e-06,1.6251e-05,242077.37382000004
5.8913e-07,1.7006e-06,16310.40117402519
1.3394e-06,3.5675e-06,18586.159077240674
1.1129e-07,1.9304e-06,32710.13330464429
6.0766e-06,4.2436e-07,2272.9673447029545
4.1218e-07,5.7551e-06,429127.89835963584
4.2851e-07,1.6612e-06,41651.59443231639
1.2339e-05,1.4772e-06,172872.47810175843
1.4004e-06,1.1918e-06,27368.739432688915
1.1477e-06,2.3318e-07,68937.36186106555
1.757e-05,6.5213e-06,842960.5234005103
2.0093e-07,1.056e-06,8327.479859634028
3.0991e-07,1.1583e-07,79095.0483911127
3.0318e-06,2.7427e-06,612067.9731128945
3.5051e-07,2.9663e-07,511876.2992321684
2.6215e-07,1.7809e-07,579964.1005991708
1.0049e-07,1.1867e-07,30718.395593813973
2.0631e-07,8.5785e-05,74001.49423172606
0.0053904,0.29937,252518.73150909078
0.10597,4.7766,1805861.470903826
0.00032971,0.014072,187188.1399072682
0.029135,0.00041142,486000.0182552155
0.334,0.01164,402499.2868701052
0.12486,0.0024201,3611560.5280857477
8.4681e-05,2.3019e-07,298124.2652571885
79.394,0.036141,76905.2093153637
4.4899e-05,1.558e-08,54326.73875055395
7.2559e-05,8.7919e-05,140257.64609683873
391.2,0.00013827,1020093.3040070765
2109.3,0.0026752,1897293.939012049
0.32988,0.57415,32109.312929745618
803.29,0.00014843,492574.82052800595
2514.5,0.0024923,486834.2069761007
6.5299e-05,5.0506e-07,1085657.4785100648
0.0039534,0.20869,110194.86336206633
9.4259e-05,3.0442e-07,192114.93802012512
0.0060984,0.32008,359343.8598348612
0.46483,0.087616,55716.6026748735
0.20198,1.2724,186933.6733622136
0.017068,1.0177,431106.4840202898
5.3269e-05,3.5117e-05,244834.42590321068
4.6534e-06,0.0,48624.30213467277
2.5472e-06,0.0,47842.37761993431
3.0628e-05,0.0,105985.97123510994
0.0001219,0.0,19293.05524222421
0.00047184,0.0,89428.14688572916
0.00059046,0.0,38945.80364834746
2.6824,0.0,33145.07624905573
32.227,0.0,40355.35797243068
0.07856,0.0,108352.14961131247
0.00035004,0.0,32629.319514996972
0.00025652,0.0,17093.414701244084
0.00023724,0.0,97141.18705046028
38.651,0.0,36913.85095886185
0.56657,0.0,22205.71148353929
0.00041379,0.0,108930.45682746804
0.029753,0.0,22029.496363911734
0.0,0.0,2836.694672955244
0.35725,0.030449,4022905.4271528297
0.010191,2.2585,1188528.346146338
0.00060126,0.18271,1103615.1618978751
0.0048522,0.0073826,2669735.575136689
2.305,71.668,1543162.6798256072
18.729,0.00098471,207273.79274034154
373.95,0.74957,1137115.9744798003
6.8573,0.012656,170422.47037460032
133.77,0.00079264,744483.141654785
0.074864,0.0070793,541677.8277043254
477.2,0.016054,821864.944562922
0.14909,5.2019,286134.8812093568
0.012715,2.1027,1248959.0700630243
1.5987,0.0083375,3479252.6412227945
649.6,0.019771,5023308.332894113
225.18,2.8334,918919.7999053663
536.04,1.2293,1748579.1012667462
0.001676,0.00018722,2183246.0984010296
0.0016819,0.005983,304010.4240801362
804.08,0.0014477,945705.5016474306
714.87,0.043571,817823.2532681838
2.4929,0.0073124,3791334.534659899
0.010534,1.9012e-05,2560439.853414644
0.0028743,0.014582,303417.94516353076
0.0087237,0.017419,334487.8920956247
219.79,98.015,405582.9112295084
0.080629,0.035004,252948.4254054856
0.019517,0.0075332,313262.8177642926
0.008462,1.2626e-05,1629318.6536052725
0.17049,3.974e-05,885200.3365492974
0.26592,0.0015742,658761.2779707147
0.071908,0.00015381,537120.7268159485
139.49,0.00042357,113625.0507078226
256.73,4.9472e-05,235269.7265364994
138.08,0.43839,119940.7706157966
135.68,4.1905e-05,112461.06081587619
7.5742,0.00014552,153885.11204075025
7.6718,0.018616,14529.243870575676
10.688,1.8549e-05,17743.722305974065
16.487,0.0025503,22214.799765653344
5.0949,0.0070131,36319.967017624826
5.7374,1.6586,13723.320139071691
2.7191,0.024706,14305.72994628744
16.069,7.6605e-05,39136.686972561314
122.29,0.20483,1333158.1750825199
139.24,0.00048882,5317953.005059249
1696.9,0.0028995,12557447.29948714
713.43,5.7093e-05,1038513.3618498868
9.8606e-06,0.0,82954.74423747175
1.3035,0.00023656,1356587.6246693437
0.027259,0.012812,1542824.9319689109
0.014591,2.0886e-05,1452922.4445581264
0.0030009,4.4767e-05,3544916.644446163
0.0019251,2.7743e-05,2056933.8531880165
6.3955e-05,0.00056258,2613302.0152950604
0.00031329,2.4021e-07,1994662.6209050547
685.75,0.002173,1397766.1263966707
0.60998,0.0076137,9455826.158743748
0.63671,0.0069278,11848706.2379716
474.36,0.13601,23423643.924529504
0.0026092,2.5012e-05,1223313.255500619
0.0029324,1.5547e-05,582150.4639998889
0.0017959,5.1625e-05,3655934.7449277746
95.865,1.3283e-06,705958.6436591883
0.0018758,3.5892e-05,2651966.2125037233
560.11,0.56811,719920.266394939
7.1641,3.8671e-06,174816.25461384887
0.27248,0.0,8051394.637718057
5.0478,2.6546,1814507.624019118
0.010343,0.01021,10009295.43284031
1704.4,1.7086,1518691.5851698173
0.00013195,3.5504e-05,19401777.76655444
252.21,0.029376,26995044.123283945
0.11455,0.046342,9082337.4377338
31.428,0.18425,1576469.3694193638
0.7112,0.0031663,35302725.17076128
203.77,0.0,23797095.381881703
44.241,0.0,21656464.16221008
45.179,6.3469,4323843.911283844
21.832,0.0,27231718.840905614
5.235e-05,4.0406,28857.985256116433
0.00042414,36.14,554350.1669667287
8.0693e-06,1.9917e-05,32098.380986617747
0.46767,0.12468,289981.7080912242
0.0044476,5.7059e-05,98246.86707302442
0.01028,305.32,697330.7522225066
1.4318e-06,1.1147e-06,1926.4490253224924
9.4748,0.010823,176903.18658402812
2.0537e-05,1.7148e-05,84416.63163896264
4.2721e-06,9.3041e-06,12987.241409873892
1.2226e-05,1.0142e-06,20185.86208432791
3.3814e-05,2.964,36195.18616750593
0.0045894,564.8,69369.33022390428
0.001434,13.602,121272.60280146691
0.0011368,17.858,31473.164065896897
7.4417e-06,2.3082e-06,11881.676128870038
7.0857e-06,2.0814e-06,10890.137627019962
1.0987e-05,1.6881e-05,24341.935027994467
0.0012584,121.97,81191.28997129368
1.122e-05,0.22157,12848.097324994165
1.181e-05,1.6019e-05,17355.68539814265
1.8219e-05,2.5236,135471.67534606656
1.9308e-05,3.1669e-05,13553.164360603654
4.5279e-05,9.0787e-06,186774.31115908353
2.3564e-05,1.1227e-06,61107.63134871067
2.1315e-06,4.2284e-07,5840.196622429325
6.9452e-06,1.8734e-06,18338.76118831382
5.5468e-06,8.7793e-08,71.09499807746185
2.5638e-05,2.8153e-07,231.23839752899246
2.9289e-05,6.6815e-08,-108.45230500398044
7.348e-06,6.0592e-08,-33311.344961114286
1.0028e-05,1.8653e-07,-76.33196084345084
2.3855e-05,2.2462e-07,597.2903705206988
4.4491e-06,9.1062e-08,68043.41199005512
1.8702e-05,6.7263e-08,-105.14613270273078
4.7609e-06,8.7113e-08,2319.7682131686806
2.4109e-05,0.0071362,186.63488133665027
4.1285e-05,0.0043401,986.0154806446665
3.5036e-05,1.5006e-07,316.80555922692554
3.2078,0.015865,-2673.987776686779
4.5679e-05,0.53594,331012.75296265713
3.5877e-06,5.5995e-08,8617.730272282044
0.00010362,0.89451,63592.54544881445
0.00089196,10.706,209556.6234559767
0.018618,19.249,148760.39488753688
6.7714e-06,9.4203e-06,90753.03449374618
2.7041e-06,2.9081e-05,190921.24422905367
0.0014242,8.929,38462.785373017054
1.3321e-05,0.0052547,18742.989098396392
0.0048864,28.174,22499.474727518522
0.0006493,9.5279,284055.370703255
6.557e-05,1.6467e-05,113552.935085071
0.0017852,19.407,20167.54756913264
4.7072e-06,0.0005433,134404.31654039162
0.14357,0.0043791,525943.3251334516
2.078e-05,2.6247e-06,55818.13125748379
0.0001067,0.0027824,240854.63912143486
0.0066388,0.23344,133451.40514871388
0.00033893,4.0944,8190.152130710342
0.0024793,0.14989,11494.785777280505
0.0039927,0.008006,36964.92579343803
0.00032959,3.1244e-07,245660.3264589871
0.00012865,0.0035477,393193.4942413472
7.1091e-05,5.6154e-06,40965.22096124336
5.0328e-05,2.4922e-06,30921.013818003543
2.8744e-05,1.0512e-06,216798.07485122624
4.7408e-05,7.1932e-07,15250.584739068381
2.7331e-05,3.6374e-07,10095.880620795942
0.00039162,0.00030944,59015.65195733658
0.00088915,0.0013409,5796.277732037043
0.00078417,0.0043394,24582.484020275853
0.0008488,0.0010515,33188.63697565751
0.001732,5.9596e-07,5449.920825649941
0.0018581,0.10147,5435.227320881231
0.00042386,0.034968,197224.13098818072
0.0053992,0.75699,11024.474226367985
78.566,0.12999,8449.46349427531
1.0666e-05,1.4402e-08,35484.83345554686
0.26721,0.00044209,72200.81183712366
9.1489e-05,1.4136e-07,15194.973909019622
3.2816e-05,4.7334e-08,1909.5759006328658
2.4924e-05,3.8406e-08,662.9356353210335
2.6082e-05,3.8222e-08,1339.435271875861
3.1553e-05,4.7943e-08,6279.079277398868
0.0026458,0.014581,159210.4221837215
3.4334,8.5295e-05,524032.26516748866
44.396,0.0020899,763164.4547456376
0.00082889,7.3867e-07,29793.069429789004
1.351e-05,2.4425e-06,27271.537367387966
0.57543,0.00085663,108023.96649205398
0.025817,0.57855,597613.8472932576
0.017455,0.085394,76564.38763601302
4.3261e-05,2.3256e-05,28578.224328744203
5.5374e-05,3.1948e-05,13160.13126329339
7.6289e-07,4.0075e-05,35760.764568219354
1.7874e-06,1.4641e-06,61079.77143089645
0.03543,0.015519,27514.873858105875
3.0002e-05,1.1776e-05,2214875.4109124956
2.8444e-05,1.1685e-05,3014746.7019496043
7.3464e-07,3.4727e-05,237692.32475540997
2.6527e-06,0.00011508,107707.92389784148
2.4617e-06,4.4643e-05,6752.196773220025
5.9527e-06,0.00011772,36753.51743656846
1.3068e-06,2.423e-05,29830.076514596134
1.181e-06,3.7648e-05,17939.274654230623
3.1758e-07,2.2046e-05,26671.847017857057
8.9667e-06,8.2521e-06,979.643569947574
9.4183e-07,4.3137e-05,178724.67411604937
9.9352e-07,1.8612e-05,210269.56621830215
1.412e-05,1.6084e-05,476991.72199626453
1.2856e-06,1.0508e-05,185929.16701266938
1.7409e-06,1.0307e-05,203330.93842741143
4.3843e-05,0.00015178,4321174.744666457
4.0313e-07,2.738e-05,13622.787405586056
4.7966e-07,1.8578e-06,16116.583728102845
6.5261e-07,5.7145e-05,1745442.4384735378
9.7681e-07,4.9466e-06,1308525.9810060451
1.202e-06,4.35e-07,959269.9983220849
3.6592e-07,2.6379e-06,200688.24719724065
4.9551e-07,0.00047135,684680.8501966612
7.2928e-06,8.7204e-07,14101.40411423813
9.0148e-06,7.1743e-06,59782.89126742647
5.3919e-06,2.5565e-06,9179.418075412368
1.1918e-05,3.0409e-06,25213.313689868366
0.0011829,2.7221e-06,28512.031140300245
9.2966e-05,0.9237,519992.0141154654
2.5925e-06,1.7541e-06,3786.6847877797163
13.047,0.020823,55492.0071404515
1.3968e-05,8.3301e-06,26893.66440485643
5.5744e-06,1.0281e-06,9493.081820368252
6.37e-06,1.0106e-06,10181.706436183651
1.6246e-05,0.42926,73772.28428440182
0.00015141,26.35,16625.28359502962
0.00039377,4.2966,121839.20535736626
3.8951e-05,0.54517,8801.164463841686
1.3254e-05,2.2541e-06,71713.04938710805
5.0067e-06,1.7894e-05,13788.735804821752
3.5414e-06,3.803e-06,5620.190237017207
0.0045496,0.186,50608.451941720785
5.9796e-06,2.9805e-06,19509.550843884248
1.1285e-05,7.1616e-06,33005.23792752376
1.3591e-05,0.1735,29920.666659144983
8.5876e-06,0.00022998,30387.819913009233
1.1742e-05,3.1499e-06,511798.9608726043
1.7524e-06,2.3026e-07,4236.924262573466
0.0099418,0.087814,34136.84576158821
1.5429e-05,1.4786e-06,40452.75274416311
5.4215e-06,7.8161e-08,51.01749693700277
1.101e-06,1.088e-08,1854.9516361953952
1.0314e-05,4.1995e-08,11824.019948141191
2.0359e-05,5.9127e-08,5702.035361523147
5.9143e-06,1.6503e-08,-233.80199258263767
2.3734e-06,4.0354e-08,1544.727286849012
7.0861e-05,3.3564e-07,24015.76740695671
1.5338e-05,5.5603e-08,85724.28873332849
1.4094e-05,1.2062e-07,4002.0007684804004
0.00015699,0.10552,904.1572790790334
1.7677e-05,2.2643e-07,62679.521505135366
1.7213e-05,5.5903e-08,63.65933134047116
284.73,1.3758,7232.778227810151
2.7693e-06,2.4208e-06,873483.8029815023
3.783e-06,2.3765e-06,12040.559342751461
4.6305e-06,3.3866e-06,29435.772361241012
2.1604e-06,3.3641e-06,124731.17646058984
3.9959e-05,2.7246e-06,156268.99880733498
2.9963e-06,2.4391e-06,10891.20529716554
2.5616e-06,0.019268,20284.59494387934
4.0954e-06,0.0064976,7610.178145348386
4.0266e-06,1.2911e-06,9970.13557034725
0.00032416,0.56828,5568.80715434968
2.2189e-05,0.22,242591.4635870526
2.3813e-05,1.7453e-06,49123.82074535453
3.7011e-06,1.2402e-06,11313.279845375937
0.0099325,17.164,377796.9870301888
0.11454,0.29226,1124551.2035019812
18.394,0.016506,388268.32298027625
14.028,0.098228,207758.4883309481
0.00046006,0.0089095,77555.82920623128
0.00029152,2.2546,17271.68689716495
0.0005411,0.018074,8203.292975489216
0.0001885,0.00010556,2879.068237274668
0.00059256,1.7094e-07,64125.379510748884
0.0004953,2.0148e-08,58319.68293286716
2.9938e-05,2.6835e-07,7855.104256791073
0.00011991,1.3377e-06,29897.831027222834
1.2747e-05,1.1037e-07,3021.265340857773
0.23102,2.9596,4855.270038108106
4.3557e-05,6.4443e-05,8670.611343822948
0.0022514,0.00088458,80035.85887756626
5.6141e-05,5.4321e-06,77048.60533582559
0.0014614,0.011788,38077.559718557924
0.00058365,0.00023054,104253.89456667345
0.00020086,4.4688e-08,3461.3586345395056
0.011407,0.96321,3345.4606478964374
0.0023667,0.13485,4449.928776373847
0.00086091,0.14344,1964.7522162657306
16.464,0.026594,26310.004940532403
0.89577,0.001447,2187.1437230122046
101.93,0.16465,450.4111467610577
8.8361e-06,1.3298e-08,21830.69633404852
1.4004e-05,1.9931e-08,610.1185156391919
6.5329e-05,9.8916e-08,512.8176862947997
9.4738e-06,1.4435e-08,-1.2936224335663857
5.4676e-05,8.298e-08,2376.6321633712123
0.0066304,0.024169,193134.50843857968
0.0051826,7.4108e-05,228930.54793235744
0.044807,0.49775,120692.37555063784
0.00046279,8.8305e-06,9028.954653057219
2.1467e-06,7.0938e-07,5197.829963323195
0.10168,7.6034e-05,54510.03199469305
0.031137,0.23958,614281.8703578605
0.0001643,3.9274e-05,38616.949870885124
0.00010989,2.3682e-05,441563.50884758786
0.00015305,6.5777e-05,46826.83264957009
6.2451e-07,4.5579e-06,3179.0777582400247
1.8912e-06,1.3996e-06,57566.542069412186
0.019119,0.00043802,5388.781033846571
3.6612e-05,6.2739e-06,294442.2922358819
2.1536e-05,6.4356e-06,585020.8470019157
9.8009e-07,0.00019743,7338804.924021792
9.8e-06,2.5525e-05,55545.22174172708
9.8881e-06,1.799e-05,45070.68080181571
1.1072e-05,1.3572e-05,44221.79489277221
5.2455e-06,2.4413e-05,154624.95644884885
9.2808e-06,2.3853e-05,127300.62971033495
3.8395e-07,8.8103e-06,113087.07253474531
5.1587e-05,1.0975e-05,18335.785905046796
3.5876e-07,2.1873e-05,320582.4824309169
9.2986e-07,7.3584e-06,66415.3238386977
5.4378e-05,5.3082e-06,414926.1031876166
2.9626e-06,3.3629e-06,189153.14485077476
1.5976e-06,8.7849e-06,782232.6748150557
0.00041433,1.5377e-05,102965.45096241766
6.6498e-07,2.0646e-05,1343525.0100121605
8.9452e-07,1.3782e-06,36641.910056919995
1.0502e-06,3.6232e-05,1512223.3655961882
6.9139e-07,2.6039e-06,1895455.8941414927
7.3647e-07,3.3673e-07,2675284.0803840165
4.3978e-07,2.683e-06,390851.4918840034
4.6265e-07,0.00032623,901537.01486441
